Workbook

Sheet UrinOrg
A1: UrinOrg | B1: 2025
A2: Responsible: | B2: =HYPERLINK("mailto:Nele.Kirkerup@eawag.ch?subject=[Lab results]", "Nele.Kirkerup@eawag.ch")
A3: Samples: | B3: =HYPERLINK("Q:\Abteilungsprojekte\eng\EngData\AOS\Allgemein\LabSamples2025.xlsx#UrinOrg!A1","LabSamples2025.xlsx")
A5: Sample ID | C5: Site | G5: Sample | I5: SampleInfo | J5: Comment | K5: DOC | O5: TOC | S5: TIC | W5: Nsol | AA5: Ntot | AE5: Cl | AI5: NO2-N | AM5: Br | AQ5: NO3-N | AU5: PO4-P | AY5: SO4 | BC5: Na | BG5: NH4-N | BK5: K | BO5: Ca | BS5: Mg | BW5: Ptot | CA5: Urea | CE5: CODsol | CI5: CODtot | CM5: Alkalinity | CQ5: Conductivity | CU5: pH | CY5: Dissolved Oxygen | DC5: Turbidity | DG5: TSS | DK5: VSS | DO5: Lactic Acid | DS5: Formic Acid | DW5: Acetic Acid | EA5: Propionic Acid | EE5: Isobutyric Acid | EI5: Butyric Acid | EM5: Isovaleric Acid | EQ5: Valeric Acid | EU5: Micropollutants | EZ5: ConcatID | FA5: ConcatID_X | FC5: MatchX
A6: Project ID | B6: Number | C6: Room | D6: Area | E6: Setup | F6: Component | G6: Date | H6: Time | K6: Final value | L6: Method | M6: Filtration | N6: Dilution | O6: Final value | P6: Method | Q6: Filtration | R6: Dilution | S6: Final value | T6: Method | U6: Filtration | V6: Dilution | W6: Final value | X6: Method | Y6: Filtration | Z6: Dilution | AA6: Final value | AB6: Method | AC6: Filtration | AD6: Dilution | AE6: Final value | AF6: Method | AG6: Filtration | AH6: Dilution | AI6: Final value | AJ6: Method | AK6: Filtration | AL6: Dilution | AM6: Final value | AN6: Method | AO6: Filtration | AP6: Dilution | AQ6: Final value | AR6: Method | AS6: Filtration | AT6: Dilution | AU6: Final value | AV6: Method | AW6: Filtration | AX6: Dilution | AY6: Final value | AZ6: Method | BA6: Filtration | BB6: Dilution | BC6: Final value | BD6: Method | BE6: Filtration | BF6: Dilution | BG6: Final value | BH6: Method | BI6: Filtration | BJ6: Dilution | BK6: Final value | BL6: Method | BM6: Filtration | BN6: Dilution | BO6: Final value | BP6: Method | BQ6: Filtration | BR6: Dilution | BS6: Final value | BT6: Method | BU6: Filtration | BV6: Dilution | BW6: Final value | BX6: Method | BY6: Filtration | BZ6: Dilution | CA6: Final value | CB6: Method | CC6: Filtration | CD6: Dilution | CE6: Final value | CF6: Method | CG6: Filtration | CH6: Dilution | CI6: Final value | CJ6: Method | CK6: Filtration | CL6: Dilution | CM6: Final value | CN6: Method | CO6: Filtration | CP6: Dilution | CQ6: Final value | CR6: Method | CS6: Filtration | CT6: Dilution | CU6: Final value | CV6: Method | CW6: Filtration | CX6: Dilution | CY6: Final value | CZ6: Method | DA6: Filtration | DB6: Dilution | DC6: Final value | DD6: Method | DE6: Filtration | DF6: Dilution | DG6: Final value | DH6: Method | DI6: Filtration | DJ6: Dilution | DK6: Final value | DL6: Method | DM6: Filtration | DN6: Dilution | DO6: Final value | DP6: Method | DQ6: Filtration | DR6: Dilution | DS6: Final value | DT6: Method | DU6: Filtration | DV6: Dilution | DW6: Final value | DX6: Method | DY6: Filtration | DZ6: Dilution | EA6: Final value | EB6: Method | EC6: Filtration | ED6: Dilution | EE6: Final value | EF6: Method | EG6: Filtration | EH6: Dilution | EI6: Final value | EJ6: Method | EK6: Filtration | EL6: Dilution | EM6: Final value | EN6: Method | EO6: Filtration | EP6: Dilution | EQ6: Final value | ER6: Method | ES6: Filtration | ET6: Dilution | EU6: Final value | EV6: Method | EW6: Filtration | EX6: Dilution
A7: [##] | B7: [yysss] | G7: [dd.mm.yyyy] | H7: [HH:MM:SS] | K7: mg/L | O7: mg/L | S7: mg/L | W7: mg/L | AA7: mg/L | AE7: mg/L | AI7: mg/L | AM7: mg/L | AQ7: mg/L | AU7: mg/L | AY7: mg/L | BC7: mg/L | BG7: mg/L | BK7: mg/L | BO7: mg/L | BS7: mg/L | BW7: mg/L | CA7: mgN/L | CE7: mg/L | CI7: mg/L | CM7: mmol/L | CQ7: microS/cm | CU7: 1 | CY7: mg/L | DC7: NTU | DG7: mg/L | DK7: mg/L | DO7: mg/L | DS7: mg/L | DW7: mg/L | EA7: mg/L | EE7: mg/L | EI7: mg/L | EM7: mg/L | EQ7: mg/L | EU7: ng/L
A8: Text | B8: Text | C8: Dropdown | D8: Dropdown | E8: Dropdown | F8: Dropdown | G8: Text | H8: Text | K8: Text | L8: Dropdown | M8: Dropdown | N8: Text | O8: Text | P8: Dropdown | Q8: Dropdown | R8: Text | S8: Text | T8: Dropdown | U8: Dropdown | V8: Text | W8: Text | X8: Dropdown | Y8: Dropdown | Z8: Text | AA8: Text | AB8: Dropdown | AC8: Dropdown | AD8: Text | AE8: Text | AF8: Dropdown | AG8: Dropdown | AH8: Text | AI8: Text | AJ8: Dropdown | AK8: Dropdown | AL8: Text | AM8: Text | AN8: Dropdown | AO8: Dropdown | AP8: Text | AQ8: Text | AR8: Dropdown | AS8: Dropdown | AT8: Text | AU8: Text | AV8: Dropdown | AW8: Dropdown | AX8: Text | AY8: Text | AZ8: Dropdown | BA8: Dropdown | BB8: Text | BC8: Text | BD8: Dropdown | BE8: Dropdown | BF8: Text | BG8: Text | BH8: Dropdown | BI8: Dropdown | BJ8: Text | BK8: Text | BL8: Dropdown | BM8: Dropdown | BN8: Text | BO8: Text | BP8: Dropdown | BQ8: Dropdown | BR8: Text | BS8: Text | BT8: Dropdown | BU8: Dropdown | BV8: Text | BW8: Text | BX8: Dropdown | BY8: Dropdown | BZ8: Text | CA8: Text | CB8: Dropdown | CC8: Dropdown | CD8: Text | CE8: Text | CF8: Dropdown | CG8: Dropdown | CH8: Text | CI8: Text | CJ8: Dropdown | CK8: Dropdown | CL8: Text | CM8: Text | CN8: Dropdown | CO8: Dropdown | CP8: Text | CQ8: Text | CR8: Dropdown | CS8: Dropdown | CT8: Text | CU8: Text | CV8: Dropdown | CW8: Dropdown | CX8: Text | CY8: Text | CZ8: Dropdown | DA8: Dropdown | DB8: Text | DC8: Text | DD8: Dropdown | DE8: Dropdown | DF8: Text | DG8: Text | DH8: Dropdown | DI8: Dropdown | DJ8: Text | DK8: Text | DL8: Dropdown | DM8: Dropdown | DN8: Text | DO8: Text | DP8: Dropdown | DQ8: Dropdown | DR8: Text | DS8: Text | DT8: Dropdown | DU8: Dropdown | DV8: Text | DW8: Text | DX8: Dropdown | DY8: Dropdown | DZ8: Text | EA8: Text | EB8: Dropdown | EC8: Dropdown | ED8: Text | EE8: Text | EF8: Dropdown | EG8: Dropdown | EH8: Text | EI8: Text | EJ8: Dropdown | EK8: Dropdown | EL8: Text | EM8: Text | EN8: Dropdown | EO8: Dropdown | EP8: Text | EQ8: Text | ER8: Dropdown | ES8: Dropdown | ET8: Text | EU8: Text | EV8: Dropdown | EW8: Dropdown | EX8: Text
A9: UO | B9: 25001 | C9: =IF(ISNUMBER(FC9),INDIRECT("SamplesX!C"&FC9),IF(ISNUMBER(FD9),INDIRECT("SamplesY!C"&FD9),"")) | D9: =IF(ISNUMBER(FC9),INDIRECT("SamplesX!D"&FC9),IF(ISNUMBER(FD9),INDIRECT("SamplesY!D"&FD9),"")) | E9: =IF(ISNUMBER(FC9),INDIRECT("SamplesX!E"&FC9),IF(ISNUMBER(FD9),INDIRECT("SamplesY!E"&FD9),"")) | F9: =IF(ISNUMBER(FC9),INDIRECT("SamplesX!F"&FC9),IF(ISNUMBER(FD9),INDIRECT("SamplesY!F"&FD9),"")) | G9: =IF(ISNUMBER(FC9),INDIRECT("SamplesX!G"&FC9),IF(ISNUMBER(FD9),INDIRECT("SamplesY!G"&FD9),"")) | H9: =IF(ISNUMBER(FC9),INDIRECT("SamplesX!H"&FC9),IF(ISNUMBER(FD9),INDIRECT("SamplesY!H"&FD9),"")) | J9: DOC AUA-Labor | K9: 1492 | L9: Shimadzu TOC-L | M9: None | P9: Shimadzu TOC-L | Q9: None | T9: Shimadzu TOC-L | U9: None | Y9: None | AC9: None | AF9: IC Anionen | AG9: None | AK9: None | AN9: IC Anionen | AO9: None | AS9: None | AW9: None | AZ9: IC Anionen | BA9: None | BD9: IC Kationen | BE9: None | BI9: None | BL9: IC Kationen | BM9: None | BP9: IC Kationen | BQ9: None | BT9: IC Kationen | BU9: None | BY9: None | CC9: None | CG9: None | CK9: None | CN9: SOP 45-34 | CO9: None | CS9: None | CW9: None | CZ9: WTW Multimeter 3430 with FDO 925 | DA9: None | DE9: None | DH9: SOP 45-09 | DI9: None | DL9: SOP 45-09 (SOP muss noch angepasst werden für VSS) | DM9: None | DP9: IC Organic Acids | DQ9: None | DT9: IC Organic Acids | DU9: None | DX9: IC Organic Acids | DY9: None | EB9: IC Organic Acids | EC9: None | EF9: IC Organic Acids | EG9: None | EJ9: IC Organic Acids | EK9: None | EN9: IC Organic Acids | EO9: None | ER9: IC Organic Acids | ES9: None | EV9: LC-MS | EW9: None | EZ9: =CONCATENATE(A9,B9) | FA9: =CONCATENATE(SamplesX!A9,SamplesX!B9) | FC9: =MATCH(EZ9,FA1:FA1008,0)
A10: UO | B10: 25002 | C10: =IF(ISNUMBER(FC10),INDIRECT("SamplesX!C"&FC10),IF(ISNUMBER(FD10),INDIRECT("SamplesY!C"&FD10),"")) | D10: =IF(ISNUMBER(FC10),INDIRECT("SamplesX!D"&FC10),IF(ISNUMBER(FD10),INDIRECT("SamplesY!D"&FD10),"")) | E10: =IF(ISNUMBER(FC10),INDIRECT("SamplesX!E"&FC10),IF(ISNUMBER(FD10),INDIRECT("SamplesY!E"&FD10),"")) | F10: =IF(ISNUMBER(FC10),INDIRECT("SamplesX!F"&FC10),IF(ISNUMBER(FD10),INDIRECT("SamplesY!F"&FD10),"")) | G10: =IF(ISNUMBER(FC10),INDIRECT("SamplesX!G"&FC10),IF(ISNUMBER(FD10),INDIRECT("SamplesY!G"&FD10),"")) | H10: =IF(ISNUMBER(FC10),INDIRECT("SamplesX!H"&FC10),IF(ISNUMBER(FD10),INDIRECT("SamplesY!H"&FD10),"")) | J10: DOC AUA-Labor | K10: 955 | L10: Shimadzu TOC-L | M10: None | P10: Shimadzu TOC-L | Q10: None | T10: Shimadzu TOC-L | U10: None | Y10: None | AC10: None | AF10: IC Anionen | AG10: None | AK10: None | AN10: IC Anionen | AO10: None | AS10: None | AW10: None | AZ10: IC Anionen | BA10: None | BD10: IC Kationen | BE10: None | BI10: None | BL10: IC Kationen | BM10: None | BP10: IC Kationen | BQ10: None | BT10: IC Kationen | BU10: None | BY10: None | CC10: None | CG10: None | CK10: None | CN10: SOP 45-34 | CO10: None | CS10: None | CW10: None | CZ10: WTW Multimeter 3430 with FDO 925 | DA10: None | DE10: None | DH10: SOP 45-09 | DI10: None | DL10: SOP 45-09 (SOP muss noch angepasst werden für VSS) | DM10: None | DP10: IC Organic Acids | DQ10: None | DT10: IC Organic Acids | DU10: None | DX10: IC Organic Acids | DY10: None | EB10: IC Organic Acids | EC10: None | EF10: IC Organic Acids | EG10: None | EJ10: IC Organic Acids | EK10: None | EN10: IC Organic Acids | EO10: None | ER10: IC Organic Acids | ES10: None | EV10: LC-MS | EW10: None | EZ10: =CONCATENATE(A10,B10) | FA10: =CONCATENATE(SamplesX!A10,SamplesX!B10) | FC10: =MATCH(EZ10,FA1:FA1008,0)
A11: UO | B11: 25003 | C11: =IF(ISNUMBER(FC11),INDIRECT("SamplesX!C"&FC11),IF(ISNUMBER(FD11),INDIRECT("SamplesY!C"&FD11),"")) | D11: =IF(ISNUMBER(FC11),INDIRECT("SamplesX!D"&FC11),IF(ISNUMBER(FD11),INDIRECT("SamplesY!D"&FD11),"")) | E11: =IF(ISNUMBER(FC11),INDIRECT("SamplesX!E"&FC11),IF(ISNUMBER(FD11),INDIRECT("SamplesY!E"&FD11),"")) | F11: =IF(ISNUMBER(FC11),INDIRECT("SamplesX!F"&FC11),IF(ISNUMBER(FD11),INDIRECT("SamplesY!F"&FD11),"")) | G11: =IF(ISNUMBER(FC11),INDIRECT("SamplesX!G"&FC11),IF(ISNUMBER(FD11),INDIRECT("SamplesY!G"&FD11),"")) | H11: =IF(ISNUMBER(FC11),INDIRECT("SamplesX!H"&FC11),IF(ISNUMBER(FD11),INDIRECT("SamplesY!H"&FD11),"")) | J11: DOC AUA-Labor | K11: 821 | L11: Shimadzu TOC-L | M11: None | P11: Shimadzu TOC-L | Q11: None | T11: Shimadzu TOC-L | U11: None | Y11: None | AC11: None | AF11: IC Anionen | AG11: None | AK11: None | AN11: IC Anionen | AO11: None | AS11: None | AW11: None | AZ11: IC Anionen | BA11: None | BD11: IC Kationen | BE11: None | BI11: None | BL11: IC Kationen | BM11: None | BP11: IC Kationen | BQ11: None | BT11: IC Kationen | BU11: None | BY11: None | CC11: None | CG11: None | CK11: None | CN11: SOP 45-34 | CO11: None | CS11: None | CW11: None | CZ11: WTW Multimeter 3430 with FDO 925 | DA11: None | DE11: None | DH11: SOP 45-09 | DI11: None | DL11: SOP 45-09 (SOP muss noch angepasst werden für VSS) | DM11: None | DP11: IC Organic Acids | DQ11: None | DT11: IC Organic Acids | DU11: None | DX11: IC Organic Acids | DY11: None | EB11: IC Organic Acids | EC11: None | EF11: IC Organic Acids | EG11: None | EJ11: IC Organic Acids | EK11: None | EN11: IC Organic Acids | EO11: None | ER11: IC Organic Acids | ES11: None | EV11: LC-MS | EW11: None | EZ11: =CONCATENATE(A11,B11) | FA11: =CONCATENATE(SamplesX!A11,SamplesX!B11) | FC11: =MATCH(EZ11,FA1:FA1008,0)
A12: UO | B12: 25004 | C12: =IF(ISNUMBER(FC12),INDIRECT("SamplesX!C"&FC12),IF(ISNUMBER(FD12),INDIRECT("SamplesY!C"&FD12),"")) | D12: =IF(ISNUMBER(FC12),INDIRECT("SamplesX!D"&FC12),IF(ISNUMBER(FD12),INDIRECT("SamplesY!D"&FD12),"")) | E12: =IF(ISNUMBER(FC12),INDIRECT("SamplesX!E"&FC12),IF(ISNUMBER(FD12),INDIRECT("SamplesY!E"&FD12),"")) | F12: =IF(ISNUMBER(FC12),INDIRECT("SamplesX!F"&FC12),IF(ISNUMBER(FD12),INDIRECT("SamplesY!F"&FD12),"")) | G12: =IF(ISNUMBER(FC12),INDIRECT("SamplesX!G"&FC12),IF(ISNUMBER(FD12),INDIRECT("SamplesY!G"&FD12),"")) | H12: =IF(ISNUMBER(FC12),INDIRECT("SamplesX!H"&FC12),IF(ISNUMBER(FD12),INDIRECT("SamplesY!H"&FD12),"")) | J12: DOC AUA-Labor | K12: 397 | L12: Shimadzu TOC-L | M12: None | P12: Shimadzu TOC-L | Q12: None | T12: Shimadzu TOC-L | U12: None | Y12: None | AC12: None | AF12: IC Anionen | AG12: None | AK12: None | AN12: IC Anionen | AO12: None | AS12: None | AW12: None | AZ12: IC Anionen | BA12: None | BD12: IC Kationen | BE12: None | BI12: None | BL12: IC Kationen | BM12: None | BP12: IC Kationen | BQ12: None | BT12: IC Kationen | BU12: None | BY12: None | CC12: None | CG12: None | CK12: None | CN12: SOP 45-34 | CO12: None | CS12: None | CW12: None | CZ12: WTW Multimeter 3430 with FDO 925 | DA12: None | DE12: None | DH12: SOP 45-09 | DI12: None | DL12: SOP 45-09 (SOP muss noch angepasst werden für VSS) | DM12: None | DP12: IC Organic Acids | DQ12: None | DT12: IC Organic Acids | DU12: None | DX12: IC Organic Acids | DY12: None | EB12: IC Organic Acids | EC12: None | EF12: IC Organic Acids | EG12: None | EJ12: IC Organic Acids | EK12: None | EN12: IC Organic Acids | EO12: None | ER12: IC Organic Acids | ES12: None | EV12: LC-MS | EW12: None | EZ12: =CONCATENATE(A12,B12) | FA12: =CONCATENATE(SamplesX!A12,SamplesX!B12) | FC12: =MATCH(EZ12,FA1:FA1008,0)
A13: UO | B13: 25005 | C13: =IF(ISNUMBER(FC13),INDIRECT("SamplesX!C"&FC13),IF(ISNUMBER(FD13),INDIRECT("SamplesY!C"&FD13),"")) | D13: =IF(ISNUMBER(FC13),INDIRECT("SamplesX!D"&FC13),IF(ISNUMBER(FD13),INDIRECT("SamplesY!D"&FD13),"")) | E13: =IF(ISNUMBER(FC13),INDIRECT("SamplesX!E"&FC13),IF(ISNUMBER(FD13),INDIRECT("SamplesY!E"&FD13),"")) | F13: =IF(ISNUMBER(FC13),INDIRECT("SamplesX!F"&FC13),IF(ISNUMBER(FD13),INDIRECT("SamplesY!F"&FD13),"")) | G13: =IF(ISNUMBER(FC13),INDIRECT("SamplesX!G"&FC13),IF(ISNUMBER(FD13),INDIRECT("SamplesY!G"&FD13),"")) | H13: =IF(ISNUMBER(FC13),INDIRECT("SamplesX!H"&FC13),IF(ISNUMBER(FD13),INDIRECT("SamplesY!H"&FD13),"")) | J13: DOC AUA-Labor | K13: 1729 | L13: Shimadzu TOC-L | M13: None | P13: Shimadzu TOC-L | Q13: None | T13: Shimadzu TOC-L | U13: None | W13: 14380 | X13: Shimadzu TOC-L | Y13: None | AC13: None | AE13: 7258 | AF13: IC Anionen | AG13: None | AK13: None | AN13: IC Anionen | AO13: None | AS13: None | AU13: 459 | AV13: IC Anionen | AW13: None | AY13: 475 | AZ13: IC Anionen | BA13: None | BC13: 3912 | BD13: IC Kationen | BE13: None | BG13: 10360 | BH13: IC Kationen | BI13: None | BK13: 3703 | BL13: IC Kationen | BM13: None | BP13: IC Kationen | BQ13: None | BT13: IC Kationen | BU13: None | BY13: None | CC13: None | CG13: None | CK13: None | CN13: SOP 45-34 | CO13: None | CS13: None | CW13: None | CZ13: WTW Multimeter 3430 with FDO 925 | DA13: None | DE13: None | DH13: SOP 45-09 | DI13: None | DL13: SOP 45-09 (SOP muss noch angepasst werden für VSS) | DM13: None | DP13: IC Organic Acids | DQ13: None | DT13: IC Organic Acids | DU13: None | DX13: IC Organic Acids | DY13: None | EB13: IC Organic Acids | EC13: None | EF13: IC Organic Acids | EG13: None | EJ13: IC Organic Acids | EK13: None | EN13: IC Organic Acids | EO13: None | ER13: IC Organic Acids | ES13: None | EV13: LC-MS | EW13: None | EZ13: =CONCATENATE(A13,B13) | FA13: =CONCATENATE(SamplesX!A13,SamplesX!B13) | FC13: =MATCH(EZ13,FA1:FA1008,0)
A14: UO | B14: 25006 | C14: =IF(ISNUMBER(FC14),INDIRECT("SamplesX!C"&FC14),IF(ISNUMBER(FD14),INDIRECT("SamplesY!C"&FD14),"")) | D14: =IF(ISNUMBER(FC14),INDIRECT("SamplesX!D"&FC14),IF(ISNUMBER(FD14),INDIRECT("SamplesY!D"&FD14),"")) | E14: =IF(ISNUMBER(FC14),INDIRECT("SamplesX!E"&FC14),IF(ISNUMBER(FD14),INDIRECT("SamplesY!E"&FD14),"")) | F14: =IF(ISNUMBER(FC14),INDIRECT("SamplesX!F"&FC14),IF(ISNUMBER(FD14),INDIRECT("SamplesY!F"&FD14),"")) | G14: =IF(ISNUMBER(FC14),INDIRECT("SamplesX!G"&FC14),IF(ISNUMBER(FD14),INDIRECT("SamplesY!G"&FD14),"")) | H14: =IF(ISNUMBER(FC14),INDIRECT("SamplesX!H"&FC14),IF(ISNUMBER(FD14),INDIRECT("SamplesY!H"&FD14),"")) | K14: 2668 | L14: Shimadzu TOC-L | M14: None | P14: Shimadzu TOC-L | Q14: None | T14: Shimadzu TOC-L | U14: None | Y14: None | AC14: None | AF14: IC Anionen | AG14: None | AK14: None | AN14: IC Anionen | AO14: None | AS14: None | AV14: IC Anionen | AW14: None | AZ14: IC Anionen | BA14: None | BD14: IC Kationen | BE14: None | BI14: None | BL14: IC Kationen | BM14: None | BP14: IC Kationen | BQ14: None | BT14: IC Kationen | BU14: None | BY14: None | CC14: None | CG14: None | CK14: None | CN14: SOP 45-34 | CO14: None | CS14: None | CW14: None | CZ14: WTW Multimeter 3430 with FDO 925 | DA14: None | DE14: None | DH14: SOP 45-09 | DI14: None | DL14: SOP 45-09 (SOP muss noch angepasst werden für VSS) | DM14: None | DP14: IC Organic Acids | DQ14: None | DT14: IC Organic Acids | DU14: None | DX14: IC Organic Acids | DY14: None | EB14: IC Organic Acids | EC14: None | EF14: IC Organic Acids | EG14: None | EJ14: IC Organic Acids | EK14: None | EN14: IC Organic Acids | EO14: None | ER14: IC Organic Acids | ES14: None | EV14: LC-MS | EW14: None | EZ14: =CONCATENATE(A14,B14) | FA14: =CONCATENATE(SamplesX!A14,SamplesX!B14) | FC14: =MATCH(EZ14,FA1:FA1008,0)
A15: UO | B15: 25007 | C15: =IF(ISNUMBER(FC15),INDIRECT("SamplesX!C"&FC15),IF(ISNUMBER(FD15),INDIRECT("SamplesY!C"&FD15),"")) | D15: =IF(ISNUMBER(FC15),INDIRECT("SamplesX!D"&FC15),IF(ISNUMBER(FD15),INDIRECT("SamplesY!D"&FD15),"")) | E15: =IF(ISNUMBER(FC15),INDIRECT("SamplesX!E"&FC15),IF(ISNUMBER(FD15),INDIRECT("SamplesY!E"&FD15),"")) | F15: =IF(ISNUMBER(FC15),INDIRECT("SamplesX!F"&FC15),IF(ISNUMBER(FD15),INDIRECT("SamplesY!F"&FD15),"")) | G15: =IF(ISNUMBER(FC15),INDIRECT("SamplesX!G"&FC15),IF(ISNUMBER(FD15),INDIRECT("SamplesY!G"&FD15),"")) | H15: =IF(ISNUMBER(FC15),INDIRECT("SamplesX!H"&FC15),IF(ISNUMBER(FD15),INDIRECT("SamplesY!H"&FD15),"")) | K15: 2469 | L15: Shimadzu TOC-L | M15: None | P15: Shimadzu TOC-L | Q15: None | T15: Shimadzu TOC-L | U15: None | Y15: None | AC15: None | AF15: IC Anionen | AG15: None | AK15: None | AN15: IC Anionen | AO15: None | AS15: None | AV15: IC Anionen | AW15: None | AZ15: IC Anionen | BA15: None | BD15: IC Kationen | BE15: None | BI15: None | BL15: IC Kationen | BM15: None | BP15: IC Kationen | BQ15: None | BT15: IC Kationen | BU15: None | BY15: None | CC15: None | CG15: None | CK15: None | CN15: SOP 45-34 | CO15: None | CS15: None | CW15: None | CZ15: WTW Multimeter 3430 with FDO 925 | DA15: None | DE15: None | DH15: SOP 45-09 | DI15: None | DL15: SOP 45-09 (SOP muss noch angepasst werden für VSS) | DM15: None | DP15: IC Organic Acids | DQ15: None | DT15: IC Organic Acids | DU15: None | DX15: IC Organic Acids | DY15: None | EB15: IC Organic Acids | EC15: None | EF15: IC Organic Acids | EG15: None | EJ15: IC Organic Acids | EK15: None | EN15: IC Organic Acids | EO15: None | ER15: IC Organic Acids | ES15: None | EV15: LC-MS | EW15: None | EZ15: =CONCATENATE(A15,B15) | FA15: =CONCATENATE(SamplesX!A15,SamplesX!B15) | FC15: =MATCH(EZ15,FA1:FA1008,0)
A16: UO | B16: 25008 | C16: =IF(ISNUMBER(FC16),INDIRECT("SamplesX!C"&FC16),IF(ISNUMBER(FD16),INDIRECT("SamplesY!C"&FD16),"")) | D16: =IF(ISNUMBER(FC16),INDIRECT("SamplesX!D"&FC16),IF(ISNUMBER(FD16),INDIRECT("SamplesY!D"&FD16),"")) | E16: =IF(ISNUMBER(FC16),INDIRECT("SamplesX!E"&FC16),IF(ISNUMBER(FD16),INDIRECT("SamplesY!E"&FD16),"")) | F16: =IF(ISNUMBER(FC16),INDIRECT("SamplesX!F"&FC16),IF(ISNUMBER(FD16),INDIRECT("SamplesY!F"&FD16),"")) | G16: =IF(ISNUMBER(FC16),INDIRECT("SamplesX!G"&FC16),IF(ISNUMBER(FD16),INDIRECT("SamplesY!G"&FD16),"")) | H16: =IF(ISNUMBER(FC16),INDIRECT("SamplesX!H"&FC16),IF(ISNUMBER(FD16),INDIRECT("SamplesY!H"&FD16),"")) | K16: 2593 | L16: Shimadzu TOC-L | M16: None | P16: Shimadzu TOC-L | Q16: None | T16: Shimadzu TOC-L | U16: None | Y16: None | AC16: None | AF16: IC Anionen | AG16: None | AK16: None | AN16: IC Anionen | AO16: None | AS16: None | AV16: IC Anionen | AW16: None | AZ16: IC Anionen | BA16: None | BD16: IC Kationen | BE16: None | BI16: None | BL16: IC Kationen | BM16: None | BP16: IC Kationen | BQ16: None | BT16: IC Kationen | BU16: None | BY16: None | CC16: None | CG16: None | CK16: None | CN16: SOP 45-34 | CO16: None | CS16: None | CW16: None | CZ16: WTW Multimeter 3430 with FDO 925 | DA16: None | DE16: None | DH16: SOP 45-09 | DI16: None | DL16: SOP 45-09 (SOP muss noch angepasst werden für VSS) | DM16: None | DP16: IC Organic Acids | DQ16: None | DT16: IC Organic Acids | DU16: None | DX16: IC Organic Acids | DY16: None | EB16: IC Organic Acids | EC16: None | EF16: IC Organic Acids | EG16: None | EJ16: IC Organic Acids | EK16: None | EN16: IC Organic Acids | EO16: None | ER16: IC Organic Acids | ES16: None | EV16: LC-MS | EW16: None | EZ16: =CONCATENATE(A16,B16) | FA16: =CONCATENATE(SamplesX!A16,SamplesX!B16) | FC16: =MATCH(EZ16,FA1:FA1008,0)
A17: UO | B17: 25009 | C17: =IF(ISNUMBER(FC17),INDIRECT("SamplesX!C"&FC17),IF(ISNUMBER(FD17),INDIRECT("SamplesY!C"&FD17),"")) | D17: =IF(ISNUMBER(FC17),INDIRECT("SamplesX!D"&FC17),IF(ISNUMBER(FD17),INDIRECT("SamplesY!D"&FD17),"")) | E17: =IF(ISNUMBER(FC17),INDIRECT("SamplesX!E"&FC17),IF(ISNUMBER(FD17),INDIRECT("SamplesY!E"&FD17),"")) | F17: =IF(ISNUMBER(FC17),INDIRECT("SamplesX!F"&FC17),IF(ISNUMBER(FD17),INDIRECT("SamplesY!F"&FD17),"")) | G17: =IF(ISNUMBER(FC17),INDIRECT("SamplesX!G"&FC17),IF(ISNUMBER(FD17),INDIRECT("SamplesY!G"&FD17),"")) | H17: =IF(ISNUMBER(FC17),INDIRECT("SamplesX!H"&FC17),IF(ISNUMBER(FD17),INDIRECT("SamplesY!H"&FD17),"")) | K17: 2359 | L17: Shimadzu TOC-L | M17: None | P17: Shimadzu TOC-L | Q17: None | T17: Shimadzu TOC-L | U17: None | Y17: None | AC17: None | AF17: IC Anionen | AG17: None | AK17: None | AN17: IC Anionen | AO17: None | AS17: None | AV17: IC Anionen | AW17: None | AZ17: IC Anionen | BA17: None | BD17: IC Kationen | BE17: None | BI17: None | BL17: IC Kationen | BM17: None | BP17: IC Kationen | BQ17: None | BT17: IC Kationen | BU17: None | BY17: None | CC17: None | CG17: None | CK17: None | CN17: SOP 45-34 | CO17: None | CS17: None | CW17: None | CZ17: WTW Multimeter 3430 with FDO 925 | DA17: None | DE17: None | DH17: SOP 45-09 | DI17: None | DL17: SOP 45-09 (SOP muss noch angepasst werden für VSS) | DM17: None | DP17: IC Organic Acids | DQ17: None | DT17: IC Organic Acids | DU17: None | DX17: IC Organic Acids | DY17: None | EB17: IC Organic Acids | EC17: None | EF17: IC Organic Acids | EG17: None | EJ17: IC Organic Acids | EK17: None | EN17: IC Organic Acids | EO17: None | ER17: IC Organic Acids | ES17: None | EV17: LC-MS | EW17: None | EZ17: =CONCATENATE(A17,B17) | FA17: =CONCATENATE(SamplesX!A17,SamplesX!B17) | FC17: =MATCH(EZ17,FA1:FA1008,0)
A18: UO | B18: 25010 | C18: =IF(ISNUMBER(FC18),INDIRECT("SamplesX!C"&FC18),IF(ISNUMBER(FD18),INDIRECT("SamplesY!C"&FD18),"")) | D18: =IF(ISNUMBER(FC18),INDIRECT("SamplesX!D"&FC18),IF(ISNUMBER(FD18),INDIRECT("SamplesY!D"&FD18),"")) | E18: =IF(ISNUMBER(FC18),INDIRECT("SamplesX!E"&FC18),IF(ISNUMBER(FD18),INDIRECT("SamplesY!E"&FD18),"")) | F18: =IF(ISNUMBER(FC18),INDIRECT("SamplesX!F"&FC18),IF(ISNUMBER(FD18),INDIRECT("SamplesY!F"&FD18),"")) | G18: =IF(ISNUMBER(FC18),INDIRECT("SamplesX!G"&FC18),IF(ISNUMBER(FD18),INDIRECT("SamplesY!G"&FD18),"")) | H18: =IF(ISNUMBER(FC18),INDIRECT("SamplesX!H"&FC18),IF(ISNUMBER(FD18),INDIRECT("SamplesY!H"&FD18),"")) | K18: 2401 | L18: Shimadzu TOC-L | M18: None | P18: Shimadzu TOC-L | Q18: None | T18: Shimadzu TOC-L | U18: None | Y18: None | AC18: None | AF18: IC Anionen | AG18: None | AK18: None | AN18: IC Anionen | AO18: None | AS18: None | AV18: IC Anionen | AW18: None | AZ18: IC Anionen | BA18: None | BD18: IC Kationen | BE18: None | BI18: None | BL18: IC Kationen | BM18: None | BP18: IC Kationen | BQ18: None | BT18: IC Kationen | BU18: None | BY18: None | CC18: None | CG18: None | CK18: None | CN18: SOP 45-34 | CO18: None | CS18: None | CW18: None | CZ18: WTW Multimeter 3430 with FDO 925 | DA18: None | DE18: None | DH18: SOP 45-09 | DI18: None | DL18: SOP 45-09 (SOP muss noch angepasst werden für VSS) | DM18: None | DP18: IC Organic Acids | DQ18: None | DT18: IC Organic Acids | DU18: None | DX18: IC Organic Acids | DY18: None | EB18: IC Organic Acids | EC18: None | EF18: IC Organic Acids | EG18: None | EJ18: IC Organic Acids | EK18: None | EN18: IC Organic Acids | EO18: None | ER18: IC Organic Acids | ES18: None | EV18: LC-MS | EW18: None | EZ18: =CONCATENATE(A18,B18) | FA18: =CONCATENATE(SamplesX!A18,SamplesX!B18) | FC18: =MATCH(EZ18,FA1:FA1008,0)
A19: UO | B19: 25011 | C19: =IF(ISNUMBER(FC19),INDIRECT("SamplesX!C"&FC19),IF(ISNUMBER(FD19),INDIRECT("SamplesY!C"&FD19),"")) | D19: =IF(ISNUMBER(FC19),INDIRECT("SamplesX!D"&FC19),IF(ISNUMBER(FD19),INDIRECT("SamplesY!D"&FD19),"")) | E19: =IF(ISNUMBER(FC19),INDIRECT("SamplesX!E"&FC19),IF(ISNUMBER(FD19),INDIRECT("SamplesY!E"&FD19),"")) | F19: =IF(ISNUMBER(FC19),INDIRECT("SamplesX!F"&FC19),IF(ISNUMBER(FD19),INDIRECT("SamplesY!F"&FD19),"")) | G19: =IF(ISNUMBER(FC19),INDIRECT("SamplesX!G"&FC19),IF(ISNUMBER(FD19),INDIRECT("SamplesY!G"&FD19),"")) | H19: =IF(ISNUMBER(FC19),INDIRECT("SamplesX!H"&FC19),IF(ISNUMBER(FD19),INDIRECT("SamplesY!H"&FD19),"")) | K19: 2198 | L19: Shimadzu TOC-L | M19: None | P19: Shimadzu TOC-L | Q19: None | T19: Shimadzu TOC-L | U19: None | Y19: None | AC19: None | AF19: IC Anionen | AG19: None | AK19: None | AN19: IC Anionen | AO19: None | AS19: None | AV19: IC Anionen | AW19: None | AZ19: IC Anionen | BA19: None | BD19: IC Kationen | BE19: None | BI19: None | BL19: IC Kationen | BM19: None | BP19: IC Kationen | BQ19: None | BT19: IC Kationen | BU19: None | BY19: None | CC19: None | CG19: None | CK19: None | CN19: SOP 45-34 | CO19: None | CS19: None | CW19: None | CZ19: WTW Multimeter 3430 with FDO 925 | DA19: None | DE19: None | DH19: SOP 45-09 | DI19: None | DL19: SOP 45-09 (SOP muss noch angepasst werden für VSS) | DM19: None | DP19: IC Organic Acids | DQ19: None | DT19: IC Organic Acids | DU19: None | DX19: IC Organic Acids | DY19: None | EB19: IC Organic Acids | EC19: None | EF19: IC Organic Acids | EG19: None | EJ19: IC Organic Acids | EK19: None | EN19: IC Organic Acids | EO19: None | ER19: IC Organic Acids | ES19: None | EV19: LC-MS | EW19: None | EZ19: =CONCATENATE(A19,B19) | FA19: =CONCATENATE(SamplesX!A19,SamplesX!B19) | FC19: =MATCH(EZ19,FA1:FA1008,0)
A20: UO | B20: 25012 | C20: =IF(ISNUMBER(FC20),INDIRECT("SamplesX!C"&FC20),IF(ISNUMBER(FD20),INDIRECT("SamplesY!C"&FD20),"")) | D20: =IF(ISNUMBER(FC20),INDIRECT("SamplesX!D"&FC20),IF(ISNUMBER(FD20),INDIRECT("SamplesY!D"&FD20),"")) | E20: =IF(ISNUMBER(FC20),INDIRECT("SamplesX!E"&FC20),IF(ISNUMBER(FD20),INDIRECT("SamplesY!E"&FD20),"")) | F20: =IF(ISNUMBER(FC20),INDIRECT("SamplesX!F"&FC20),IF(ISNUMBER(FD20),INDIRECT("SamplesY!F"&FD20),"")) | G20: =IF(ISNUMBER(FC20),INDIRECT("SamplesX!G"&FC20),IF(ISNUMBER(FD20),INDIRECT("SamplesY!G"&FD20),"")) | H20: =IF(ISNUMBER(FC20),INDIRECT("SamplesX!H"&FC20),IF(ISNUMBER(FD20),INDIRECT("SamplesY!H"&FD20),"")) | K20: 1528 | L20: Shimadzu TOC-L | M20: None | P20: Shimadzu TOC-L | Q20: None | T20: Shimadzu TOC-L | U20: None | Y20: None | AC20: None | AF20: IC Anionen | AG20: None | AK20: None | AN20: IC Anionen | AO20: None | AS20: None | AV20: IC Anionen | AW20: None | AZ20: IC Anionen | BA20: None | BD20: IC Kationen | BE20: None | BI20: None | BL20: IC Kationen | BM20: None | BP20: IC Kationen | BQ20: None | BT20: IC Kationen | BU20: None | BY20: None | CC20: None | CG20: None | CK20: None | CN20: SOP 45-34 | CO20: None | CS20: None | CW20: None | CZ20: WTW Multimeter 3430 with FDO 925 | DA20: None | DE20: None | DH20: SOP 45-09 | DI20: None | DL20: SOP 45-09 (SOP muss noch angepasst werden für VSS) | DM20: None | DP20: IC Organic Acids | DQ20: None | DT20: IC Organic Acids | DU20: None | DX20: IC Organic Acids | DY20: None | EB20: IC Organic Acids | EC20: None | EF20: IC Organic Acids | EG20: None | EJ20: IC Organic Acids | EK20: None | EN20: IC Organic Acids | EO20: None | ER20: IC Organic Acids | ES20: None | EV20: LC-MS | EW20: None | EZ20: =CONCATENATE(A20,B20) | FA20: =CONCATENATE(SamplesX!A20,SamplesX!B20) | FC20: =MATCH(EZ20,FA1:FA1008,0)
A21: UO | B21: 25013 | C21: =IF(ISNUMBER(FC21),INDIRECT("SamplesX!C"&FC21),IF(ISNUMBER(FD21),INDIRECT("SamplesY!C"&FD21),"")) | D21: =IF(ISNUMBER(FC21),INDIRECT("SamplesX!D"&FC21),IF(ISNUMBER(FD21),INDIRECT("SamplesY!D"&FD21),"")) | E21: =IF(ISNUMBER(FC21),INDIRECT("SamplesX!E"&FC21),IF(ISNUMBER(FD21),INDIRECT("SamplesY!E"&FD21),"")) | F21: =IF(ISNUMBER(FC21),INDIRECT("SamplesX!F"&FC21),IF(ISNUMBER(FD21),INDIRECT("SamplesY!F"&FD21),"")) | G21: =IF(ISNUMBER(FC21),INDIRECT("SamplesX!G"&FC21),IF(ISNUMBER(FD21),INDIRECT("SamplesY!G"&FD21),"")) | H21: =IF(ISNUMBER(FC21),INDIRECT("SamplesX!H"&FC21),IF(ISNUMBER(FD21),INDIRECT("SamplesY!H"&FD21),"")) | K21: 1707 | L21: Shimadzu TOC-L | M21: None | P21: Shimadzu TOC-L | Q21: None | T21: Shimadzu TOC-L | U21: None | Y21: None | AC21: None | AF21: IC Anionen | AG21: None | AK21: None | AN21: IC Anionen | AO21: None | AS21: None | AV21: IC Anionen | AW21: None | AZ21: IC Anionen | BA21: None | BD21: IC Kationen | BE21: None | BI21: None | BL21: IC Kationen | BM21: None | BP21: IC Kationen | BQ21: None | BT21: IC Kationen | BU21: None | BY21: None | CC21: None | CG21: None | CK21: None | CN21: SOP 45-34 | CO21: None | CS21: None | CW21: None | CZ21: WTW Multimeter 3430 with FDO 925 | DA21: None | DE21: None | DH21: SOP 45-09 | DI21: None | DL21: SOP 45-09 (SOP muss noch angepasst werden für VSS) | DM21: None | DP21: IC Organic Acids | DQ21: None | DT21: IC Organic Acids | DU21: None | DX21: IC Organic Acids | DY21: None | EB21: IC Organic Acids | EC21: None | EF21: IC Organic Acids | EG21: None | EJ21: IC Organic Acids | EK21: None | EN21: IC Organic Acids | EO21: None | ER21: IC Organic Acids | ES21: None | EV21: LC-MS | EW21: None | EZ21: =CONCATENATE(A21,B21) | FA21: =CONCATENATE(SamplesX!A21,SamplesX!B21) | FC21: =MATCH(EZ21,FA1:FA1008,0)
A22: UO | B22: 25014 | C22: =IF(ISNUMBER(FC22),INDIRECT("SamplesX!C"&FC22),IF(ISNUMBER(FD22),INDIRECT("SamplesY!C"&FD22),"")) | D22: =IF(ISNUMBER(FC22),INDIRECT("SamplesX!D"&FC22),IF(ISNUMBER(FD22),INDIRECT("SamplesY!D"&FD22),"")) | E22: =IF(ISNUMBER(FC22),INDIRECT("SamplesX!E"&FC22),IF(ISNUMBER(FD22),INDIRECT("SamplesY!E"&FD22),"")) | F22: =IF(ISNUMBER(FC22),INDIRECT("SamplesX!F"&FC22),IF(ISNUMBER(FD22),INDIRECT("SamplesY!F"&FD22),"")) | G22: =IF(ISNUMBER(FC22),INDIRECT("SamplesX!G"&FC22),IF(ISNUMBER(FD22),INDIRECT("SamplesY!G"&FD22),"")) | H22: =IF(ISNUMBER(FC22),INDIRECT("SamplesX!H"&FC22),IF(ISNUMBER(FD22),INDIRECT("SamplesY!H"&FD22),"")) | K22: 1609 | L22: Shimadzu TOC-L | M22: None | P22: Shimadzu TOC-L | Q22: None | T22: Shimadzu TOC-L | U22: None | Y22: None | AC22: None | AF22: IC Anionen | AG22: None | AK22: None | AN22: IC Anionen | AO22: None | AS22: None | AV22: IC Anionen | AW22: None | AZ22: IC Anionen | BA22: None | BD22: IC Kationen | BE22: None | BI22: None | BL22: IC Kationen | BM22: None | BP22: IC Kationen | BQ22: None | BT22: IC Kationen | BU22: None | BY22: None | CC22: None | CG22: None | CK22: None | CN22: SOP 45-34 | CO22: None | CS22: None | CW22: None | CZ22: WTW Multimeter 3430 with FDO 925 | DA22: None | DE22: None | DH22: SOP 45-09 | DI22: None | DL22: SOP 45-09 (SOP muss noch angepasst werden für VSS) | DM22: None | DP22: IC Organic Acids | DQ22: None | DT22: IC Organic Acids | DU22: None | DX22: IC Organic Acids | DY22: None | EB22: IC Organic Acids | EC22: None | EF22: IC Organic Acids | EG22: None | EJ22: IC Organic Acids | EK22: None | EN22: IC Organic Acids | EO22: None | ER22: IC Organic Acids | ES22: None | EV22: LC-MS | EW22: None | EZ22: =CONCATENATE(A22,B22) | FA22: =CONCATENATE(SamplesX!A22,SamplesX!B22) | FC22: =MATCH(EZ22,FA1:FA1008,0)
A23: UO | B23: 25015 | C23: =IF(ISNUMBER(FC23),INDIRECT("SamplesX!C"&FC23),IF(ISNUMBER(FD23),INDIRECT("SamplesY!C"&FD23),"")) | D23: =IF(ISNUMBER(FC23),INDIRECT("SamplesX!D"&FC23),IF(ISNUMBER(FD23),INDIRECT("SamplesY!D"&FD23),"")) | E23: =IF(ISNUMBER(FC23),INDIRECT("SamplesX!E"&FC23),IF(ISNUMBER(FD23),INDIRECT("SamplesY!E"&FD23),"")) | F23: =IF(ISNUMBER(FC23),INDIRECT("SamplesX!F"&FC23),IF(ISNUMBER(FD23),INDIRECT("SamplesY!F"&FD23),"")) | G23: =IF(ISNUMBER(FC23),INDIRECT("SamplesX!G"&FC23),IF(ISNUMBER(FD23),INDIRECT("SamplesY!G"&FD23),"")) | H23: =IF(ISNUMBER(FC23),INDIRECT("SamplesX!H"&FC23),IF(ISNUMBER(FD23),INDIRECT("SamplesY!H"&FD23),"")) | K23: 1550 | L23: Shimadzu TOC-L | M23: None | P23: Shimadzu TOC-L | Q23: None | T23: Shimadzu TOC-L | U23: None | Y23: None | AC23: None | AF23: IC Anionen | AG23: None | AK23: None | AN23: IC Anionen | AO23: None | AS23: None | AV23: IC Anionen | AW23: None | AZ23: IC Anionen | BA23: None | BD23: IC Kationen | BE23: None | BI23: None | BL23: IC Kationen | BM23: None | BP23: IC Kationen | BQ23: None | BT23: IC Kationen | BU23: None | BY23: None | CC23: None | CG23: None | CK23: None | CN23: SOP 45-34 | CO23: None | CS23: None | CW23: None | CZ23: WTW Multimeter 3430 with FDO 925 | DA23: None | DE23: None | DH23: SOP 45-09 | DI23: None | DL23: SOP 45-09 (SOP muss noch angepasst werden für VSS) | DM23: None | DP23: IC Organic Acids | DQ23: None | DT23: IC Organic Acids | DU23: None | DX23: IC Organic Acids | DY23: None | EB23: IC Organic Acids | EC23: None | EF23: IC Organic Acids | EG23: None | EJ23: IC Organic Acids | EK23: None | EN23: IC Organic Acids | EO23: None | ER23: IC Organic Acids | ES23: None | EV23: LC-MS | EW23: None | EZ23: =CONCATENATE(A23,B23) | FA23: =CONCATENATE(SamplesX!A23,SamplesX!B23) | FC23: =MATCH(EZ23,FA1:FA1008,0)
A24: UO | B24: 25016 | C24: =IF(ISNUMBER(FC24),INDIRECT("SamplesX!C"&FC24),IF(ISNUMBER(FD24),INDIRECT("SamplesY!C"&FD24),"")) | D24: =IF(ISNUMBER(FC24),INDIRECT("SamplesX!D"&FC24),IF(ISNUMBER(FD24),INDIRECT("SamplesY!D"&FD24),"")) | E24: =IF(ISNUMBER(FC24),INDIRECT("SamplesX!E"&FC24),IF(ISNUMBER(FD24),INDIRECT("SamplesY!E"&FD24),"")) | F24: =IF(ISNUMBER(FC24),INDIRECT("SamplesX!F"&FC24),IF(ISNUMBER(FD24),INDIRECT("SamplesY!F"&FD24),"")) | G24: =IF(ISNUMBER(FC24),INDIRECT("SamplesX!G"&FC24),IF(ISNUMBER(FD24),INDIRECT("SamplesY!G"&FD24),"")) | H24: =IF(ISNUMBER(FC24),INDIRECT("SamplesX!H"&FC24),IF(ISNUMBER(FD24),INDIRECT("SamplesY!H"&FD24),"")) | K24: 2187 | L24: Shimadzu TOC-L | M24: None | P24: Shimadzu TOC-L | Q24: None | T24: Shimadzu TOC-L | U24: None | Y24: None | AC24: None | AF24: IC Anionen | AG24: None | AK24: None | AN24: IC Anionen | AO24: None | AS24: None | AV24: IC Anionen | AW24: None | AZ24: IC Anionen | BA24: None | BD24: IC Kationen | BE24: None | BI24: None | BL24: IC Kationen | BM24: None | BP24: IC Kationen | BQ24: None | BT24: IC Kationen | BU24: None | BY24: None | CC24: None | CG24: None | CK24: None | CN24: SOP 45-34 | CO24: None | CS24: None | CW24: None | CZ24: WTW Multimeter 3430 with FDO 925 | DA24: None | DE24: None | DH24: SOP 45-09 | DI24: None | DL24: SOP 45-09 (SOP muss noch angepasst werden für VSS) | DM24: None | DP24: IC Organic Acids | DQ24: None | DT24: IC Organic Acids | DU24: None | DX24: IC Organic Acids | DY24: None | EB24: IC Organic Acids | EC24: None | EF24: IC Organic Acids | EG24: None | EJ24: IC Organic Acids | EK24: None | EN24: IC Organic Acids | EO24: None | ER24: IC Organic Acids | ES24: None | EV24: LC-MS | EW24: None | EZ24: =CONCATENATE(A24,B24) | FA24: =CONCATENATE(SamplesX!A24,SamplesX!B24) | FC24: =MATCH(EZ24,FA1:FA1008,0)
A25: UO | B25: 25017 | C25: =IF(ISNUMBER(FC25),INDIRECT("SamplesX!C"&FC25),IF(ISNUMBER(FD25),INDIRECT("SamplesY!C"&FD25),"")) | D25: =IF(ISNUMBER(FC25),INDIRECT("SamplesX!D"&FC25),IF(ISNUMBER(FD25),INDIRECT("SamplesY!D"&FD25),"")) | E25: =IF(ISNUMBER(FC25),INDIRECT("SamplesX!E"&FC25),IF(ISNUMBER(FD25),INDIRECT("SamplesY!E"&FD25),"")) | F25: =IF(ISNUMBER(FC25),INDIRECT("SamplesX!F"&FC25),IF(ISNUMBER(FD25),INDIRECT("SamplesY!F"&FD25),"")) | G25: =IF(ISNUMBER(FC25),INDIRECT("SamplesX!G"&FC25),IF(ISNUMBER(FD25),INDIRECT("SamplesY!G"&FD25),"")) | H25: =IF(ISNUMBER(FC25),INDIRECT("SamplesX!H"&FC25),IF(ISNUMBER(FD25),INDIRECT("SamplesY!H"&FD25),"")) | K25: 1911 | L25: Shimadzu TOC-L | M25: None | P25: Shimadzu TOC-L | Q25: None | T25: Shimadzu TOC-L | U25: None | Y25: None | AC25: None | AF25: IC Anionen | AG25: None | AK25: None | AN25: IC Anionen | AO25: None | AS25: None | AV25: IC Anionen | AW25: None | AZ25: IC Anionen | BA25: None | BD25: IC Kationen | BE25: None | BI25: None | BL25: IC Kationen | BM25: None | BP25: IC Kationen | BQ25: None | BT25: IC Kationen | BU25: None | BY25: None | CC25: None | CG25: None | CK25: None | CN25: SOP 45-34 | CO25: None | CS25: None | CW25: None | CZ25: WTW Multimeter 3430 with FDO 925 | DA25: None | DE25: None | DH25: SOP 45-09 | DI25: None | DL25: SOP 45-09 (SOP muss noch angepasst werden für VSS) | DM25: None | DP25: IC Organic Acids | DQ25: None | DT25: IC Organic Acids | DU25: None | DX25: IC Organic Acids | DY25: None | EB25: IC Organic Acids | EC25: None | EF25: IC Organic Acids | EG25: None | EJ25: IC Organic Acids | EK25: None | EN25: IC Organic Acids | EO25: None | ER25: IC Organic Acids | ES25: None | EV25: LC-MS | EW25: None | EZ25: =CONCATENATE(A25,B25) | FA25: =CONCATENATE(SamplesX!A25,SamplesX!B25) | FC25: =MATCH(EZ25,FA1:FA1008,0)
A26: UO | B26: 25018 | C26: =IF(ISNUMBER(FC26),INDIRECT("SamplesX!C"&FC26),IF(ISNUMBER(FD26),INDIRECT("SamplesY!C"&FD26),"")) | D26: =IF(ISNUMBER(FC26),INDIRECT("SamplesX!D"&FC26),IF(ISNUMBER(FD26),INDIRECT("SamplesY!D"&FD26),"")) | E26: =IF(ISNUMBER(FC26),INDIRECT("SamplesX!E"&FC26),IF(ISNUMBER(FD26),INDIRECT("SamplesY!E"&FD26),"")) | F26: =IF(ISNUMBER(FC26),INDIRECT("SamplesX!F"&FC26),IF(ISNUMBER(FD26),INDIRECT("SamplesY!F"&FD26),"")) | G26: =IF(ISNUMBER(FC26),INDIRECT("SamplesX!G"&FC26),IF(ISNUMBER(FD26),INDIRECT("SamplesY!G"&FD26),"")) | H26: =IF(ISNUMBER(FC26),INDIRECT("SamplesX!H"&FC26),IF(ISNUMBER(FD26),INDIRECT("SamplesY!H"&FD26),"")) | K26: 4035 | L26: Shimadzu TOC-L | M26: None | P26: Shimadzu TOC-L | Q26: None | T26: Shimadzu TOC-L | U26: None | Y26: None | AC26: None | AF26: IC Anionen | AG26: None | AK26: None | AN26: IC Anionen | AO26: None | AS26: None | AV26: IC Anionen | AW26: None | AZ26: IC Anionen | BA26: None | BD26: IC Kationen | BE26: None | BI26: None | BL26: IC Kationen | BM26: None | BP26: IC Kationen | BQ26: None | BT26: IC Kationen | BU26: None | BY26: None | CC26: None | CG26: None | CK26: None | CN26: SOP 45-34 | CO26: None | CS26: None | CW26: None | CZ26: WTW Multimeter 3430 with FDO 925 | DA26: None | DE26: None | DH26: SOP 45-09 | DI26: None | DL26: SOP 45-09 (SOP muss noch angepasst werden für VSS) | DM26: None | DP26: IC Organic Acids | DQ26: None | DT26: IC Organic Acids | DU26: None | DX26: IC Organic Acids | DY26: None | EB26: IC Organic Acids | EC26: None | EF26: IC Organic Acids | EG26: None | EJ26: IC Organic Acids | EK26: None | EN26: IC Organic Acids | EO26: None | ER26: IC Organic Acids | ES26: None | EV26: LC-MS | EW26: None | EZ26: =CONCATENATE(A26,B26) | FA26: =CONCATENATE(SamplesX!A26,SamplesX!B26) | FC26: =MATCH(EZ26,FA1:FA1008,0)
A27: UO | B27: 25019 | C27: =IF(ISNUMBER(FC27),INDIRECT("SamplesX!C"&FC27),IF(ISNUMBER(FD27),INDIRECT("SamplesY!C"&FD27),"")) | D27: =IF(ISNUMBER(FC27),INDIRECT("SamplesX!D"&FC27),IF(ISNUMBER(FD27),INDIRECT("SamplesY!D"&FD27),"")) | E27: =IF(ISNUMBER(FC27),INDIRECT("SamplesX!E"&FC27),IF(ISNUMBER(FD27),INDIRECT("SamplesY!E"&FD27),"")) | F27: =IF(ISNUMBER(FC27),INDIRECT("SamplesX!F"&FC27),IF(ISNUMBER(FD27),INDIRECT("SamplesY!F"&FD27),"")) | G27: =IF(ISNUMBER(FC27),INDIRECT("SamplesX!G"&FC27),IF(ISNUMBER(FD27),INDIRECT("SamplesY!G"&FD27),"")) | H27: =IF(ISNUMBER(FC27),INDIRECT("SamplesX!H"&FC27),IF(ISNUMBER(FD27),INDIRECT("SamplesY!H"&FD27),"")) | K27: 856 | L27: Shimadzu TOC-L | M27: None | P27: Shimadzu TOC-L | Q27: None | T27: Shimadzu TOC-L | U27: None | Y27: None | AC27: None | AF27: IC Anionen | AG27: None | AK27: None | AN27: IC Anionen | AO27: None | AS27: None | AV27: IC Anionen | AW27: None | AZ27: IC Anionen | BA27: None | BD27: IC Kationen | BE27: None | BI27: None | BL27: IC Kationen | BM27: None | BP27: IC Kationen | BQ27: None | BT27: IC Kationen | BU27: None | BY27: None | CC27: None | CG27: None | CK27: None | CN27: SOP 45-34 | CO27: None | CS27: None | CW27: None | CZ27: WTW Multimeter 3430 with FDO 925 | DA27: None | DE27: None | DH27: SOP 45-09 | DI27: None | DL27: SOP 45-09 (SOP muss noch angepasst werden für VSS) | DM27: None | DP27: IC Organic Acids | DQ27: None | DT27: IC Organic Acids | DU27: None | DX27: IC Organic Acids | DY27: None | EB27: IC Organic Acids | EC27: None | EF27: IC Organic Acids | EG27: None | EJ27: IC Organic Acids | EK27: None | EN27: IC Organic Acids | EO27: None | ER27: IC Organic Acids | ES27: None | EV27: LC-MS | EW27: None | EZ27: =CONCATENATE(A27,B27) | FA27: =CONCATENATE(SamplesX!A27,SamplesX!B27) | FC27: =MATCH(EZ27,FA1:FA1008,0)
A28: UO | B28: 25020 | C28: =IF(ISNUMBER(FC28),INDIRECT("SamplesX!C"&FC28),IF(ISNUMBER(FD28),INDIRECT("SamplesY!C"&FD28),"")) | D28: =IF(ISNUMBER(FC28),INDIRECT("SamplesX!D"&FC28),IF(ISNUMBER(FD28),INDIRECT("SamplesY!D"&FD28),"")) | E28: =IF(ISNUMBER(FC28),INDIRECT("SamplesX!E"&FC28),IF(ISNUMBER(FD28),INDIRECT("SamplesY!E"&FD28),"")) | F28: =IF(ISNUMBER(FC28),INDIRECT("SamplesX!F"&FC28),IF(ISNUMBER(FD28),INDIRECT("SamplesY!F"&FD28),"")) | G28: =IF(ISNUMBER(FC28),INDIRECT("SamplesX!G"&FC28),IF(ISNUMBER(FD28),INDIRECT("SamplesY!G"&FD28),"")) | H28: =IF(ISNUMBER(FC28),INDIRECT("SamplesX!H"&FC28),IF(ISNUMBER(FD28),INDIRECT("SamplesY!H"&FD28),"")) | K28: 575 | L28: Shimadzu TOC-L | M28: None | P28: Shimadzu TOC-L | Q28: None | T28: Shimadzu TOC-L | U28: None | Y28: None | AC28: None | AF28: IC Anionen | AG28: None | AK28: None | AN28: IC Anionen | AO28: None | AS28: None | AV28: IC Anionen | AW28: None | AZ28: IC Anionen | BA28: None | BD28: IC Kationen | BE28: None | BI28: None | BL28: IC Kationen | BM28: None | BP28: IC Kationen | BQ28: None | BT28: IC Kationen | BU28: None | BY28: None | CC28: None | CG28: None | CK28: None | CN28: SOP 45-34 | CO28: None | CS28: None | CW28: None | CZ28: WTW Multimeter 3430 with FDO 925 | DA28: None | DE28: None | DH28: SOP 45-09 | DI28: None | DL28: SOP 45-09 (SOP muss noch angepasst werden für VSS) | DM28: None | DP28: IC Organic Acids | DQ28: None | DT28: IC Organic Acids | DU28: None | DX28: IC Organic Acids | DY28: None | EB28: IC Organic Acids | EC28: None | EF28: IC Organic Acids | EG28: None | EJ28: IC Organic Acids | EK28: None | EN28: IC Organic Acids | EO28: None | ER28: IC Organic Acids | ES28: None | EV28: LC-MS | EW28: None | EZ28: =CONCATENATE(A28,B28) | FA28: =CONCATENATE(SamplesX!A28,SamplesX!B28) | FC28: =MATCH(EZ28,FA1:FA1008,0)
A29: UO | B29: 25021 | C29: =IF(ISNUMBER(FC29),INDIRECT("SamplesX!C"&FC29),IF(ISNUMBER(FD29),INDIRECT("SamplesY!C"&FD29),"")) | D29: =IF(ISNUMBER(FC29),INDIRECT("SamplesX!D"&FC29),IF(ISNUMBER(FD29),INDIRECT("SamplesY!D"&FD29),"")) | E29: =IF(ISNUMBER(FC29),INDIRECT("SamplesX!E"&FC29),IF(ISNUMBER(FD29),INDIRECT("SamplesY!E"&FD29),"")) | F29: =IF(ISNUMBER(FC29),INDIRECT("SamplesX!F"&FC29),IF(ISNUMBER(FD29),INDIRECT("SamplesY!F"&FD29),"")) | G29: =IF(ISNUMBER(FC29),INDIRECT("SamplesX!G"&FC29),IF(ISNUMBER(FD29),INDIRECT("SamplesY!G"&FD29),"")) | H29: =IF(ISNUMBER(FC29),INDIRECT("SamplesX!H"&FC29),IF(ISNUMBER(FD29),INDIRECT("SamplesY!H"&FD29),"")) | K29: 4089 | L29: Shimadzu TOC-L | M29: None | P29: Shimadzu TOC-L | Q29: None | T29: Shimadzu TOC-L | U29: None | Y29: None | AC29: None | AF29: IC Anionen | AG29: None | AK29: None | AN29: IC Anionen | AO29: None | AS29: None | AV29: IC Anionen | AW29: None | AZ29: IC Anionen | BA29: None | BD29: IC Kationen | BE29: None | BI29: None | BL29: IC Kationen | BM29: None | BP29: IC Kationen | BQ29: None | BT29: IC Kationen | BU29: None | BY29: None | CC29: None | CG29: None | CK29: None | CN29: SOP 45-34 | CO29: None | CS29: None | CW29: None | CZ29: WTW Multimeter 3430 with FDO 925 | DA29: None | DE29: None | DH29: SOP 45-09 | DI29: None | DL29: SOP 45-09 (SOP muss noch angepasst werden für VSS) | DM29: None | DP29: IC Organic Acids | DQ29: None | DT29: IC Organic Acids | DU29: None | DX29: IC Organic Acids | DY29: None | EB29: IC Organic Acids | EC29: None | EF29: IC Organic Acids | EG29: None | EJ29: IC Organic Acids | EK29: None | EN29: IC Organic Acids | EO29: None | ER29: IC Organic Acids | ES29: None | EV29: LC-MS | EW29: None | EZ29: =CONCATENATE(A29,B29) | FA29: =CONCATENATE(SamplesX!A29,SamplesX!B29) | FC29: =MATCH(EZ29,FA1:FA1008,0)
A30: UO | B30: 25022 | C30: =IF(ISNUMBER(FC30),INDIRECT("SamplesX!C"&FC30),IF(ISNUMBER(FD30),INDIRECT("SamplesY!C"&FD30),"")) | D30: =IF(ISNUMBER(FC30),INDIRECT("SamplesX!D"&FC30),IF(ISNUMBER(FD30),INDIRECT("SamplesY!D"&FD30),"")) | E30: =IF(ISNUMBER(FC30),INDIRECT("SamplesX!E"&FC30),IF(ISNUMBER(FD30),INDIRECT("SamplesY!E"&FD30),"")) | F30: =IF(ISNUMBER(FC30),INDIRECT("SamplesX!F"&FC30),IF(ISNUMBER(FD30),INDIRECT("SamplesY!F"&FD30),"")) | G30: =IF(ISNUMBER(FC30),INDIRECT("SamplesX!G"&FC30),IF(ISNUMBER(FD30),INDIRECT("SamplesY!G"&FD30),"")) | H30: =IF(ISNUMBER(FC30),INDIRECT("SamplesX!H"&FC30),IF(ISNUMBER(FD30),INDIRECT("SamplesY!H"&FD30),"")) | K30: 4423 | L30: Shimadzu TOC-L | M30: None | P30: Shimadzu TOC-L | Q30: None | T30: Shimadzu TOC-L | U30: None | Y30: None | AC30: None | AF30: IC Anionen | AG30: None | AK30: None | AN30: IC Anionen | AO30: None | AS30: None | AV30: IC Anionen | AW30: None | AZ30: IC Anionen | BA30: None | BD30: IC Kationen | BE30: None | BI30: None | BL30: IC Kationen | BM30: None | BP30: IC Kationen | BQ30: None | BT30: IC Kationen | BU30: None | BY30: None | CC30: None | CG30: None | CK30: None | CN30: SOP 45-34 | CO30: None | CS30: None | CW30: None | CZ30: WTW Multimeter 3430 with FDO 925 | DA30: None | DE30: None | DH30: SOP 45-09 | DI30: None | DL30: SOP 45-09 (SOP muss noch angepasst werden für VSS) | DM30: None | DP30: IC Organic Acids | DQ30: None | DT30: IC Organic Acids | DU30: None | DX30: IC Organic Acids | DY30: None | EB30: IC Organic Acids | EC30: None | EF30: IC Organic Acids | EG30: None | EJ30: IC Organic Acids | EK30: None | EN30: IC Organic Acids | EO30: None | ER30: IC Organic Acids | ES30: None | EV30: LC-MS | EW30: None | EZ30: =CONCATENATE(A30,B30) | FA30: =CONCATENATE(SamplesX!A30,SamplesX!B30) | FC30: =MATCH(EZ30,FA1:FA1008,0)
A31: UO | B31: 25023 | C31: =IF(ISNUMBER(FC31),INDIRECT("SamplesX!C"&FC31),IF(ISNUMBER(FD31),INDIRECT("SamplesY!C"&FD31),"")) | D31: =IF(ISNUMBER(FC31),INDIRECT("SamplesX!D"&FC31),IF(ISNUMBER(FD31),INDIRECT("SamplesY!D"&FD31),"")) | E31: =IF(ISNUMBER(FC31),INDIRECT("SamplesX!E"&FC31),IF(ISNUMBER(FD31),INDIRECT("SamplesY!E"&FD31),"")) | F31: =IF(ISNUMBER(FC31),INDIRECT("SamplesX!F"&FC31),IF(ISNUMBER(FD31),INDIRECT("SamplesY!F"&FD31),"")) | G31: =IF(ISNUMBER(FC31),INDIRECT("SamplesX!G"&FC31),IF(ISNUMBER(FD31),INDIRECT("SamplesY!G"&FD31),"")) | H31: =IF(ISNUMBER(FC31),INDIRECT("SamplesX!H"&FC31),IF(ISNUMBER(FD31),INDIRECT("SamplesY!H"&FD31),"")) | K31: 4703 | L31: Shimadzu TOC-L | M31: None | P31: Shimadzu TOC-L | Q31: None | T31: Shimadzu TOC-L | U31: None | Y31: None | AC31: None | AF31: IC Anionen | AG31: None | AK31: None | AN31: IC Anionen | AO31: None | AS31: None | AV31: IC Anionen | AW31: None | AZ31: IC Anionen | BA31: None | BD31: IC Kationen | BE31: None | BI31: None | BL31: IC Kationen | BM31: None | BP31: IC Kationen | BQ31: None | BT31: IC Kationen | BU31: None | BY31: None | CC31: None | CG31: None | CK31: None | CN31: SOP 45-34 | CO31: None | CS31: None | CW31: None | CZ31: WTW Multimeter 3430 with FDO 925 | DA31: None | DE31: None | DH31: SOP 45-09 | DI31: None | DL31: SOP 45-09 (SOP muss noch angepasst werden für VSS) | DM31: None | DP31: IC Organic Acids | DQ31: None | DT31: IC Organic Acids | DU31: None | DX31: IC Organic Acids | DY31: None | EB31: IC Organic Acids | EC31: None | EF31: IC Organic Acids | EG31: None | EJ31: IC Organic Acids | EK31: None | EN31: IC Organic Acids | EO31: None | ER31: IC Organic Acids | ES31: None | EV31: LC-MS | EW31: None | EZ31: =CONCATENATE(A31,B31) | FA31: =CONCATENATE(SamplesX!A31,SamplesX!B31) | FC31: =MATCH(EZ31,FA1:FA1008,0)
A32: UO | B32: 25024 | C32: =IF(ISNUMBER(FC32),INDIRECT("SamplesX!C"&FC32),IF(ISNUMBER(FD32),INDIRECT("SamplesY!C"&FD32),"")) | D32: =IF(ISNUMBER(FC32),INDIRECT("SamplesX!D"&FC32),IF(ISNUMBER(FD32),INDIRECT("SamplesY!D"&FD32),"")) | E32: =IF(ISNUMBER(FC32),INDIRECT("SamplesX!E"&FC32),IF(ISNUMBER(FD32),INDIRECT("SamplesY!E"&FD32),"")) | F32: =IF(ISNUMBER(FC32),INDIRECT("SamplesX!F"&FC32),IF(ISNUMBER(FD32),INDIRECT("SamplesY!F"&FD32),"")) | G32: =IF(ISNUMBER(FC32),INDIRECT("SamplesX!G"&FC32),IF(ISNUMBER(FD32),INDIRECT("SamplesY!G"&FD32),"")) | H32: =IF(ISNUMBER(FC32),INDIRECT("SamplesX!H"&FC32),IF(ISNUMBER(FD32),INDIRECT("SamplesY!H"&FD32),"")) | K32: 2780 | L32: Shimadzu TOC-L | M32: None | P32: Shimadzu TOC-L | Q32: None | T32: Shimadzu TOC-L | U32: None | Y32: None | AC32: None | AF32: IC Anionen | AG32: None | AK32: None | AN32: IC Anionen | AO32: None | AS32: None | AV32: IC Anionen | AW32: None | AZ32: IC Anionen | BA32: None | BD32: IC Kationen | BE32: None | BI32: None | BL32: IC Kationen | BM32: None | BP32: IC Kationen | BQ32: None | BT32: IC Kationen | BU32: None | BY32: None | CC32: None | CG32: None | CK32: None | CN32: SOP 45-34 | CO32: None | CS32: None | CW32: None | CZ32: WTW Multimeter 3430 with FDO 925 | DA32: None | DE32: None | DH32: SOP 45-09 | DI32: None | DL32: SOP 45-09 (SOP muss noch angepasst werden für VSS) | DM32: None | DP32: IC Organic Acids | DQ32: None | DT32: IC Organic Acids | DU32: None | DX32: IC Organic Acids | DY32: None | EB32: IC Organic Acids | EC32: None | EF32: IC Organic Acids | EG32: None | EJ32: IC Organic Acids | EK32: None | EN32: IC Organic Acids | EO32: None | ER32: IC Organic Acids | ES32: None | EV32: LC-MS | EW32: None | EZ32: =CONCATENATE(A32,B32) | FA32: =CONCATENATE(SamplesX!A32,SamplesX!B32) | FC32: =MATCH(EZ32,FA1:FA1008,0)
A33: UO | B33: 25025 | C33: =IF(ISNUMBER(FC33),INDIRECT("SamplesX!C"&FC33),IF(ISNUMBER(FD33),INDIRECT("SamplesY!C"&FD33),"")) | D33: =IF(ISNUMBER(FC33),INDIRECT("SamplesX!D"&FC33),IF(ISNUMBER(FD33),INDIRECT("SamplesY!D"&FD33),"")) | E33: =IF(ISNUMBER(FC33),INDIRECT("SamplesX!E"&FC33),IF(ISNUMBER(FD33),INDIRECT("SamplesY!E"&FD33),"")) | F33: =IF(ISNUMBER(FC33),INDIRECT("SamplesX!F"&FC33),IF(ISNUMBER(FD33),INDIRECT("SamplesY!F"&FD33),"")) | G33: =IF(ISNUMBER(FC33),INDIRECT("SamplesX!G"&FC33),IF(ISNUMBER(FD33),INDIRECT("SamplesY!G"&FD33),"")) | H33: =IF(ISNUMBER(FC33),INDIRECT("SamplesX!H"&FC33),IF(ISNUMBER(FD33),INDIRECT("SamplesY!H"&FD33),"")) | K33: 5343 | L33: Shimadzu TOC-L | M33: None | P33: Shimadzu TOC-L | Q33: None | T33: Shimadzu TOC-L | U33: None | Y33: None | AC33: None | AF33: IC Anionen | AG33: None | AK33: None | AN33: IC Anionen | AO33: None | AS33: None | AV33: IC Anionen | AW33: None | AZ33: IC Anionen | BA33: None | BD33: IC Kationen | BE33: None | BI33: None | BL33: IC Kationen | BM33: None | BP33: IC Kationen | BQ33: None | BT33: IC Kationen | BU33: None | BY33: None | CC33: None | CG33: None | CK33: None | CN33: SOP 45-34 | CO33: None | CS33: None | CW33: None | CZ33: WTW Multimeter 3430 with FDO 925 | DA33: None | DE33: None | DH33: SOP 45-09 | DI33: None | DL33: SOP 45-09 (SOP muss noch angepasst werden für VSS) | DM33: None | DP33: IC Organic Acids | DQ33: None | DT33: IC Organic Acids | DU33: None | DX33: IC Organic Acids | DY33: None | EB33: IC Organic Acids | EC33: None | EF33: IC Organic Acids | EG33: None | EJ33: IC Organic Acids | EK33: None | EN33: IC Organic Acids | EO33: None | ER33: IC Organic Acids | ES33: None | EV33: LC-MS | EW33: None | EZ33: =CONCATENATE(A33,B33) | FA33: =CONCATENATE(SamplesX!A33,SamplesX!B33) | FC33: =MATCH(EZ33,FA1:FA1008,0)
A34: UO | B34: 25026 | C34: =IF(ISNUMBER(FC34),INDIRECT("SamplesX!C"&FC34),IF(ISNUMBER(FD34),INDIRECT("SamplesY!C"&FD34),"")) | D34: =IF(ISNUMBER(FC34),INDIRECT("SamplesX!D"&FC34),IF(ISNUMBER(FD34),INDIRECT("SamplesY!D"&FD34),"")) | E34: =IF(ISNUMBER(FC34),INDIRECT("SamplesX!E"&FC34),IF(ISNUMBER(FD34),INDIRECT("SamplesY!E"&FD34),"")) | F34: =IF(ISNUMBER(FC34),INDIRECT("SamplesX!F"&FC34),IF(ISNUMBER(FD34),INDIRECT("SamplesY!F"&FD34),"")) | G34: =IF(ISNUMBER(FC34),INDIRECT("SamplesX!G"&FC34),IF(ISNUMBER(FD34),INDIRECT("SamplesY!G"&FD34),"")) | H34: =IF(ISNUMBER(FC34),INDIRECT("SamplesX!H"&FC34),IF(ISNUMBER(FD34),INDIRECT("SamplesY!H"&FD34),"")) | K34: 3340 | L34: Shimadzu TOC-L | M34: None | P34: Shimadzu TOC-L | Q34: None | T34: Shimadzu TOC-L | U34: None | Y34: None | AC34: None | AF34: IC Anionen | AG34: None | AK34: None | AN34: IC Anionen | AO34: None | AS34: None | AV34: IC Anionen | AW34: None | AZ34: IC Anionen | BA34: None | BD34: IC Kationen | BE34: None | BI34: None | BL34: IC Kationen | BM34: None | BP34: IC Kationen | BQ34: None | BT34: IC Kationen | BU34: None | BY34: None | CC34: None | CG34: None | CK34: None | CN34: SOP 45-34 | CO34: None | CS34: None | CW34: None | CZ34: WTW Multimeter 3430 with FDO 925 | DA34: None | DE34: None | DH34: SOP 45-09 | DI34: None | DL34: SOP 45-09 (SOP muss noch angepasst werden für VSS) | DM34: None | DP34: IC Organic Acids | DQ34: None | DT34: IC Organic Acids | DU34: None | DX34: IC Organic Acids | DY34: None | EB34: IC Organic Acids | EC34: None | EF34: IC Organic Acids | EG34: None | EJ34: IC Organic Acids | EK34: None | EN34: IC Organic Acids | EO34: None | ER34: IC Organic Acids | ES34: None | EV34: LC-MS | EW34: None | EZ34: =CONCATENATE(A34,B34) | FA34: =CONCATENATE(SamplesX!A34,SamplesX!B34) | FC34: =MATCH(EZ34,FA1:FA1008,0)
A35: UO | B35: 25027 | C35: =IF(ISNUMBER(FC35),INDIRECT("SamplesX!C"&FC35),IF(ISNUMBER(FD35),INDIRECT("SamplesY!C"&FD35),"")) | D35: =IF(ISNUMBER(FC35),INDIRECT("SamplesX!D"&FC35),IF(ISNUMBER(FD35),INDIRECT("SamplesY!D"&FD35),"")) | E35: =IF(ISNUMBER(FC35),INDIRECT("SamplesX!E"&FC35),IF(ISNUMBER(FD35),INDIRECT("SamplesY!E"&FD35),"")) | F35: =IF(ISNUMBER(FC35),INDIRECT("SamplesX!F"&FC35),IF(ISNUMBER(FD35),INDIRECT("SamplesY!F"&FD35),"")) | G35: =IF(ISNUMBER(FC35),INDIRECT("SamplesX!G"&FC35),IF(ISNUMBER(FD35),INDIRECT("SamplesY!G"&FD35),"")) | H35: =IF(ISNUMBER(FC35),INDIRECT("SamplesX!H"&FC35),IF(ISNUMBER(FD35),INDIRECT("SamplesY!H"&FD35),"")) | K35: 4520 | L35: Shimadzu TOC-L | M35: None | P35: Shimadzu TOC-L | Q35: None | T35: Shimadzu TOC-L | U35: None | Y35: None | AC35: None | AF35: IC Anionen | AG35: None | AK35: None | AN35: IC Anionen | AO35: None | AS35: None | AV35: IC Anionen | AW35: None | AZ35: IC Anionen | BA35: None | BD35: IC Kationen | BE35: None | BI35: None | BL35: IC Kationen | BM35: None | BP35: IC Kationen | BQ35: None | BT35: IC Kationen | BU35: None | BY35: None | CC35: None | CG35: None | CK35: None | CN35: SOP 45-34 | CO35: None | CS35: None | CW35: None | CZ35: WTW Multimeter 3430 with FDO 925 | DA35: None | DE35: None | DH35: SOP 45-09 | DI35: None | DL35: SOP 45-09 (SOP muss noch angepasst werden für VSS) | DM35: None | DP35: IC Organic Acids | DQ35: None | DT35: IC Organic Acids | DU35: None | DX35: IC Organic Acids | DY35: None | EB35: IC Organic Acids | EC35: None | EF35: IC Organic Acids | EG35: None | EJ35: IC Organic Acids | EK35: None | EN35: IC Organic Acids | EO35: None | ER35: IC Organic Acids | ES35: None | EV35: LC-MS | EW35: None | EZ35: =CONCATENATE(A35,B35) | FA35: =CONCATENATE(SamplesX!A35,SamplesX!B35) | FC35: =MATCH(EZ35,FA1:FA1008,0)
A36: UO | B36: 25028 | C36: =IF(ISNUMBER(FC36),INDIRECT("SamplesX!C"&FC36),IF(ISNUMBER(FD36),INDIRECT("SamplesY!C"&FD36),"")) | D36: =IF(ISNUMBER(FC36),INDIRECT("SamplesX!D"&FC36),IF(ISNUMBER(FD36),INDIRECT("SamplesY!D"&FD36),"")) | E36: =IF(ISNUMBER(FC36),INDIRECT("SamplesX!E"&FC36),IF(ISNUMBER(FD36),INDIRECT("SamplesY!E"&FD36),"")) | F36: =IF(ISNUMBER(FC36),INDIRECT("SamplesX!F"&FC36),IF(ISNUMBER(FD36),INDIRECT("SamplesY!F"&FD36),"")) | G36: =IF(ISNUMBER(FC36),INDIRECT("SamplesX!G"&FC36),IF(ISNUMBER(FD36),INDIRECT("SamplesY!G"&FD36),"")) | H36: =IF(ISNUMBER(FC36),INDIRECT("SamplesX!H"&FC36),IF(ISNUMBER(FD36),INDIRECT("SamplesY!H"&FD36),"")) | K36: 3692 | L36: Shimadzu TOC-L | M36: None | P36: Shimadzu TOC-L | Q36: None | T36: Shimadzu TOC-L | U36: None | Y36: None | AC36: None | AF36: IC Anionen | AG36: None | AK36: None | AN36: IC Anionen | AO36: None | AS36: None | AV36: IC Anionen | AW36: None | AZ36: IC Anionen | BA36: None | BD36: IC Kationen | BE36: None | BI36: None | BL36: IC Kationen | BM36: None | BP36: IC Kationen | BQ36: None | BT36: IC Kationen | BU36: None | BY36: None | CC36: None | CG36: None | CK36: None | CN36: SOP 45-34 | CO36: None | CS36: None | CW36: None | CZ36: WTW Multimeter 3430 with FDO 925 | DA36: None | DE36: None | DH36: SOP 45-09 | DI36: None | DL36: SOP 45-09 (SOP muss noch angepasst werden für VSS) | DM36: None | DP36: IC Organic Acids | DQ36: None | DT36: IC Organic Acids | DU36: None | DX36: IC Organic Acids | DY36: None | EB36: IC Organic Acids | EC36: None | EF36: IC Organic Acids | EG36: None | EJ36: IC Organic Acids | EK36: None | EN36: IC Organic Acids | EO36: None | ER36: IC Organic Acids | ES36: None | EV36: LC-MS | EW36: None | EZ36: =CONCATENATE(A36,B36) | FA36: =CONCATENATE(SamplesX!A36,SamplesX!B36) | FC36: =MATCH(EZ36,FA1:FA1008,0)
A37: UO | B37: 25029 | C37: =IF(ISNUMBER(FC37),INDIRECT("SamplesX!C"&FC37),IF(ISNUMBER(FD37),INDIRECT("SamplesY!C"&FD37),"")) | D37: =IF(ISNUMBER(FC37),INDIRECT("SamplesX!D"&FC37),IF(ISNUMBER(FD37),INDIRECT("SamplesY!D"&FD37),"")) | E37: =IF(ISNUMBER(FC37),INDIRECT("SamplesX!E"&FC37),IF(ISNUMBER(FD37),INDIRECT("SamplesY!E"&FD37),"")) | F37: =IF(ISNUMBER(FC37),INDIRECT("SamplesX!F"&FC37),IF(ISNUMBER(FD37),INDIRECT("SamplesY!F"&FD37),"")) | G37: =IF(ISNUMBER(FC37),INDIRECT("SamplesX!G"&FC37),IF(ISNUMBER(FD37),INDIRECT("SamplesY!G"&FD37),"")) | H37: =IF(ISNUMBER(FC37),INDIRECT("SamplesX!H"&FC37),IF(ISNUMBER(FD37),INDIRECT("SamplesY!H"&FD37),"")) | K37: 2253 | L37: Shimadzu TOC-L | M37: None | P37: Shimadzu TOC-L | Q37: None | T37: Shimadzu TOC-L | U37: None | Y37: None | AC37: None | AF37: IC Anionen | AG37: None | AK37: None | AN37: IC Anionen | AO37: None | AS37: None | AV37: IC Anionen | AW37: None | AZ37: IC Anionen | BA37: None | BD37: IC Kationen | BE37: None | BI37: None | BL37: IC Kationen | BM37: None | BP37: IC Kationen | BQ37: None | BT37: IC Kationen | BU37: None | BY37: None | CC37: None | CG37: None | CK37: None | CN37: SOP 45-34 | CO37: None | CS37: None | CW37: None | CZ37: WTW Multimeter 3430 with FDO 925 | DA37: None | DE37: None | DH37: SOP 45-09 | DI37: None | DL37: SOP 45-09 (SOP muss noch angepasst werden für VSS) | DM37: None | DP37: IC Organic Acids | DQ37: None | DT37: IC Organic Acids | DU37: None | DX37: IC Organic Acids | DY37: None | EB37: IC Organic Acids | EC37: None | EF37: IC Organic Acids | EG37: None | EJ37: IC Organic Acids | EK37: None | EN37: IC Organic Acids | EO37: None | ER37: IC Organic Acids | ES37: None | EV37: LC-MS | EW37: None | EZ37: =CONCATENATE(A37,B37) | FA37: =CONCATENATE(SamplesX!A37,SamplesX!B37) | FC37: =MATCH(EZ37,FA1:FA1008,0)
A38: UO | B38: 25030 | C38: =IF(ISNUMBER(FC38),INDIRECT("SamplesX!C"&FC38),IF(ISNUMBER(FD38),INDIRECT("SamplesY!C"&FD38),"")) | D38: =IF(ISNUMBER(FC38),INDIRECT("SamplesX!D"&FC38),IF(ISNUMBER(FD38),INDIRECT("SamplesY!D"&FD38),"")) | E38: =IF(ISNUMBER(FC38),INDIRECT("SamplesX!E"&FC38),IF(ISNUMBER(FD38),INDIRECT("SamplesY!E"&FD38),"")) | F38: =IF(ISNUMBER(FC38),INDIRECT("SamplesX!F"&FC38),IF(ISNUMBER(FD38),INDIRECT("SamplesY!F"&FD38),"")) | G38: =IF(ISNUMBER(FC38),INDIRECT("SamplesX!G"&FC38),IF(ISNUMBER(FD38),INDIRECT("SamplesY!G"&FD38),"")) | H38: =IF(ISNUMBER(FC38),INDIRECT("SamplesX!H"&FC38),IF(ISNUMBER(FD38),INDIRECT("SamplesY!H"&FD38),"")) | K38: 3339 | L38: Shimadzu TOC-L | M38: None | P38: Shimadzu TOC-L | Q38: None | T38: Shimadzu TOC-L | U38: None | Y38: None | AC38: None | AF38: IC Anionen | AG38: None | AK38: None | AN38: IC Anionen | AO38: None | AS38: None | AV38: IC Anionen | AW38: None | AZ38: IC Anionen | BA38: None | BD38: IC Kationen | BE38: None | BI38: None | BL38: IC Kationen | BM38: None | BP38: IC Kationen | BQ38: None | BT38: IC Kationen | BU38: None | BY38: None | CC38: None | CG38: None | CK38: None | CN38: SOP 45-34 | CO38: None | CS38: None | CW38: None | CZ38: WTW Multimeter 3430 with FDO 925 | DA38: None | DE38: None | DH38: SOP 45-09 | DI38: None | DL38: SOP 45-09 (SOP muss noch angepasst werden für VSS) | DM38: None | DP38: IC Organic Acids | DQ38: None | DT38: IC Organic Acids | DU38: None | DX38: IC Organic Acids | DY38: None | EB38: IC Organic Acids | EC38: None | EF38: IC Organic Acids | EG38: None | EJ38: IC Organic Acids | EK38: None | EN38: IC Organic Acids | EO38: None | ER38: IC Organic Acids | ES38: None | EV38: LC-MS | EW38: None | EZ38: =CONCATENATE(A38,B38) | FA38: =CONCATENATE(SamplesX!A38,SamplesX!B38) | FC38: =MATCH(EZ38,FA1:FA1008,0)
A39: UO | B39: 25031 | C39: =IF(ISNUMBER(FC39),INDIRECT("SamplesX!C"&FC39),IF(ISNUMBER(FD39),INDIRECT("SamplesY!C"&FD39),"")) | D39: =IF(ISNUMBER(FC39),INDIRECT("SamplesX!D"&FC39),IF(ISNUMBER(FD39),INDIRECT("SamplesY!D"&FD39),"")) | E39: =IF(ISNUMBER(FC39),INDIRECT("SamplesX!E"&FC39),IF(ISNUMBER(FD39),INDIRECT("SamplesY!E"&FD39),"")) | F39: =IF(ISNUMBER(FC39),INDIRECT("SamplesX!F"&FC39),IF(ISNUMBER(FD39),INDIRECT("SamplesY!F"&FD39),"")) | G39: =IF(ISNUMBER(FC39),INDIRECT("SamplesX!G"&FC39),IF(ISNUMBER(FD39),INDIRECT("SamplesY!G"&FD39),"")) | H39: =IF(ISNUMBER(FC39),INDIRECT("SamplesX!H"&FC39),IF(ISNUMBER(FD39),INDIRECT("SamplesY!H"&FD39),"")) | K39: 3394 | L39: Shimadzu TOC-L | M39: None | P39: Shimadzu TOC-L | Q39: None | T39: Shimadzu TOC-L | U39: None | Y39: None | AC39: None | AF39: IC Anionen | AG39: None | AK39: None | AN39: IC Anionen | AO39: None | AS39: None | AV39: IC Anionen | AW39: None | AZ39: IC Anionen | BA39: None | BD39: IC Kationen | BE39: None | BI39: None | BL39: IC Kationen | BM39: None | BP39: IC Kationen | BQ39: None | BT39: IC Kationen | BU39: None | BY39: None | CC39: None | CG39: None | CK39: None | CN39: SOP 45-34 | CO39: None | CS39: None | CW39: None | CZ39: WTW Multimeter 3430 with FDO 925 | DA39: None | DE39: None | DH39: SOP 45-09 | DI39: None | DL39: SOP 45-09 (SOP muss noch angepasst werden für VSS) | DM39: None | DP39: IC Organic Acids | DQ39: None | DT39: IC Organic Acids | DU39: None | DX39: IC Organic Acids | DY39: None | EB39: IC Organic Acids | EC39: None | EF39: IC Organic Acids | EG39: None | EJ39: IC Organic Acids | EK39: None | EN39: IC Organic Acids | EO39: None | ER39: IC Organic Acids | ES39: None | EV39: LC-MS | EW39: None | EZ39: =CONCATENATE(A39,B39) | FA39: =CONCATENATE(SamplesX!A39,SamplesX!B39) | FC39: =MATCH(EZ39,FA1:FA1008,0)
A40: UO | B40: 25032 | C40: =IF(ISNUMBER(FC40),INDIRECT("SamplesX!C"&FC40),IF(ISNUMBER(FD40),INDIRECT("SamplesY!C"&FD40),"")) | D40: =IF(ISNUMBER(FC40),INDIRECT("SamplesX!D"&FC40),IF(ISNUMBER(FD40),INDIRECT("SamplesY!D"&FD40),"")) | E40: =IF(ISNUMBER(FC40),INDIRECT("SamplesX!E"&FC40),IF(ISNUMBER(FD40),INDIRECT("SamplesY!E"&FD40),"")) | F40: =IF(ISNUMBER(FC40),INDIRECT("SamplesX!F"&FC40),IF(ISNUMBER(FD40),INDIRECT("SamplesY!F"&FD40),"")) | G40: =IF(ISNUMBER(FC40),INDIRECT("SamplesX!G"&FC40),IF(ISNUMBER(FD40),INDIRECT("SamplesY!G"&FD40),"")) | H40: =IF(ISNUMBER(FC40),INDIRECT("SamplesX!H"&FC40),IF(ISNUMBER(FD40),INDIRECT("SamplesY!H"&FD40),"")) | K40: 683 | L40: Shimadzu TOC-L | M40: None | P40: Shimadzu TOC-L | Q40: None | T40: Shimadzu TOC-L | U40: None | Y40: None | AC40: None | AF40: IC Anionen | AG40: None | AK40: None | AN40: IC Anionen | AO40: None | AS40: None | AV40: IC Anionen | AW40: None | AZ40: IC Anionen | BA40: None | BD40: IC Kationen | BE40: None | BI40: None | BL40: IC Kationen | BM40: None | BP40: IC Kationen | BQ40: None | BT40: IC Kationen | BU40: None | BY40: None | CC40: None | CG40: None | CK40: None | CN40: SOP 45-34 | CO40: None | CS40: None | CW40: None | CZ40: WTW Multimeter 3430 with FDO 925 | DA40: None | DE40: None | DH40: SOP 45-09 | DI40: None | DL40: SOP 45-09 (SOP muss noch angepasst werden für VSS) | DM40: None | DP40: IC Organic Acids | DQ40: None | DT40: IC Organic Acids | DU40: None | DX40: IC Organic Acids | DY40: None | EB40: IC Organic Acids | EC40: None | EF40: IC Organic Acids | EG40: None | EJ40: IC Organic Acids | EK40: None | EN40: IC Organic Acids | EO40: None | ER40: IC Organic Acids | ES40: None | EV40: LC-MS | EW40: None | EZ40: =CONCATENATE(A40,B40) | FA40: =CONCATENATE(SamplesX!A40,SamplesX!B40) | FC40: =MATCH(EZ40,FA1:FA1008,0)
A41: UO | B41: 25033 | C41: =IF(ISNUMBER(FC41),INDIRECT("SamplesX!C"&FC41),IF(ISNUMBER(FD41),INDIRECT("SamplesY!C"&FD41),"")) | D41: =IF(ISNUMBER(FC41),INDIRECT("SamplesX!D"&FC41),IF(ISNUMBER(FD41),INDIRECT("SamplesY!D"&FD41),"")) | E41: =IF(ISNUMBER(FC41),INDIRECT("SamplesX!E"&FC41),IF(ISNUMBER(FD41),INDIRECT("SamplesY!E"&FD41),"")) | F41: =IF(ISNUMBER(FC41),INDIRECT("SamplesX!F"&FC41),IF(ISNUMBER(FD41),INDIRECT("SamplesY!F"&FD41),"")) | G41: =IF(ISNUMBER(FC41),INDIRECT("SamplesX!G"&FC41),IF(ISNUMBER(FD41),INDIRECT("SamplesY!G"&FD41),"")) | H41: =IF(ISNUMBER(FC41),INDIRECT("SamplesX!H"&FC41),IF(ISNUMBER(FD41),INDIRECT("SamplesY!H"&FD41),"")) | K41: 822 | L41: Shimadzu TOC-L | M41: None | P41: Shimadzu TOC-L | Q41: None | T41: Shimadzu TOC-L | U41: None | Y41: None | AC41: None | AF41: IC Anionen | AG41: None | AK41: None | AN41: IC Anionen | AO41: None | AS41: None | AV41: IC Anionen | AW41: None | AZ41: IC Anionen | BA41: None | BD41: IC Kationen | BE41: None | BI41: None | BL41: IC Kationen | BM41: None | BP41: IC Kationen | BQ41: None | BT41: IC Kationen | BU41: None | BY41: None | CC41: None | CG41: None | CK41: None | CN41: SOP 45-34 | CO41: None | CS41: None | CW41: None | CZ41: WTW Multimeter 3430 with FDO 925 | DA41: None | DE41: None | DH41: SOP 45-09 | DI41: None | DL41: SOP 45-09 (SOP muss noch angepasst werden für VSS) | DM41: None | DP41: IC Organic Acids | DQ41: None | DT41: IC Organic Acids | DU41: None | DX41: IC Organic Acids | DY41: None | EB41: IC Organic Acids | EC41: None | EF41: IC Organic Acids | EG41: None | EJ41: IC Organic Acids | EK41: None | EN41: IC Organic Acids | EO41: None | ER41: IC Organic Acids | ES41: None | EV41: LC-MS | EW41: None | EZ41: =CONCATENATE(A41,B41) | FA41: =CONCATENATE(SamplesX!A41,SamplesX!B41) | FC41: =MATCH(EZ41,FA1:FA1008,0)
A42: UO | B42: 25034 | C42: =IF(ISNUMBER(FC42),INDIRECT("SamplesX!C"&FC42),IF(ISNUMBER(FD42),INDIRECT("SamplesY!C"&FD42),"")) | D42: =IF(ISNUMBER(FC42),INDIRECT("SamplesX!D"&FC42),IF(ISNUMBER(FD42),INDIRECT("SamplesY!D"&FD42),"")) | E42: =IF(ISNUMBER(FC42),INDIRECT("SamplesX!E"&FC42),IF(ISNUMBER(FD42),INDIRECT("SamplesY!E"&FD42),"")) | F42: =IF(ISNUMBER(FC42),INDIRECT("SamplesX!F"&FC42),IF(ISNUMBER(FD42),INDIRECT("SamplesY!F"&FD42),"")) | G42: =IF(ISNUMBER(FC42),INDIRECT("SamplesX!G"&FC42),IF(ISNUMBER(FD42),INDIRECT("SamplesY!G"&FD42),"")) | H42: =IF(ISNUMBER(FC42),INDIRECT("SamplesX!H"&FC42),IF(ISNUMBER(FD42),INDIRECT("SamplesY!H"&FD42),"")) | K42: 388 | L42: Shimadzu TOC-L | M42: None | P42: Shimadzu TOC-L | Q42: None | T42: Shimadzu TOC-L | U42: None | Y42: None | AC42: None | AF42: IC Anionen | AG42: None | AK42: None | AN42: IC Anionen | AO42: None | AS42: None | AV42: IC Anionen | AW42: None | AZ42: IC Anionen | BA42: None | BD42: IC Kationen | BE42: None | BI42: None | BL42: IC Kationen | BM42: None | BP42: IC Kationen | BQ42: None | BT42: IC Kationen | BU42: None | BY42: None | CC42: None | CG42: None | CK42: None | CN42: SOP 45-34 | CO42: None | CS42: None | CW42: None | CZ42: WTW Multimeter 3430 with FDO 925 | DA42: None | DE42: None | DH42: SOP 45-09 | DI42: None | DL42: SOP 45-09 (SOP muss noch angepasst werden für VSS) | DM42: None | DP42: IC Organic Acids | DQ42: None | DT42: IC Organic Acids | DU42: None | DX42: IC Organic Acids | DY42: None | EB42: IC Organic Acids | EC42: None | EF42: IC Organic Acids | EG42: None | EJ42: IC Organic Acids | EK42: None | EN42: IC Organic Acids | EO42: None | ER42: IC Organic Acids | ES42: None | EV42: LC-MS | EW42: None | EZ42: =CONCATENATE(A42,B42) | FA42: =CONCATENATE(SamplesX!A42,SamplesX!B42) | FC42: =MATCH(EZ42,FA1:FA1008,0)
A43: UO | B43: 25035 | C43: =IF(ISNUMBER(FC43),INDIRECT("SamplesX!C"&FC43),IF(ISNUMBER(FD43),INDIRECT("SamplesY!C"&FD43),"")) | D43: =IF(ISNUMBER(FC43),INDIRECT("SamplesX!D"&FC43),IF(ISNUMBER(FD43),INDIRECT("SamplesY!D"&FD43),"")) | E43: =IF(ISNUMBER(FC43),INDIRECT("SamplesX!E"&FC43),IF(ISNUMBER(FD43),INDIRECT("SamplesY!E"&FD43),"")) | F43: =IF(ISNUMBER(FC43),INDIRECT("SamplesX!F"&FC43),IF(ISNUMBER(FD43),INDIRECT("SamplesY!F"&FD43),"")) | G43: =IF(ISNUMBER(FC43),INDIRECT("SamplesX!G"&FC43),IF(ISNUMBER(FD43),INDIRECT("SamplesY!G"&FD43),"")) | H43: =IF(ISNUMBER(FC43),INDIRECT("SamplesX!H"&FC43),IF(ISNUMBER(FD43),INDIRECT("SamplesY!H"&FD43),"")) | K43: 375 | L43: Shimadzu TOC-L | M43: None | P43: Shimadzu TOC-L | Q43: None | T43: Shimadzu TOC-L | U43: None | Y43: None | AC43: None | AF43: IC Anionen | AG43: None | AK43: None | AN43: IC Anionen | AO43: None | AS43: None | AV43: IC Anionen | AW43: None | AZ43: IC Anionen | BA43: None | BD43: IC Kationen | BE43: None | BI43: None | BL43: IC Kationen | BM43: None | BP43: IC Kationen | BQ43: None | BT43: IC Kationen | BU43: None | BY43: None | CC43: None | CG43: None | CK43: None | CN43: SOP 45-34 | CO43: None | CS43: None | CW43: None | CZ43: WTW Multimeter 3430 with FDO 925 | DA43: None | DE43: None | DH43: SOP 45-09 | DI43: None | DL43: SOP 45-09 (SOP muss noch angepasst werden für VSS) | DM43: None | DP43: IC Organic Acids | DQ43: None | DT43: IC Organic Acids | DU43: None | DX43: IC Organic Acids | DY43: None | EB43: IC Organic Acids | EC43: None | EF43: IC Organic Acids | EG43: None | EJ43: IC Organic Acids | EK43: None | EN43: IC Organic Acids | EO43: None | ER43: IC Organic Acids | ES43: None | EV43: LC-MS | EW43: None | EZ43: =CONCATENATE(A43,B43) | FA43: =CONCATENATE(SamplesX!A43,SamplesX!B43) | FC43: =MATCH(EZ43,FA1:FA1008,0)
A44: UO | B44: 25036 | C44: =IF(ISNUMBER(FC44),INDIRECT("SamplesX!C"&FC44),IF(ISNUMBER(FD44),INDIRECT("SamplesY!C"&FD44),"")) | D44: =IF(ISNUMBER(FC44),INDIRECT("SamplesX!D"&FC44),IF(ISNUMBER(FD44),INDIRECT("SamplesY!D"&FD44),"")) | E44: =IF(ISNUMBER(FC44),INDIRECT("SamplesX!E"&FC44),IF(ISNUMBER(FD44),INDIRECT("SamplesY!E"&FD44),"")) | F44: =IF(ISNUMBER(FC44),INDIRECT("SamplesX!F"&FC44),IF(ISNUMBER(FD44),INDIRECT("SamplesY!F"&FD44),"")) | G44: =IF(ISNUMBER(FC44),INDIRECT("SamplesX!G"&FC44),IF(ISNUMBER(FD44),INDIRECT("SamplesY!G"&FD44),"")) | H44: =IF(ISNUMBER(FC44),INDIRECT("SamplesX!H"&FC44),IF(ISNUMBER(FD44),INDIRECT("SamplesY!H"&FD44),"")) | K44: 3499 | L44: Shimadzu TOC-L | M44: None | P44: Shimadzu TOC-L | Q44: None | T44: Shimadzu TOC-L | U44: None | Y44: None | AC44: None | AF44: IC Anionen | AG44: None | AK44: None | AN44: IC Anionen | AO44: None | AS44: None | AV44: IC Anionen | AW44: None | AZ44: IC Anionen | BA44: None | BD44: IC Kationen | BE44: None | BI44: None | BL44: IC Kationen | BM44: None | BP44: IC Kationen | BQ44: None | BT44: IC Kationen | BU44: None | BY44: None | CC44: None | CG44: None | CK44: None | CN44: SOP 45-34 | CO44: None | CS44: None | CW44: None | CZ44: WTW Multimeter 3430 with FDO 925 | DA44: None | DE44: None | DH44: SOP 45-09 | DI44: None | DL44: SOP 45-09 (SOP muss noch angepasst werden für VSS) | DM44: None | DP44: IC Organic Acids | DQ44: None | DT44: IC Organic Acids | DU44: None | DX44: IC Organic Acids | DY44: None | EB44: IC Organic Acids | EC44: None | EF44: IC Organic Acids | EG44: None | EJ44: IC Organic Acids | EK44: None | EN44: IC Organic Acids | EO44: None | ER44: IC Organic Acids | ES44: None | EV44: LC-MS | EW44: None | EZ44: =CONCATENATE(A44,B44) | FA44: =CONCATENATE(SamplesX!A44,SamplesX!B44) | FC44: =MATCH(EZ44,FA1:FA1008,0)
A45: UO | B45: 25037 | C45: =IF(ISNUMBER(FC45),INDIRECT("SamplesX!C"&FC45),IF(ISNUMBER(FD45),INDIRECT("SamplesY!C"&FD45),"")) | D45: =IF(ISNUMBER(FC45),INDIRECT("SamplesX!D"&FC45),IF(ISNUMBER(FD45),INDIRECT("SamplesY!D"&FD45),"")) | E45: =IF(ISNUMBER(FC45),INDIRECT("SamplesX!E"&FC45),IF(ISNUMBER(FD45),INDIRECT("SamplesY!E"&FD45),"")) | F45: =IF(ISNUMBER(FC45),INDIRECT("SamplesX!F"&FC45),IF(ISNUMBER(FD45),INDIRECT("SamplesY!F"&FD45),"")) | G45: =IF(ISNUMBER(FC45),INDIRECT("SamplesX!G"&FC45),IF(ISNUMBER(FD45),INDIRECT("SamplesY!G"&FD45),"")) | H45: =IF(ISNUMBER(FC45),INDIRECT("SamplesX!H"&FC45),IF(ISNUMBER(FD45),INDIRECT("SamplesY!H"&FD45),"")) | K45: 3357 | L45: Shimadzu TOC-L | M45: None | P45: Shimadzu TOC-L | Q45: None | T45: Shimadzu TOC-L | U45: None | Y45: None | AC45: None | AF45: IC Anionen | AG45: None | AK45: None | AN45: IC Anionen | AO45: None | AS45: None | AV45: IC Anionen | AW45: None | AZ45: IC Anionen | BA45: None | BD45: IC Kationen | BE45: None | BI45: None | BL45: IC Kationen | BM45: None | BP45: IC Kationen | BQ45: None | BT45: IC Kationen | BU45: None | BY45: None | CC45: None | CG45: None | CK45: None | CN45: SOP 45-34 | CO45: None | CS45: None | CW45: None | CZ45: WTW Multimeter 3430 with FDO 925 | DA45: None | DE45: None | DH45: SOP 45-09 | DI45: None | DL45: SOP 45-09 (SOP muss noch angepasst werden für VSS) | DM45: None | DP45: IC Organic Acids | DQ45: None | DT45: IC Organic Acids | DU45: None | DX45: IC Organic Acids | DY45: None | EB45: IC Organic Acids | EC45: None | EF45: IC Organic Acids | EG45: None | EJ45: IC Organic Acids | EK45: None | EN45: IC Organic Acids | EO45: None | ER45: IC Organic Acids | ES45: None | EV45: LC-MS | EW45: None | EZ45: =CONCATENATE(A45,B45) | FA45: =CONCATENATE(SamplesX!A45,SamplesX!B45) | FC45: =MATCH(EZ45,FA1:FA1008,0)
A46: UO | B46: 25038 | C46: =IF(ISNUMBER(FC46),INDIRECT("SamplesX!C"&FC46),IF(ISNUMBER(FD46),INDIRECT("SamplesY!C"&FD46),"")) | D46: =IF(ISNUMBER(FC46),INDIRECT("SamplesX!D"&FC46),IF(ISNUMBER(FD46),INDIRECT("SamplesY!D"&FD46),"")) | E46: =IF(ISNUMBER(FC46),INDIRECT("SamplesX!E"&FC46),IF(ISNUMBER(FD46),INDIRECT("SamplesY!E"&FD46),"")) | F46: =IF(ISNUMBER(FC46),INDIRECT("SamplesX!F"&FC46),IF(ISNUMBER(FD46),INDIRECT("SamplesY!F"&FD46),"")) | G46: =IF(ISNUMBER(FC46),INDIRECT("SamplesX!G"&FC46),IF(ISNUMBER(FD46),INDIRECT("SamplesY!G"&FD46),"")) | H46: =IF(ISNUMBER(FC46),INDIRECT("SamplesX!H"&FC46),IF(ISNUMBER(FD46),INDIRECT("SamplesY!H"&FD46),"")) | K46: 3464 | L46: Shimadzu TOC-L | M46: None | P46: Shimadzu TOC-L | Q46: None | T46: Shimadzu TOC-L | U46: None | Y46: None | AC46: None | AF46: IC Anionen | AG46: None | AK46: None | AN46: IC Anionen | AO46: None | AS46: None | AV46: IC Anionen | AW46: None | AZ46: IC Anionen | BA46: None | BD46: IC Kationen | BE46: None | BI46: None | BL46: IC Kationen | BM46: None | BP46: IC Kationen | BQ46: None | BT46: IC Kationen | BU46: None | BY46: None | CC46: None | CG46: None | CK46: None | CN46: SOP 45-34 | CO46: None | CS46: None | CW46: None | CZ46: WTW Multimeter 3430 with FDO 925 | DA46: None | DE46: None | DH46: SOP 45-09 | DI46: None | DL46: SOP 45-09 (SOP muss noch angepasst werden für VSS) | DM46: None | DP46: IC Organic Acids | DQ46: None | DT46: IC Organic Acids | DU46: None | DX46: IC Organic Acids | DY46: None | EB46: IC Organic Acids | EC46: None | EF46: IC Organic Acids | EG46: None | EJ46: IC Organic Acids | EK46: None | EN46: IC Organic Acids | EO46: None | ER46: IC Organic Acids | ES46: None | EV46: LC-MS | EW46: None | EZ46: =CONCATENATE(A46,B46) | FA46: =CONCATENATE(SamplesX!A46,SamplesX!B46) | FC46: =MATCH(EZ46,FA1:FA1008,0)
A47: UO | B47: 25039 | C47: =IF(ISNUMBER(FC47),INDIRECT("SamplesX!C"&FC47),IF(ISNUMBER(FD47),INDIRECT("SamplesY!C"&FD47),"")) | D47: =IF(ISNUMBER(FC47),INDIRECT("SamplesX!D"&FC47),IF(ISNUMBER(FD47),INDIRECT("SamplesY!D"&FD47),"")) | E47: =IF(ISNUMBER(FC47),INDIRECT("SamplesX!E"&FC47),IF(ISNUMBER(FD47),INDIRECT("SamplesY!E"&FD47),"")) | F47: =IF(ISNUMBER(FC47),INDIRECT("SamplesX!F"&FC47),IF(ISNUMBER(FD47),INDIRECT("SamplesY!F"&FD47),"")) | G47: =IF(ISNUMBER(FC47),INDIRECT("SamplesX!G"&FC47),IF(ISNUMBER(FD47),INDIRECT("SamplesY!G"&FD47),"")) | H47: =IF(ISNUMBER(FC47),INDIRECT("SamplesX!H"&FC47),IF(ISNUMBER(FD47),INDIRECT("SamplesY!H"&FD47),"")) | K47: 3466 | L47: Shimadzu TOC-L | M47: None | P47: Shimadzu TOC-L | Q47: None | T47: Shimadzu TOC-L | U47: None | Y47: None | AC47: None | AF47: IC Anionen | AG47: None | AK47: None | AN47: IC Anionen | AO47: None | AS47: None | AV47: IC Anionen | AW47: None | AZ47: IC Anionen | BA47: None | BD47: IC Kationen | BE47: None | BI47: None | BL47: IC Kationen | BM47: None | BP47: IC Kationen | BQ47: None | BT47: IC Kationen | BU47: None | BY47: None | CC47: None | CG47: None | CK47: None | CN47: SOP 45-34 | CO47: None | CS47: None | CW47: None | CZ47: WTW Multimeter 3430 with FDO 925 | DA47: None | DE47: None | DH47: SOP 45-09 | DI47: None | DL47: SOP 45-09 (SOP muss noch angepasst werden für VSS) | DM47: None | DP47: IC Organic Acids | DQ47: None | DT47: IC Organic Acids | DU47: None | DX47: IC Organic Acids | DY47: None | EB47: IC Organic Acids | EC47: None | EF47: IC Organic Acids | EG47: None | EJ47: IC Organic Acids | EK47: None | EN47: IC Organic Acids | EO47: None | ER47: IC Organic Acids | ES47: None | EV47: LC-MS | EW47: None | EZ47: =CONCATENATE(A47,B47) | FA47: =CONCATENATE(SamplesX!A47,SamplesX!B47) | FC47: =MATCH(EZ47,FA1:FA1008,0)
A48: UO | B48: 25040 | C48: =IF(ISNUMBER(FC48),INDIRECT("SamplesX!C"&FC48),IF(ISNUMBER(FD48),INDIRECT("SamplesY!C"&FD48),"")) | D48: =IF(ISNUMBER(FC48),INDIRECT("SamplesX!D"&FC48),IF(ISNUMBER(FD48),INDIRECT("SamplesY!D"&FD48),"")) | E48: =IF(ISNUMBER(FC48),INDIRECT("SamplesX!E"&FC48),IF(ISNUMBER(FD48),INDIRECT("SamplesY!E"&FD48),"")) | F48: =IF(ISNUMBER(FC48),INDIRECT("SamplesX!F"&FC48),IF(ISNUMBER(FD48),INDIRECT("SamplesY!F"&FD48),"")) | G48: =IF(ISNUMBER(FC48),INDIRECT("SamplesX!G"&FC48),IF(ISNUMBER(FD48),INDIRECT("SamplesY!G"&FD48),"")) | H48: =IF(ISNUMBER(FC48),INDIRECT("SamplesX!H"&FC48),IF(ISNUMBER(FD48),INDIRECT("SamplesY!H"&FD48),"")) | K48: 3400 | L48: Shimadzu TOC-L | M48: None | P48: Shimadzu TOC-L | Q48: None | T48: Shimadzu TOC-L | U48: None | Y48: None | AC48: None | AF48: IC Anionen | AG48: None | AK48: None | AN48: IC Anionen | AO48: None | AS48: None | AV48: IC Anionen | AW48: None | AZ48: IC Anionen | BA48: None | BD48: IC Kationen | BE48: None | BI48: None | BL48: IC Kationen | BM48: None | BP48: IC Kationen | BQ48: None | BT48: IC Kationen | BU48: None | BY48: None | CC48: None | CG48: None | CK48: None | CN48: SOP 45-34 | CO48: None | CS48: None | CW48: None | CZ48: WTW Multimeter 3430 with FDO 925 | DA48: None | DE48: None | DH48: SOP 45-09 | DI48: None | DL48: SOP 45-09 (SOP muss noch angepasst werden für VSS) | DM48: None | DP48: IC Organic Acids | DQ48: None | DT48: IC Organic Acids | DU48: None | DX48: IC Organic Acids | DY48: None | EB48: IC Organic Acids | EC48: None | EF48: IC Organic Acids | EG48: None | EJ48: IC Organic Acids | EK48: None | EN48: IC Organic Acids | EO48: None | ER48: IC Organic Acids | ES48: None | EV48: LC-MS | EW48: None | EZ48: =CONCATENATE(A48,B48) | FA48: =CONCATENATE(SamplesX!A48,SamplesX!B48) | FC48: =MATCH(EZ48,FA1:FA1008,0)
A49: UO | B49: 25041 | C49: =IF(ISNUMBER(FC49),INDIRECT("SamplesX!C"&FC49),IF(ISNUMBER(FD49),INDIRECT("SamplesY!C"&FD49),"")) | D49: =IF(ISNUMBER(FC49),INDIRECT("SamplesX!D"&FC49),IF(ISNUMBER(FD49),INDIRECT("SamplesY!D"&FD49),"")) | E49: =IF(ISNUMBER(FC49),INDIRECT("SamplesX!E"&FC49),IF(ISNUMBER(FD49),INDIRECT("SamplesY!E"&FD49),"")) | F49: =IF(ISNUMBER(FC49),INDIRECT("SamplesX!F"&FC49),IF(ISNUMBER(FD49),INDIRECT("SamplesY!F"&FD49),"")) | G49: =IF(ISNUMBER(FC49),INDIRECT("SamplesX!G"&FC49),IF(ISNUMBER(FD49),INDIRECT("SamplesY!G"&FD49),"")) | H49: =IF(ISNUMBER(FC49),INDIRECT("SamplesX!H"&FC49),IF(ISNUMBER(FD49),INDIRECT("SamplesY!H"&FD49),"")) | K49: 3534 | L49: Shimadzu TOC-L | M49: None | P49: Shimadzu TOC-L | Q49: None | T49: Shimadzu TOC-L | U49: None | Y49: None | AC49: None | AF49: IC Anionen | AG49: None | AK49: None | AN49: IC Anionen | AO49: None | AS49: None | AV49: IC Anionen | AW49: None | AZ49: IC Anionen | BA49: None | BD49: IC Kationen | BE49: None | BI49: None | BL49: IC Kationen | BM49: None | BP49: IC Kationen | BQ49: None | BT49: IC Kationen | BU49: None | BY49: None | CC49: None | CG49: None | CK49: None | CN49: SOP 45-34 | CO49: None | CS49: None | CW49: None | CZ49: WTW Multimeter 3430 with FDO 925 | DA49: None | DE49: None | DH49: SOP 45-09 | DI49: None | DL49: SOP 45-09 (SOP muss noch angepasst werden für VSS) | DM49: None | DP49: IC Organic Acids | DQ49: None | DT49: IC Organic Acids | DU49: None | DX49: IC Organic Acids | DY49: None | EB49: IC Organic Acids | EC49: None | EF49: IC Organic Acids | EG49: None | EJ49: IC Organic Acids | EK49: None | EN49: IC Organic Acids | EO49: None | ER49: IC Organic Acids | ES49: None | EV49: LC-MS | EW49: None | EZ49: =CONCATENATE(A49,B49) | FA49: =CONCATENATE(SamplesX!A49,SamplesX!B49) | FC49: =MATCH(EZ49,FA1:FA1008,0)
A50: UO | B50: 25042 | C50: =IF(ISNUMBER(FC50),INDIRECT("SamplesX!C"&FC50),IF(ISNUMBER(FD50),INDIRECT("SamplesY!C"&FD50),"")) | D50: =IF(ISNUMBER(FC50),INDIRECT("SamplesX!D"&FC50),IF(ISNUMBER(FD50),INDIRECT("SamplesY!D"&FD50),"")) | E50: =IF(ISNUMBER(FC50),INDIRECT("SamplesX!E"&FC50),IF(ISNUMBER(FD50),INDIRECT("SamplesY!E"&FD50),"")) | F50: =IF(ISNUMBER(FC50),INDIRECT("SamplesX!F"&FC50),IF(ISNUMBER(FD50),INDIRECT("SamplesY!F"&FD50),"")) | G50: =IF(ISNUMBER(FC50),INDIRECT("SamplesX!G"&FC50),IF(ISNUMBER(FD50),INDIRECT("SamplesY!G"&FD50),"")) | H50: =IF(ISNUMBER(FC50),INDIRECT("SamplesX!H"&FC50),IF(ISNUMBER(FD50),INDIRECT("SamplesY!H"&FD50),"")) | K50: 3541 | L50: Shimadzu TOC-L | M50: None | P50: Shimadzu TOC-L | Q50: None | T50: Shimadzu TOC-L | U50: None | Y50: None | AC50: None | AF50: IC Anionen | AG50: None | AK50: None | AN50: IC Anionen | AO50: None | AS50: None | AV50: IC Anionen | AW50: None | AZ50: IC Anionen | BA50: None | BD50: IC Kationen | BE50: None | BI50: None | BL50: IC Kationen | BM50: None | BP50: IC Kationen | BQ50: None | BT50: IC Kationen | BU50: None | BY50: None | CC50: None | CG50: None | CK50: None | CN50: SOP 45-34 | CO50: None | CS50: None | CW50: None | CZ50: WTW Multimeter 3430 with FDO 925 | DA50: None | DE50: None | DH50: SOP 45-09 | DI50: None | DL50: SOP 45-09 (SOP muss noch angepasst werden für VSS) | DM50: None | DP50: IC Organic Acids | DQ50: None | DT50: IC Organic Acids | DU50: None | DX50: IC Organic Acids | DY50: None | EB50: IC Organic Acids | EC50: None | EF50: IC Organic Acids | EG50: None | EJ50: IC Organic Acids | EK50: None | EN50: IC Organic Acids | EO50: None | ER50: IC Organic Acids | ES50: None | EV50: LC-MS | EW50: None | EZ50: =CONCATENATE(A50,B50) | FA50: =CONCATENATE(SamplesX!A50,SamplesX!B50) | FC50: =MATCH(EZ50,FA1:FA1008,0)
A51: UO | B51: 25043 | C51: =IF(ISNUMBER(FC51),INDIRECT("SamplesX!C"&FC51),IF(ISNUMBER(FD51),INDIRECT("SamplesY!C"&FD51),"")) | D51: =IF(ISNUMBER(FC51),INDIRECT("SamplesX!D"&FC51),IF(ISNUMBER(FD51),INDIRECT("SamplesY!D"&FD51),"")) | E51: =IF(ISNUMBER(FC51),INDIRECT("SamplesX!E"&FC51),IF(ISNUMBER(FD51),INDIRECT("SamplesY!E"&FD51),"")) | F51: =IF(ISNUMBER(FC51),INDIRECT("SamplesX!F"&FC51),IF(ISNUMBER(FD51),INDIRECT("SamplesY!F"&FD51),"")) | G51: =IF(ISNUMBER(FC51),INDIRECT("SamplesX!G"&FC51),IF(ISNUMBER(FD51),INDIRECT("SamplesY!G"&FD51),"")) | H51: =IF(ISNUMBER(FC51),INDIRECT("SamplesX!H"&FC51),IF(ISNUMBER(FD51),INDIRECT("SamplesY!H"&FD51),"")) | K51: 3542 | L51: Shimadzu TOC-L | M51: None | P51: Shimadzu TOC-L | Q51: None | T51: Shimadzu TOC-L | U51: None | Y51: None | AC51: None | AF51: IC Anionen | AG51: None | AK51: None | AN51: IC Anionen | AO51: None | AS51: None | AV51: IC Anionen | AW51: None | AZ51: IC Anionen | BA51: None | BD51: IC Kationen | BE51: None | BI51: None | BL51: IC Kationen | BM51: None | BP51: IC Kationen | BQ51: None | BT51: IC Kationen | BU51: None | BY51: None | CC51: None | CG51: None | CK51: None | CN51: SOP 45-34 | CO51: None | CS51: None | CW51: None | CZ51: WTW Multimeter 3430 with FDO 925 | DA51: None | DE51: None | DH51: SOP 45-09 | DI51: None | DL51: SOP 45-09 (SOP muss noch angepasst werden für VSS) | DM51: None | DP51: IC Organic Acids | DQ51: None | DT51: IC Organic Acids | DU51: None | DX51: IC Organic Acids | DY51: None | EB51: IC Organic Acids | EC51: None | EF51: IC Organic Acids | EG51: None | EJ51: IC Organic Acids | EK51: None | EN51: IC Organic Acids | EO51: None | ER51: IC Organic Acids | ES51: None | EV51: LC-MS | EW51: None | EZ51: =CONCATENATE(A51,B51) | FA51: =CONCATENATE(SamplesX!A51,SamplesX!B51) | FC51: =MATCH(EZ51,FA1:FA1008,0)
A52: UO | B52: 25044 | C52: =IF(ISNUMBER(FC52),INDIRECT("SamplesX!C"&FC52),IF(ISNUMBER(FD52),INDIRECT("SamplesY!C"&FD52),"")) | D52: =IF(ISNUMBER(FC52),INDIRECT("SamplesX!D"&FC52),IF(ISNUMBER(FD52),INDIRECT("SamplesY!D"&FD52),"")) | E52: =IF(ISNUMBER(FC52),INDIRECT("SamplesX!E"&FC52),IF(ISNUMBER(FD52),INDIRECT("SamplesY!E"&FD52),"")) | F52: =IF(ISNUMBER(FC52),INDIRECT("SamplesX!F"&FC52),IF(ISNUMBER(FD52),INDIRECT("SamplesY!F"&FD52),"")) | G52: =IF(ISNUMBER(FC52),INDIRECT("SamplesX!G"&FC52),IF(ISNUMBER(FD52),INDIRECT("SamplesY!G"&FD52),"")) | H52: =IF(ISNUMBER(FC52),INDIRECT("SamplesX!H"&FC52),IF(ISNUMBER(FD52),INDIRECT("SamplesY!H"&FD52),"")) | K52: 2259 | L52: Shimadzu TOC-L | M52: None | P52: Shimadzu TOC-L | Q52: None | T52: Shimadzu TOC-L | U52: None | Y52: None | AC52: None | AF52: IC Anionen | AG52: None | AK52: None | AN52: IC Anionen | AO52: None | AS52: None | AV52: IC Anionen | AW52: None | AZ52: IC Anionen | BA52: None | BD52: IC Kationen | BE52: None | BI52: None | BL52: IC Kationen | BM52: None | BP52: IC Kationen | BQ52: None | BT52: IC Kationen | BU52: None | BY52: None | CC52: None | CG52: None | CK52: None | CN52: SOP 45-34 | CO52: None | CS52: None | CW52: None | CZ52: WTW Multimeter 3430 with FDO 925 | DA52: None | DE52: None | DH52: SOP 45-09 | DI52: None | DL52: SOP 45-09 (SOP muss noch angepasst werden für VSS) | DM52: None | DP52: IC Organic Acids | DQ52: None | DT52: IC Organic Acids | DU52: None | DX52: IC Organic Acids | DY52: None | EB52: IC Organic Acids | EC52: None | EF52: IC Organic Acids | EG52: None | EJ52: IC Organic Acids | EK52: None | EN52: IC Organic Acids | EO52: None | ER52: IC Organic Acids | ES52: None | EV52: LC-MS | EW52: None | EZ52: =CONCATENATE(A52,B52) | FA52: =CONCATENATE(SamplesX!A52,SamplesX!B52) | FC52: =MATCH(EZ52,FA1:FA1008,0)
A53: UO | B53: 25045 | C53: =IF(ISNUMBER(FC53),INDIRECT("SamplesX!C"&FC53),IF(ISNUMBER(FD53),INDIRECT("SamplesY!C"&FD53),"")) | D53: =IF(ISNUMBER(FC53),INDIRECT("SamplesX!D"&FC53),IF(ISNUMBER(FD53),INDIRECT("SamplesY!D"&FD53),"")) | E53: =IF(ISNUMBER(FC53),INDIRECT("SamplesX!E"&FC53),IF(ISNUMBER(FD53),INDIRECT("SamplesY!E"&FD53),"")) | F53: =IF(ISNUMBER(FC53),INDIRECT("SamplesX!F"&FC53),IF(ISNUMBER(FD53),INDIRECT("SamplesY!F"&FD53),"")) | G53: =IF(ISNUMBER(FC53),INDIRECT("SamplesX!G"&FC53),IF(ISNUMBER(FD53),INDIRECT("SamplesY!G"&FD53),"")) | H53: =IF(ISNUMBER(FC53),INDIRECT("SamplesX!H"&FC53),IF(ISNUMBER(FD53),INDIRECT("SamplesY!H"&FD53),"")) | K53: 4392 | L53: Shimadzu TOC-L | M53: None | P53: Shimadzu TOC-L | Q53: None | T53: Shimadzu TOC-L | U53: None | Y53: None | AC53: None | AF53: IC Anionen | AG53: None | AK53: None | AN53: IC Anionen | AO53: None | AS53: None | AV53: IC Anionen | AW53: None | AZ53: IC Anionen | BA53: None | BD53: IC Kationen | BE53: None | BI53: None | BL53: IC Kationen | BM53: None | BP53: IC Kationen | BQ53: None | BT53: IC Kationen | BU53: None | BY53: None | CC53: None | CG53: None | CK53: None | CN53: SOP 45-34 | CO53: None | CS53: None | CW53: None | CZ53: WTW Multimeter 3430 with FDO 925 | DA53: None | DE53: None | DH53: SOP 45-09 | DI53: None | DL53: SOP 45-09 (SOP muss noch angepasst werden für VSS) | DM53: None | DP53: IC Organic Acids | DQ53: None | DT53: IC Organic Acids | DU53: None | DX53: IC Organic Acids | DY53: None | EB53: IC Organic Acids | EC53: None | EF53: IC Organic Acids | EG53: None | EJ53: IC Organic Acids | EK53: None | EN53: IC Organic Acids | EO53: None | ER53: IC Organic Acids | ES53: None | EV53: LC-MS | EW53: None | EZ53: =CONCATENATE(A53,B53) | FA53: =CONCATENATE(SamplesX!A53,SamplesX!B53) | FC53: =MATCH(EZ53,FA1:FA1008,0)
A54: UO | B54: 25046 | C54: =IF(ISNUMBER(FC54),INDIRECT("SamplesX!C"&FC54),IF(ISNUMBER(FD54),INDIRECT("SamplesY!C"&FD54),"")) | D54: =IF(ISNUMBER(FC54),INDIRECT("SamplesX!D"&FC54),IF(ISNUMBER(FD54),INDIRECT("SamplesY!D"&FD54),"")) | E54: =IF(ISNUMBER(FC54),INDIRECT("SamplesX!E"&FC54),IF(ISNUMBER(FD54),INDIRECT("SamplesY!E"&FD54),"")) | F54: =IF(ISNUMBER(FC54),INDIRECT("SamplesX!F"&FC54),IF(ISNUMBER(FD54),INDIRECT("SamplesY!F"&FD54),"")) | G54: =IF(ISNUMBER(FC54),INDIRECT("SamplesX!G"&FC54),IF(ISNUMBER(FD54),INDIRECT("SamplesY!G"&FD54),"")) | H54: =IF(ISNUMBER(FC54),INDIRECT("SamplesX!H"&FC54),IF(ISNUMBER(FD54),INDIRECT("SamplesY!H"&FD54),"")) | K54: 3263 | L54: Shimadzu TOC-L | M54: None | P54: Shimadzu TOC-L | Q54: None | T54: Shimadzu TOC-L | U54: None | Y54: None | AC54: None | AF54: IC Anionen | AG54: None | AK54: None | AN54: IC Anionen | AO54: None | AS54: None | AV54: IC Anionen | AW54: None | AZ54: IC Anionen | BA54: None | BD54: IC Kationen | BE54: None | BI54: None | BL54: IC Kationen | BM54: None | BP54: IC Kationen | BQ54: None | BT54: IC Kationen | BU54: None | BY54: None | CC54: None | CG54: None | CK54: None | CN54: SOP 45-34 | CO54: None | CS54: None | CW54: None | CZ54: WTW Multimeter 3430 with FDO 925 | DA54: None | DE54: None | DH54: SOP 45-09 | DI54: None | DL54: SOP 45-09 (SOP muss noch angepasst werden für VSS) | DM54: None | DP54: IC Organic Acids | DQ54: None | DT54: IC Organic Acids | DU54: None | DX54: IC Organic Acids | DY54: None | EB54: IC Organic Acids | EC54: None | EF54: IC Organic Acids | EG54: None | EJ54: IC Organic Acids | EK54: None | EN54: IC Organic Acids | EO54: None | ER54: IC Organic Acids | ES54: None | EV54: LC-MS | EW54: None | EZ54: =CONCATENATE(A54,B54) | FA54: =CONCATENATE(SamplesX!A54,SamplesX!B54) | FC54: =MATCH(EZ54,FA1:FA1008,0)
A55: UO | B55: 25047 | C55: =IF(ISNUMBER(FC55),INDIRECT("SamplesX!C"&FC55),IF(ISNUMBER(FD55),INDIRECT("SamplesY!C"&FD55),"")) | D55: =IF(ISNUMBER(FC55),INDIRECT("SamplesX!D"&FC55),IF(ISNUMBER(FD55),INDIRECT("SamplesY!D"&FD55),"")) | E55: =IF(ISNUMBER(FC55),INDIRECT("SamplesX!E"&FC55),IF(ISNUMBER(FD55),INDIRECT("SamplesY!E"&FD55),"")) | F55: =IF(ISNUMBER(FC55),INDIRECT("SamplesX!F"&FC55),IF(ISNUMBER(FD55),INDIRECT("SamplesY!F"&FD55),"")) | G55: =IF(ISNUMBER(FC55),INDIRECT("SamplesX!G"&FC55),IF(ISNUMBER(FD55),INDIRECT("SamplesY!G"&FD55),"")) | H55: =IF(ISNUMBER(FC55),INDIRECT("SamplesX!H"&FC55),IF(ISNUMBER(FD55),INDIRECT("SamplesY!H"&FD55),"")) | K55: 3215 | L55: Shimadzu TOC-L | M55: None | P55: Shimadzu TOC-L | Q55: None | T55: Shimadzu TOC-L | U55: None | Y55: None | AC55: None | AF55: IC Anionen | AG55: None | AK55: None | AN55: IC Anionen | AO55: None | AS55: None | AV55: IC Anionen | AW55: None | AZ55: IC Anionen | BA55: None | BD55: IC Kationen | BE55: None | BI55: None | BL55: IC Kationen | BM55: None | BP55: IC Kationen | BQ55: None | BT55: IC Kationen | BU55: None | BY55: None | CC55: None | CG55: None | CK55: None | CN55: SOP 45-34 | CO55: None | CS55: None | CW55: None | CZ55: WTW Multimeter 3430 with FDO 925 | DA55: None | DE55: None | DH55: SOP 45-09 | DI55: None | DL55: SOP 45-09 (SOP muss noch angepasst werden für VSS) | DM55: None | DP55: IC Organic Acids | DQ55: None | DT55: IC Organic Acids | DU55: None | DX55: IC Organic Acids | DY55: None | EB55: IC Organic Acids | EC55: None | EF55: IC Organic Acids | EG55: None | EJ55: IC Organic Acids | EK55: None | EN55: IC Organic Acids | EO55: None | ER55: IC Organic Acids | ES55: None | EV55: LC-MS | EW55: None | EZ55: =CONCATENATE(A55,B55) | FA55: =CONCATENATE(SamplesX!A55,SamplesX!B55) | FC55: =MATCH(EZ55,FA1:FA1008,0)
A56: UO | B56: 25048 | C56: =IF(ISNUMBER(FC56),INDIRECT("SamplesX!C"&FC56),IF(ISNUMBER(FD56),INDIRECT("SamplesY!C"&FD56),"")) | D56: =IF(ISNUMBER(FC56),INDIRECT("SamplesX!D"&FC56),IF(ISNUMBER(FD56),INDIRECT("SamplesY!D"&FD56),"")) | E56: =IF(ISNUMBER(FC56),INDIRECT("SamplesX!E"&FC56),IF(ISNUMBER(FD56),INDIRECT("SamplesY!E"&FD56),"")) | F56: =IF(ISNUMBER(FC56),INDIRECT("SamplesX!F"&FC56),IF(ISNUMBER(FD56),INDIRECT("SamplesY!F"&FD56),"")) | G56: =IF(ISNUMBER(FC56),INDIRECT("SamplesX!G"&FC56),IF(ISNUMBER(FD56),INDIRECT("SamplesY!G"&FD56),"")) | H56: =IF(ISNUMBER(FC56),INDIRECT("SamplesX!H"&FC56),IF(ISNUMBER(FD56),INDIRECT("SamplesY!H"&FD56),"")) | K56: 720 | L56: Shimadzu TOC-L | M56: None | P56: Shimadzu TOC-L | Q56: None | T56: Shimadzu TOC-L | U56: None | Y56: None | AC56: None | AF56: IC Anionen | AG56: None | AK56: None | AN56: IC Anionen | AO56: None | AS56: None | AV56: IC Anionen | AW56: None | AZ56: IC Anionen | BA56: None | BD56: IC Kationen | BE56: None | BI56: None | BL56: IC Kationen | BM56: None | BP56: IC Kationen | BQ56: None | BT56: IC Kationen | BU56: None | BY56: None | CC56: None | CG56: None | CK56: None | CN56: SOP 45-34 | CO56: None | CS56: None | CW56: None | CZ56: WTW Multimeter 3430 with FDO 925 | DA56: None | DE56: None | DH56: SOP 45-09 | DI56: None | DL56: SOP 45-09 (SOP muss noch angepasst werden für VSS) | DM56: None | DP56: IC Organic Acids | DQ56: None | DT56: IC Organic Acids | DU56: None | DX56: IC Organic Acids | DY56: None | EB56: IC Organic Acids | EC56: None | EF56: IC Organic Acids | EG56: None | EJ56: IC Organic Acids | EK56: None | EN56: IC Organic Acids | EO56: None | ER56: IC Organic Acids | ES56: None | EV56: LC-MS | EW56: None | EZ56: =CONCATENATE(A56,B56) | FA56: =CONCATENATE(SamplesX!A56,SamplesX!B56) | FC56: =MATCH(EZ56,FA1:FA1008,0)
A57: UO | B57: 25049 | C57: =IF(ISNUMBER(FC57),INDIRECT("SamplesX!C"&FC57),IF(ISNUMBER(FD57),INDIRECT("SamplesY!C"&FD57),"")) | D57: =IF(ISNUMBER(FC57),INDIRECT("SamplesX!D"&FC57),IF(ISNUMBER(FD57),INDIRECT("SamplesY!D"&FD57),"")) | E57: =IF(ISNUMBER(FC57),INDIRECT("SamplesX!E"&FC57),IF(ISNUMBER(FD57),INDIRECT("SamplesY!E"&FD57),"")) | F57: =IF(ISNUMBER(FC57),INDIRECT("SamplesX!F"&FC57),IF(ISNUMBER(FD57),INDIRECT("SamplesY!F"&FD57),"")) | G57: =IF(ISNUMBER(FC57),INDIRECT("SamplesX!G"&FC57),IF(ISNUMBER(FD57),INDIRECT("SamplesY!G"&FD57),"")) | H57: =IF(ISNUMBER(FC57),INDIRECT("SamplesX!H"&FC57),IF(ISNUMBER(FD57),INDIRECT("SamplesY!H"&FD57),"")) | K57: 661 | L57: Shimadzu TOC-L | M57: None | P57: Shimadzu TOC-L | Q57: None | T57: Shimadzu TOC-L | U57: None | Y57: None | AC57: None | AF57: IC Anionen | AG57: None | AK57: None | AN57: IC Anionen | AO57: None | AS57: None | AV57: IC Anionen | AW57: None | AZ57: IC Anionen | BA57: None | BD57: IC Kationen | BE57: None | BI57: None | BL57: IC Kationen | BM57: None | BP57: IC Kationen | BQ57: None | BT57: IC Kationen | BU57: None | BY57: None | CC57: None | CG57: None | CK57: None | CN57: SOP 45-34 | CO57: None | CS57: None | CW57: None | CZ57: WTW Multimeter 3430 with FDO 925 | DA57: None | DE57: None | DH57: SOP 45-09 | DI57: None | DL57: SOP 45-09 (SOP muss noch angepasst werden für VSS) | DM57: None | DP57: IC Organic Acids | DQ57: None | DT57: IC Organic Acids | DU57: None | DX57: IC Organic Acids | DY57: None | EB57: IC Organic Acids | EC57: None | EF57: IC Organic Acids | EG57: None | EJ57: IC Organic Acids | EK57: None | EN57: IC Organic Acids | EO57: None | ER57: IC Organic Acids | ES57: None | EV57: LC-MS | EW57: None | EZ57: =CONCATENATE(A57,B57) | FA57: =CONCATENATE(SamplesX!A57,SamplesX!B57) | FC57: =MATCH(EZ57,FA1:FA1008,0)
A58: UO | B58: 25051 | C58: =IF(ISNUMBER(FC58),INDIRECT("SamplesX!C"&FC58),IF(ISNUMBER(FD58),INDIRECT("SamplesY!C"&FD58),"")) | D58: =IF(ISNUMBER(FC58),INDIRECT("SamplesX!D"&FC58),IF(ISNUMBER(FD58),INDIRECT("SamplesY!D"&FD58),"")) | E58: =IF(ISNUMBER(FC58),INDIRECT("SamplesX!E"&FC58),IF(ISNUMBER(FD58),INDIRECT("SamplesY!E"&FD58),"")) | F58: =IF(ISNUMBER(FC58),INDIRECT("SamplesX!F"&FC58),IF(ISNUMBER(FD58),INDIRECT("SamplesY!F"&FD58),"")) | G58: =IF(ISNUMBER(FC58),INDIRECT("SamplesX!G"&FC58),IF(ISNUMBER(FD58),INDIRECT("SamplesY!G"&FD58),"")) | H58: =IF(ISNUMBER(FC58),INDIRECT("SamplesX!H"&FC58),IF(ISNUMBER(FD58),INDIRECT("SamplesY!H"&FD58),"")) | K58: 343 | L58: Shimadzu TOC-L | M58: None | P58: Shimadzu TOC-L | Q58: None | T58: Shimadzu TOC-L | U58: None | Y58: None | AC58: None | AF58: IC Anionen | AG58: None | AK58: None | AN58: IC Anionen | AO58: None | AS58: None | AV58: IC Anionen | AW58: None | AZ58: IC Anionen | BA58: None | BD58: IC Kationen | BE58: None | BI58: None | BL58: IC Kationen | BM58: None | BP58: IC Kationen | BQ58: None | BT58: IC Kationen | BU58: None | BY58: None | CC58: None | CG58: None | CK58: None | CN58: SOP 45-34 | CO58: None | CS58: None | CW58: None | CZ58: WTW Multimeter 3430 with FDO 925 | DA58: None | DE58: None | DH58: SOP 45-09 | DI58: None | DL58: SOP 45-09 (SOP muss noch angepasst werden für VSS) | DM58: None | DP58: IC Organic Acids | DQ58: None | DT58: IC Organic Acids | DU58: None | DX58: IC Organic Acids | DY58: None | EB58: IC Organic Acids | EC58: None | EF58: IC Organic Acids | EG58: None | EJ58: IC Organic Acids | EK58: None | EN58: IC Organic Acids | EO58: None | ER58: IC Organic Acids | ES58: None | EV58: LC-MS | EW58: None | EZ58: =CONCATENATE(A58,B58) | FA58: =CONCATENATE(SamplesX!A58,SamplesX!B58) | FC58: =MATCH(EZ58,FA1:FA1008,0)
A59: UO | B59: 25052 | C59: =IF(ISNUMBER(FC59),INDIRECT("SamplesX!C"&FC59),IF(ISNUMBER(FD59),INDIRECT("SamplesY!C"&FD59),"")) | D59: =IF(ISNUMBER(FC59),INDIRECT("SamplesX!D"&FC59),IF(ISNUMBER(FD59),INDIRECT("SamplesY!D"&FD59),"")) | E59: =IF(ISNUMBER(FC59),INDIRECT("SamplesX!E"&FC59),IF(ISNUMBER(FD59),INDIRECT("SamplesY!E"&FD59),"")) | F59: =IF(ISNUMBER(FC59),INDIRECT("SamplesX!F"&FC59),IF(ISNUMBER(FD59),INDIRECT("SamplesY!F"&FD59),"")) | G59: =IF(ISNUMBER(FC59),INDIRECT("SamplesX!G"&FC59),IF(ISNUMBER(FD59),INDIRECT("SamplesY!G"&FD59),"")) | H59: =IF(ISNUMBER(FC59),INDIRECT("SamplesX!H"&FC59),IF(ISNUMBER(FD59),INDIRECT("SamplesY!H"&FD59),"")) | K59: 350 | L59: Shimadzu TOC-L | M59: None | P59: Shimadzu TOC-L | Q59: None | T59: Shimadzu TOC-L | U59: None | Y59: None | AC59: None | AF59: IC Anionen | AG59: None | AK59: None | AN59: IC Anionen | AO59: None | AS59: None | AV59: IC Anionen | AW59: None | AZ59: IC Anionen | BA59: None | BD59: IC Kationen | BE59: None | BI59: None | BL59: IC Kationen | BM59: None | BP59: IC Kationen | BQ59: None | BT59: IC Kationen | BU59: None | BY59: None | CC59: None | CG59: None | CK59: None | CN59: SOP 45-34 | CO59: None | CS59: None | CW59: None | CZ59: WTW Multimeter 3430 with FDO 925 | DA59: None | DE59: None | DH59: SOP 45-09 | DI59: None | DL59: SOP 45-09 (SOP muss noch angepasst werden für VSS) | DM59: None | DP59: IC Organic Acids | DQ59: None | DT59: IC Organic Acids | DU59: None | DX59: IC Organic Acids | DY59: None | EB59: IC Organic Acids | EC59: None | EF59: IC Organic Acids | EG59: None | EJ59: IC Organic Acids | EK59: None | EN59: IC Organic Acids | EO59: None | ER59: IC Organic Acids | ES59: None | EV59: LC-MS | EW59: None | EZ59: =CONCATENATE(A59,B59) | FA59: =CONCATENATE(SamplesX!A59,SamplesX!B59) | FC59: =MATCH(EZ59,FA1:FA1008,0)
A60: UO | B60: 25053 | C60: =IF(ISNUMBER(FC60),INDIRECT("SamplesX!C"&FC60),IF(ISNUMBER(FD60),INDIRECT("SamplesY!C"&FD60),"")) | D60: =IF(ISNUMBER(FC60),INDIRECT("SamplesX!D"&FC60),IF(ISNUMBER(FD60),INDIRECT("SamplesY!D"&FD60),"")) | E60: =IF(ISNUMBER(FC60),INDIRECT("SamplesX!E"&FC60),IF(ISNUMBER(FD60),INDIRECT("SamplesY!E"&FD60),"")) | F60: =IF(ISNUMBER(FC60),INDIRECT("SamplesX!F"&FC60),IF(ISNUMBER(FD60),INDIRECT("SamplesY!F"&FD60),"")) | G60: =IF(ISNUMBER(FC60),INDIRECT("SamplesX!G"&FC60),IF(ISNUMBER(FD60),INDIRECT("SamplesY!G"&FD60),"")) | H60: =IF(ISNUMBER(FC60),INDIRECT("SamplesX!H"&FC60),IF(ISNUMBER(FD60),INDIRECT("SamplesY!H"&FD60),"")) | K60: 3428 | L60: Shimadzu TOC-L | M60: None | P60: Shimadzu TOC-L | Q60: None | T60: Shimadzu TOC-L | U60: None | Y60: None | AC60: None | AF60: IC Anionen | AG60: None | AK60: None | AN60: IC Anionen | AO60: None | AS60: None | AV60: IC Anionen | AW60: None | AZ60: IC Anionen | BA60: None | BD60: IC Kationen | BE60: None | BI60: None | BL60: IC Kationen | BM60: None | BP60: IC Kationen | BQ60: None | BT60: IC Kationen | BU60: None | BY60: None | CC60: None | CG60: None | CK60: None | CN60: SOP 45-34 | CO60: None | CS60: None | CW60: None | CZ60: WTW Multimeter 3430 with FDO 925 | DA60: None | DE60: None | DH60: SOP 45-09 | DI60: None | DL60: SOP 45-09 (SOP muss noch angepasst werden für VSS) | DM60: None | DP60: IC Organic Acids | DQ60: None | DT60: IC Organic Acids | DU60: None | DX60: IC Organic Acids | DY60: None | EB60: IC Organic Acids | EC60: None | EF60: IC Organic Acids | EG60: None | EJ60: IC Organic Acids | EK60: None | EN60: IC Organic Acids | EO60: None | ER60: IC Organic Acids | ES60: None | EV60: LC-MS | EW60: None | EZ60: =CONCATENATE(A60,B60) | FA60: =CONCATENATE(SamplesX!A60,SamplesX!B60) | FC60: =MATCH(EZ60,FA1:FA1008,0)
A61: UO | B61: 25054 | C61: =IF(ISNUMBER(FC61),INDIRECT("SamplesX!C"&FC61),IF(ISNUMBER(FD61),INDIRECT("SamplesY!C"&FD61),"")) | D61: =IF(ISNUMBER(FC61),INDIRECT("SamplesX!D"&FC61),IF(ISNUMBER(FD61),INDIRECT("SamplesY!D"&FD61),"")) | E61: =IF(ISNUMBER(FC61),INDIRECT("SamplesX!E"&FC61),IF(ISNUMBER(FD61),INDIRECT("SamplesY!E"&FD61),"")) | F61: =IF(ISNUMBER(FC61),INDIRECT("SamplesX!F"&FC61),IF(ISNUMBER(FD61),INDIRECT("SamplesY!F"&FD61),"")) | G61: =IF(ISNUMBER(FC61),INDIRECT("SamplesX!G"&FC61),IF(ISNUMBER(FD61),INDIRECT("SamplesY!G"&FD61),"")) | H61: =IF(ISNUMBER(FC61),INDIRECT("SamplesX!H"&FC61),IF(ISNUMBER(FD61),INDIRECT("SamplesY!H"&FD61),"")) | K61: 3286 | L61: Shimadzu TOC-L | M61: None | P61: Shimadzu TOC-L | Q61: None | T61: Shimadzu TOC-L | U61: None | Y61: None | AC61: None | AF61: IC Anionen | AG61: None | AK61: None | AN61: IC Anionen | AO61: None | AS61: None | AV61: IC Anionen | AW61: None | AZ61: IC Anionen | BA61: None | BD61: IC Kationen | BE61: None | BI61: None | BL61: IC Kationen | BM61: None | BP61: IC Kationen | BQ61: None | BT61: IC Kationen | BU61: None | BY61: None | CC61: None | CG61: None | CK61: None | CN61: SOP 45-34 | CO61: None | CS61: None | CW61: None | CZ61: WTW Multimeter 3430 with FDO 925 | DA61: None | DE61: None | DH61: SOP 45-09 | DI61: None | DL61: SOP 45-09 (SOP muss noch angepasst werden für VSS) | DM61: None | DP61: IC Organic Acids | DQ61: None | DT61: IC Organic Acids | DU61: None | DX61: IC Organic Acids | DY61: None | EB61: IC Organic Acids | EC61: None | EF61: IC Organic Acids | EG61: None | EJ61: IC Organic Acids | EK61: None | EN61: IC Organic Acids | EO61: None | ER61: IC Organic Acids | ES61: None | EV61: LC-MS | EW61: None | EZ61: =CONCATENATE(A61,B61) | FA61: =CONCATENATE(SamplesX!A61,SamplesX!B61) | FC61: =MATCH(EZ61,FA1:FA1008,0)
A62: UO | B62: 25055 | C62: =IF(ISNUMBER(FC62),INDIRECT("SamplesX!C"&FC62),IF(ISNUMBER(FD62),INDIRECT("SamplesY!C"&FD62),"")) | D62: =IF(ISNUMBER(FC62),INDIRECT("SamplesX!D"&FC62),IF(ISNUMBER(FD62),INDIRECT("SamplesY!D"&FD62),"")) | E62: =IF(ISNUMBER(FC62),INDIRECT("SamplesX!E"&FC62),IF(ISNUMBER(FD62),INDIRECT("SamplesY!E"&FD62),"")) | F62: =IF(ISNUMBER(FC62),INDIRECT("SamplesX!F"&FC62),IF(ISNUMBER(FD62),INDIRECT("SamplesY!F"&FD62),"")) | G62: =IF(ISNUMBER(FC62),INDIRECT("SamplesX!G"&FC62),IF(ISNUMBER(FD62),INDIRECT("SamplesY!G"&FD62),"")) | H62: =IF(ISNUMBER(FC62),INDIRECT("SamplesX!H"&FC62),IF(ISNUMBER(FD62),INDIRECT("SamplesY!H"&FD62),"")) | K62: 3322 | L62: Shimadzu TOC-L | M62: None | P62: Shimadzu TOC-L | Q62: None | T62: Shimadzu TOC-L | U62: None | Y62: None | AC62: None | AF62: IC Anionen | AG62: None | AK62: None | AN62: IC Anionen | AO62: None | AS62: None | AV62: IC Anionen | AW62: None | AZ62: IC Anionen | BA62: None | BD62: IC Kationen | BE62: None | BI62: None | BL62: IC Kationen | BM62: None | BP62: IC Kationen | BQ62: None | BT62: IC Kationen | BU62: None | BY62: None | CC62: None | CG62: None | CK62: None | CN62: SOP 45-34 | CO62: None | CS62: None | CW62: None | CZ62: WTW Multimeter 3430 with FDO 925 | DA62: None | DE62: None | DH62: SOP 45-09 | DI62: None | DL62: SOP 45-09 (SOP muss noch angepasst werden für VSS) | DM62: None | DP62: IC Organic Acids | DQ62: None | DT62: IC Organic Acids | DU62: None | DX62: IC Organic Acids | DY62: None | EB62: IC Organic Acids | EC62: None | EF62: IC Organic Acids | EG62: None | EJ62: IC Organic Acids | EK62: None | EN62: IC Organic Acids | EO62: None | ER62: IC Organic Acids | ES62: None | EV62: LC-MS | EW62: None | EZ62: =CONCATENATE(A62,B62) | FA62: =CONCATENATE(SamplesX!A62,SamplesX!B62) | FC62: =MATCH(EZ62,FA1:FA1008,0)
A63: UO | B63: 25056 | C63: =IF(ISNUMBER(FC63),INDIRECT("SamplesX!C"&FC63),IF(ISNUMBER(FD63),INDIRECT("SamplesY!C"&FD63),"")) | D63: =IF(ISNUMBER(FC63),INDIRECT("SamplesX!D"&FC63),IF(ISNUMBER(FD63),INDIRECT("SamplesY!D"&FD63),"")) | E63: =IF(ISNUMBER(FC63),INDIRECT("SamplesX!E"&FC63),IF(ISNUMBER(FD63),INDIRECT("SamplesY!E"&FD63),"")) | F63: =IF(ISNUMBER(FC63),INDIRECT("SamplesX!F"&FC63),IF(ISNUMBER(FD63),INDIRECT("SamplesY!F"&FD63),"")) | G63: =IF(ISNUMBER(FC63),INDIRECT("SamplesX!G"&FC63),IF(ISNUMBER(FD63),INDIRECT("SamplesY!G"&FD63),"")) | H63: =IF(ISNUMBER(FC63),INDIRECT("SamplesX!H"&FC63),IF(ISNUMBER(FD63),INDIRECT("SamplesY!H"&FD63),"")) | K63: 3588 | L63: Shimadzu TOC-L | M63: None | P63: Shimadzu TOC-L | Q63: None | T63: Shimadzu TOC-L | U63: None | Y63: None | AC63: None | AF63: IC Anionen | AG63: None | AK63: None | AN63: IC Anionen | AO63: None | AS63: None | AV63: IC Anionen | AW63: None | AZ63: IC Anionen | BA63: None | BD63: IC Kationen | BE63: None | BI63: None | BL63: IC Kationen | BM63: None | BP63: IC Kationen | BQ63: None | BT63: IC Kationen | BU63: None | BY63: None | CC63: None | CG63: None | CK63: None | CN63: SOP 45-34 | CO63: None | CS63: None | CW63: None | CZ63: WTW Multimeter 3430 with FDO 925 | DA63: None | DE63: None | DH63: SOP 45-09 | DI63: None | DL63: SOP 45-09 (SOP muss noch angepasst werden für VSS) | DM63: None | DP63: IC Organic Acids | DQ63: None | DT63: IC Organic Acids | DU63: None | DX63: IC Organic Acids | DY63: None | EB63: IC Organic Acids | EC63: None | EF63: IC Organic Acids | EG63: None | EJ63: IC Organic Acids | EK63: None | EN63: IC Organic Acids | EO63: None | ER63: IC Organic Acids | ES63: None | EV63: LC-MS | EW63: None | EZ63: =CONCATENATE(A63,B63) | FA63: =CONCATENATE(SamplesX!A63,SamplesX!B63) | FC63: =MATCH(EZ63,FA1:FA1008,0)
A64: UO | B64: 25057 | C64: =IF(ISNUMBER(FC64),INDIRECT("SamplesX!C"&FC64),IF(ISNUMBER(FD64),INDIRECT("SamplesY!C"&FD64),"")) | D64: =IF(ISNUMBER(FC64),INDIRECT("SamplesX!D"&FC64),IF(ISNUMBER(FD64),INDIRECT("SamplesY!D"&FD64),"")) | E64: =IF(ISNUMBER(FC64),INDIRECT("SamplesX!E"&FC64),IF(ISNUMBER(FD64),INDIRECT("SamplesY!E"&FD64),"")) | F64: =IF(ISNUMBER(FC64),INDIRECT("SamplesX!F"&FC64),IF(ISNUMBER(FD64),INDIRECT("SamplesY!F"&FD64),"")) | G64: =IF(ISNUMBER(FC64),INDIRECT("SamplesX!G"&FC64),IF(ISNUMBER(FD64),INDIRECT("SamplesY!G"&FD64),"")) | H64: =IF(ISNUMBER(FC64),INDIRECT("SamplesX!H"&FC64),IF(ISNUMBER(FD64),INDIRECT("SamplesY!H"&FD64),"")) | K64: 3444 | L64: Shimadzu TOC-L | M64: None | P64: Shimadzu TOC-L | Q64: None | T64: Shimadzu TOC-L | U64: None | Y64: None | AC64: None | AF64: IC Anionen | AG64: None | AK64: None | AN64: IC Anionen | AO64: None | AS64: None | AV64: IC Anionen | AW64: None | AZ64: IC Anionen | BA64: None | BD64: IC Kationen | BE64: None | BI64: None | BL64: IC Kationen | BM64: None | BP64: IC Kationen | BQ64: None | BT64: IC Kationen | BU64: None | BY64: None | CC64: None | CG64: None | CK64: None | CN64: SOP 45-34 | CO64: None | CS64: None | CW64: None | CZ64: WTW Multimeter 3430 with FDO 925 | DA64: None | DE64: None | DH64: SOP 45-09 | DI64: None | DL64: SOP 45-09 (SOP muss noch angepasst werden für VSS) | DM64: None | DP64: IC Organic Acids | DQ64: None | DT64: IC Organic Acids | DU64: None | DX64: IC Organic Acids | DY64: None | EB64: IC Organic Acids | EC64: None | EF64: IC Organic Acids | EG64: None | EJ64: IC Organic Acids | EK64: None | EN64: IC Organic Acids | EO64: None | ER64: IC Organic Acids | ES64: None | EV64: LC-MS | EW64: None | EZ64: =CONCATENATE(A64,B64) | FA64: =CONCATENATE(SamplesX!A64,SamplesX!B64) | FC64: =MATCH(EZ64,FA1:FA1008,0)
A65: UO | B65: 25058 | C65: =IF(ISNUMBER(FC65),INDIRECT("SamplesX!C"&FC65),IF(ISNUMBER(FD65),INDIRECT("SamplesY!C"&FD65),"")) | D65: =IF(ISNUMBER(FC65),INDIRECT("SamplesX!D"&FC65),IF(ISNUMBER(FD65),INDIRECT("SamplesY!D"&FD65),"")) | E65: =IF(ISNUMBER(FC65),INDIRECT("SamplesX!E"&FC65),IF(ISNUMBER(FD65),INDIRECT("SamplesY!E"&FD65),"")) | F65: =IF(ISNUMBER(FC65),INDIRECT("SamplesX!F"&FC65),IF(ISNUMBER(FD65),INDIRECT("SamplesY!F"&FD65),"")) | G65: =IF(ISNUMBER(FC65),INDIRECT("SamplesX!G"&FC65),IF(ISNUMBER(FD65),INDIRECT("SamplesY!G"&FD65),"")) | H65: =IF(ISNUMBER(FC65),INDIRECT("SamplesX!H"&FC65),IF(ISNUMBER(FD65),INDIRECT("SamplesY!H"&FD65),"")) | K65: 3401 | L65: Shimadzu TOC-L | M65: None | P65: Shimadzu TOC-L | Q65: None | T65: Shimadzu TOC-L | U65: None | Y65: None | AC65: None | AF65: IC Anionen | AG65: None | AK65: None | AN65: IC Anionen | AO65: None | AS65: None | AV65: IC Anionen | AW65: None | AZ65: IC Anionen | BA65: None | BD65: IC Kationen | BE65: None | BI65: None | BL65: IC Kationen | BM65: None | BP65: IC Kationen | BQ65: None | BT65: IC Kationen | BU65: None | BY65: None | CC65: None | CG65: None | CK65: None | CN65: SOP 45-34 | CO65: None | CS65: None | CW65: None | CZ65: WTW Multimeter 3430 with FDO 925 | DA65: None | DE65: None | DH65: SOP 45-09 | DI65: None | DL65: SOP 45-09 (SOP muss noch angepasst werden für VSS) | DM65: None | DP65: IC Organic Acids | DQ65: None | DT65: IC Organic Acids | DU65: None | DX65: IC Organic Acids | DY65: None | EB65: IC Organic Acids | EC65: None | EF65: IC Organic Acids | EG65: None | EJ65: IC Organic Acids | EK65: None | EN65: IC Organic Acids | EO65: None | ER65: IC Organic Acids | ES65: None | EV65: LC-MS | EW65: None | EZ65: =CONCATENATE(A65,B65) | FA65: =CONCATENATE(SamplesX!A65,SamplesX!B65) | FC65: =MATCH(EZ65,FA1:FA1008,0)
A66: UO | B66: 25059 | C66: =IF(ISNUMBER(FC66),INDIRECT("SamplesX!C"&FC66),IF(ISNUMBER(FD66),INDIRECT("SamplesY!C"&FD66),"")) | D66: =IF(ISNUMBER(FC66),INDIRECT("SamplesX!D"&FC66),IF(ISNUMBER(FD66),INDIRECT("SamplesY!D"&FD66),"")) | E66: =IF(ISNUMBER(FC66),INDIRECT("SamplesX!E"&FC66),IF(ISNUMBER(FD66),INDIRECT("SamplesY!E"&FD66),"")) | F66: =IF(ISNUMBER(FC66),INDIRECT("SamplesX!F"&FC66),IF(ISNUMBER(FD66),INDIRECT("SamplesY!F"&FD66),"")) | G66: =IF(ISNUMBER(FC66),INDIRECT("SamplesX!G"&FC66),IF(ISNUMBER(FD66),INDIRECT("SamplesY!G"&FD66),"")) | H66: =IF(ISNUMBER(FC66),INDIRECT("SamplesX!H"&FC66),IF(ISNUMBER(FD66),INDIRECT("SamplesY!H"&FD66),"")) | K66: 3587 | L66: Shimadzu TOC-L | M66: None | P66: Shimadzu TOC-L | Q66: None | T66: Shimadzu TOC-L | U66: None | Y66: None | AC66: None | AF66: IC Anionen | AG66: None | AK66: None | AN66: IC Anionen | AO66: None | AS66: None | AV66: IC Anionen | AW66: None | AZ66: IC Anionen | BA66: None | BD66: IC Kationen | BE66: None | BI66: None | BL66: IC Kationen | BM66: None | BP66: IC Kationen | BQ66: None | BT66: IC Kationen | BU66: None | BY66: None | CC66: None | CG66: None | CK66: None | CN66: SOP 45-34 | CO66: None | CS66: None | CW66: None | CZ66: WTW Multimeter 3430 with FDO 925 | DA66: None | DE66: None | DH66: SOP 45-09 | DI66: None | DL66: SOP 45-09 (SOP muss noch angepasst werden für VSS) | DM66: None | DP66: IC Organic Acids | DQ66: None | DT66: IC Organic Acids | DU66: None | DX66: IC Organic Acids | DY66: None | EB66: IC Organic Acids | EC66: None | EF66: IC Organic Acids | EG66: None | EJ66: IC Organic Acids | EK66: None | EN66: IC Organic Acids | EO66: None | ER66: IC Organic Acids | ES66: None | EV66: LC-MS | EW66: None | EZ66: =CONCATENATE(A66,B66) | FA66: =CONCATENATE(SamplesX!A66,SamplesX!B66) | FC66: =MATCH(EZ66,FA1:FA1008,0)
A67: UO | B67: 25060 | C67: =IF(ISNUMBER(FC67),INDIRECT("SamplesX!C"&FC67),IF(ISNUMBER(FD67),INDIRECT("SamplesY!C"&FD67),"")) | D67: =IF(ISNUMBER(FC67),INDIRECT("SamplesX!D"&FC67),IF(ISNUMBER(FD67),INDIRECT("SamplesY!D"&FD67),"")) | E67: =IF(ISNUMBER(FC67),INDIRECT("SamplesX!E"&FC67),IF(ISNUMBER(FD67),INDIRECT("SamplesY!E"&FD67),"")) | F67: =IF(ISNUMBER(FC67),INDIRECT("SamplesX!F"&FC67),IF(ISNUMBER(FD67),INDIRECT("SamplesY!F"&FD67),"")) | G67: =IF(ISNUMBER(FC67),INDIRECT("SamplesX!G"&FC67),IF(ISNUMBER(FD67),INDIRECT("SamplesY!G"&FD67),"")) | H67: =IF(ISNUMBER(FC67),INDIRECT("SamplesX!H"&FC67),IF(ISNUMBER(FD67),INDIRECT("SamplesY!H"&FD67),"")) | K67: 3689 | L67: Shimadzu TOC-L | M67: None | P67: Shimadzu TOC-L | Q67: None | T67: Shimadzu TOC-L | U67: None | Y67: None | AC67: None | AF67: IC Anionen | AG67: None | AK67: None | AN67: IC Anionen | AO67: None | AS67: None | AV67: IC Anionen | AW67: None | AZ67: IC Anionen | BA67: None | BD67: IC Kationen | BE67: None | BI67: None | BL67: IC Kationen | BM67: None | BP67: IC Kationen | BQ67: None | BT67: IC Kationen | BU67: None | BY67: None | CC67: None | CG67: None | CK67: None | CN67: SOP 45-34 | CO67: None | CS67: None | CW67: None | CZ67: WTW Multimeter 3430 with FDO 925 | DA67: None | DE67: None | DH67: SOP 45-09 | DI67: None | DL67: SOP 45-09 (SOP muss noch angepasst werden für VSS) | DM67: None | DP67: IC Organic Acids | DQ67: None | DT67: IC Organic Acids | DU67: None | DX67: IC Organic Acids | DY67: None | EB67: IC Organic Acids | EC67: None | EF67: IC Organic Acids | EG67: None | EJ67: IC Organic Acids | EK67: None | EN67: IC Organic Acids | EO67: None | ER67: IC Organic Acids | ES67: None | EV67: LC-MS | EW67: None | EZ67: =CONCATENATE(A67,B67) | FA67: =CONCATENATE(SamplesX!A67,SamplesX!B67) | FC67: =MATCH(EZ67,FA1:FA1008,0)
A68: UO | B68: 25061 | C68: =IF(ISNUMBER(FC68),INDIRECT("SamplesX!C"&FC68),IF(ISNUMBER(FD68),INDIRECT("SamplesY!C"&FD68),"")) | D68: =IF(ISNUMBER(FC68),INDIRECT("SamplesX!D"&FC68),IF(ISNUMBER(FD68),INDIRECT("SamplesY!D"&FD68),"")) | E68: =IF(ISNUMBER(FC68),INDIRECT("SamplesX!E"&FC68),IF(ISNUMBER(FD68),INDIRECT("SamplesY!E"&FD68),"")) | F68: =IF(ISNUMBER(FC68),INDIRECT("SamplesX!F"&FC68),IF(ISNUMBER(FD68),INDIRECT("SamplesY!F"&FD68),"")) | G68: =IF(ISNUMBER(FC68),INDIRECT("SamplesX!G"&FC68),IF(ISNUMBER(FD68),INDIRECT("SamplesY!G"&FD68),"")) | H68: =IF(ISNUMBER(FC68),INDIRECT("SamplesX!H"&FC68),IF(ISNUMBER(FD68),INDIRECT("SamplesY!H"&FD68),"")) | K68: 2273 | L68: Shimadzu TOC-L | M68: None | P68: Shimadzu TOC-L | Q68: None | T68: Shimadzu TOC-L | U68: None | Y68: None | AC68: None | AF68: IC Anionen | AG68: None | AK68: None | AN68: IC Anionen | AO68: None | AS68: None | AV68: IC Anionen | AW68: None | AZ68: IC Anionen | BA68: None | BD68: IC Kationen | BE68: None | BI68: None | BL68: IC Kationen | BM68: None | BP68: IC Kationen | BQ68: None | BT68: IC Kationen | BU68: None | BY68: None | CC68: None | CG68: None | CK68: None | CN68: SOP 45-34 | CO68: None | CS68: None | CW68: None | CZ68: WTW Multimeter 3430 with FDO 925 | DA68: None | DE68: None | DH68: SOP 45-09 | DI68: None | DL68: SOP 45-09 (SOP muss noch angepasst werden für VSS) | DM68: None | DP68: IC Organic Acids | DQ68: None | DT68: IC Organic Acids | DU68: None | DX68: IC Organic Acids | DY68: None | EB68: IC Organic Acids | EC68: None | EF68: IC Organic Acids | EG68: None | EJ68: IC Organic Acids | EK68: None | EN68: IC Organic Acids | EO68: None | ER68: IC Organic Acids | ES68: None | EV68: LC-MS | EW68: None | EZ68: =CONCATENATE(A68,B68) | FA68: =CONCATENATE(SamplesX!A68,SamplesX!B68) | FC68: =MATCH(EZ68,FA1:FA1008,0)
A69: UO | B69: 25062 | C69: =IF(ISNUMBER(FC69),INDIRECT("SamplesX!C"&FC69),IF(ISNUMBER(FD69),INDIRECT("SamplesY!C"&FD69),"")) | D69: =IF(ISNUMBER(FC69),INDIRECT("SamplesX!D"&FC69),IF(ISNUMBER(FD69),INDIRECT("SamplesY!D"&FD69),"")) | E69: =IF(ISNUMBER(FC69),INDIRECT("SamplesX!E"&FC69),IF(ISNUMBER(FD69),INDIRECT("SamplesY!E"&FD69),"")) | F69: =IF(ISNUMBER(FC69),INDIRECT("SamplesX!F"&FC69),IF(ISNUMBER(FD69),INDIRECT("SamplesY!F"&FD69),"")) | G69: =IF(ISNUMBER(FC69),INDIRECT("SamplesX!G"&FC69),IF(ISNUMBER(FD69),INDIRECT("SamplesY!G"&FD69),"")) | H69: =IF(ISNUMBER(FC69),INDIRECT("SamplesX!H"&FC69),IF(ISNUMBER(FD69),INDIRECT("SamplesY!H"&FD69),"")) | K69: 4392 | L69: Shimadzu TOC-L | M69: None | P69: Shimadzu TOC-L | Q69: None | T69: Shimadzu TOC-L | U69: None | Y69: None | AC69: None | AF69: IC Anionen | AG69: None | AK69: None | AN69: IC Anionen | AO69: None | AS69: None | AV69: IC Anionen | AW69: None | AZ69: IC Anionen | BA69: None | BD69: IC Kationen | BE69: None | BI69: None | BL69: IC Kationen | BM69: None | BP69: IC Kationen | BQ69: None | BT69: IC Kationen | BU69: None | BY69: None | CC69: None | CG69: None | CK69: None | CN69: SOP 45-34 | CO69: None | CS69: None | CW69: None | CZ69: WTW Multimeter 3430 with FDO 925 | DA69: None | DE69: None | DH69: SOP 45-09 | DI69: None | DL69: SOP 45-09 (SOP muss noch angepasst werden für VSS) | DM69: None | DP69: IC Organic Acids | DQ69: None | DT69: IC Organic Acids | DU69: None | DX69: IC Organic Acids | DY69: None | EB69: IC Organic Acids | EC69: None | EF69: IC Organic Acids | EG69: None | EJ69: IC Organic Acids | EK69: None | EN69: IC Organic Acids | EO69: None | ER69: IC Organic Acids | ES69: None | EV69: LC-MS | EW69: None | EZ69: =CONCATENATE(A69,B69) | FA69: =CONCATENATE(SamplesX!A69,SamplesX!B69) | FC69: =MATCH(EZ69,FA1:FA1008,0)
A70: UO | B70: 25063 | C70: =IF(ISNUMBER(FC70),INDIRECT("SamplesX!C"&FC70),IF(ISNUMBER(FD70),INDIRECT("SamplesY!C"&FD70),"")) | D70: =IF(ISNUMBER(FC70),INDIRECT("SamplesX!D"&FC70),IF(ISNUMBER(FD70),INDIRECT("SamplesY!D"&FD70),"")) | E70: =IF(ISNUMBER(FC70),INDIRECT("SamplesX!E"&FC70),IF(ISNUMBER(FD70),INDIRECT("SamplesY!E"&FD70),"")) | F70: =IF(ISNUMBER(FC70),INDIRECT("SamplesX!F"&FC70),IF(ISNUMBER(FD70),INDIRECT("SamplesY!F"&FD70),"")) | G70: =IF(ISNUMBER(FC70),INDIRECT("SamplesX!G"&FC70),IF(ISNUMBER(FD70),INDIRECT("SamplesY!G"&FD70),"")) | H70: =IF(ISNUMBER(FC70),INDIRECT("SamplesX!H"&FC70),IF(ISNUMBER(FD70),INDIRECT("SamplesY!H"&FD70),"")) | K70: 3422 | L70: Shimadzu TOC-L | M70: None | P70: Shimadzu TOC-L | Q70: None | T70: Shimadzu TOC-L | U70: None | Y70: None | AC70: None | AF70: IC Anionen | AG70: None | AK70: None | AN70: IC Anionen | AO70: None | AS70: None | AV70: IC Anionen | AW70: None | AZ70: IC Anionen | BA70: None | BD70: IC Kationen | BE70: None | BI70: None | BL70: IC Kationen | BM70: None | BP70: IC Kationen | BQ70: None | BT70: IC Kationen | BU70: None | BY70: None | CC70: None | CG70: None | CK70: None | CN70: SOP 45-34 | CO70: None | CS70: None | CW70: None | CZ70: WTW Multimeter 3430 with FDO 925 | DA70: None | DE70: None | DH70: SOP 45-09 | DI70: None | DL70: SOP 45-09 (SOP muss noch angepasst werden für VSS) | DM70: None | DP70: IC Organic Acids | DQ70: None | DT70: IC Organic Acids | DU70: None | DX70: IC Organic Acids | DY70: None | EB70: IC Organic Acids | EC70: None | EF70: IC Organic Acids | EG70: None | EJ70: IC Organic Acids | EK70: None | EN70: IC Organic Acids | EO70: None | ER70: IC Organic Acids | ES70: None | EV70: LC-MS | EW70: None | EZ70: =CONCATENATE(A70,B70) | FA70: =CONCATENATE(SamplesX!A70,SamplesX!B70) | FC70: =MATCH(EZ70,FA1:FA1008,0)
A71: UO | B71: 25064 | C71: =IF(ISNUMBER(FC71),INDIRECT("SamplesX!C"&FC71),IF(ISNUMBER(FD71),INDIRECT("SamplesY!C"&FD71),"")) | D71: =IF(ISNUMBER(FC71),INDIRECT("SamplesX!D"&FC71),IF(ISNUMBER(FD71),INDIRECT("SamplesY!D"&FD71),"")) | E71: =IF(ISNUMBER(FC71),INDIRECT("SamplesX!E"&FC71),IF(ISNUMBER(FD71),INDIRECT("SamplesY!E"&FD71),"")) | F71: =IF(ISNUMBER(FC71),INDIRECT("SamplesX!F"&FC71),IF(ISNUMBER(FD71),INDIRECT("SamplesY!F"&FD71),"")) | G71: =IF(ISNUMBER(FC71),INDIRECT("SamplesX!G"&FC71),IF(ISNUMBER(FD71),INDIRECT("SamplesY!G"&FD71),"")) | H71: =IF(ISNUMBER(FC71),INDIRECT("SamplesX!H"&FC71),IF(ISNUMBER(FD71),INDIRECT("SamplesY!H"&FD71),"")) | K71: 3468 | L71: Shimadzu TOC-L | M71: None | P71: Shimadzu TOC-L | Q71: None | T71: Shimadzu TOC-L | U71: None | Y71: None | AC71: None | AF71: IC Anionen | AG71: None | AK71: None | AN71: IC Anionen | AO71: None | AS71: None | AV71: IC Anionen | AW71: None | AZ71: IC Anionen | BA71: None | BD71: IC Kationen | BE71: None | BI71: None | BL71: IC Kationen | BM71: None | BP71: IC Kationen | BQ71: None | BT71: IC Kationen | BU71: None | BY71: None | CC71: None | CG71: None | CK71: None | CN71: SOP 45-34 | CO71: None | CS71: None | CW71: None | CZ71: WTW Multimeter 3430 with FDO 925 | DA71: None | DE71: None | DH71: SOP 45-09 | DI71: None | DL71: SOP 45-09 (SOP muss noch angepasst werden für VSS) | DM71: None | DP71: IC Organic Acids | DQ71: None | DT71: IC Organic Acids | DU71: None | DX71: IC Organic Acids | DY71: None | EB71: IC Organic Acids | EC71: None | EF71: IC Organic Acids | EG71: None | EJ71: IC Organic Acids | EK71: None | EN71: IC Organic Acids | EO71: None | ER71: IC Organic Acids | ES71: None | EV71: LC-MS | EW71: None | EZ71: =CONCATENATE(A71,B71) | FA71: =CONCATENATE(SamplesX!A71,SamplesX!B71) | FC71: =MATCH(EZ71,FA1:FA1008,0)
A72: UO | B72: 25065 | C72: =IF(ISNUMBER(FC72),INDIRECT("SamplesX!C"&FC72),IF(ISNUMBER(FD72),INDIRECT("SamplesY!C"&FD72),"")) | D72: =IF(ISNUMBER(FC72),INDIRECT("SamplesX!D"&FC72),IF(ISNUMBER(FD72),INDIRECT("SamplesY!D"&FD72),"")) | E72: =IF(ISNUMBER(FC72),INDIRECT("SamplesX!E"&FC72),IF(ISNUMBER(FD72),INDIRECT("SamplesY!E"&FD72),"")) | F72: =IF(ISNUMBER(FC72),INDIRECT("SamplesX!F"&FC72),IF(ISNUMBER(FD72),INDIRECT("SamplesY!F"&FD72),"")) | G72: =IF(ISNUMBER(FC72),INDIRECT("SamplesX!G"&FC72),IF(ISNUMBER(FD72),INDIRECT("SamplesY!G"&FD72),"")) | H72: =IF(ISNUMBER(FC72),INDIRECT("SamplesX!H"&FC72),IF(ISNUMBER(FD72),INDIRECT("SamplesY!H"&FD72),"")) | K72: 720 | L72: Shimadzu TOC-L | M72: None | P72: Shimadzu TOC-L | Q72: None | T72: Shimadzu TOC-L | U72: None | Y72: None | AC72: None | AF72: IC Anionen | AG72: None | AK72: None | AN72: IC Anionen | AO72: None | AS72: None | AV72: IC Anionen | AW72: None | AZ72: IC Anionen | BA72: None | BD72: IC Kationen | BE72: None | BI72: None | BL72: IC Kationen | BM72: None | BP72: IC Kationen | BQ72: None | BT72: IC Kationen | BU72: None | BY72: None | CC72: None | CG72: None | CK72: None | CN72: SOP 45-34 | CO72: None | CS72: None | CW72: None | CZ72: WTW Multimeter 3430 with FDO 925 | DA72: None | DE72: None | DH72: SOP 45-09 | DI72: None | DL72: SOP 45-09 (SOP muss noch angepasst werden für VSS) | DM72: None | DP72: IC Organic Acids | DQ72: None | DT72: IC Organic Acids | DU72: None | DX72: IC Organic Acids | DY72: None | EB72: IC Organic Acids | EC72: None | EF72: IC Organic Acids | EG72: None | EJ72: IC Organic Acids | EK72: None | EN72: IC Organic Acids | EO72: None | ER72: IC Organic Acids | ES72: None | EV72: LC-MS | EW72: None | EZ72: =CONCATENATE(A72,B72) | FA72: =CONCATENATE(SamplesX!A72,SamplesX!B72) | FC72: =MATCH(EZ72,FA1:FA1008,0)
A73: UO | B73: 25066 | C73: =IF(ISNUMBER(FC73),INDIRECT("SamplesX!C"&FC73),IF(ISNUMBER(FD73),INDIRECT("SamplesY!C"&FD73),"")) | D73: =IF(ISNUMBER(FC73),INDIRECT("SamplesX!D"&FC73),IF(ISNUMBER(FD73),INDIRECT("SamplesY!D"&FD73),"")) | E73: =IF(ISNUMBER(FC73),INDIRECT("SamplesX!E"&FC73),IF(ISNUMBER(FD73),INDIRECT("SamplesY!E"&FD73),"")) | F73: =IF(ISNUMBER(FC73),INDIRECT("SamplesX!F"&FC73),IF(ISNUMBER(FD73),INDIRECT("SamplesY!F"&FD73),"")) | G73: =IF(ISNUMBER(FC73),INDIRECT("SamplesX!G"&FC73),IF(ISNUMBER(FD73),INDIRECT("SamplesY!G"&FD73),"")) | H73: =IF(ISNUMBER(FC73),INDIRECT("SamplesX!H"&FC73),IF(ISNUMBER(FD73),INDIRECT("SamplesY!H"&FD73),"")) | K73: 707 | L73: Shimadzu TOC-L | M73: None | P73: Shimadzu TOC-L | Q73: None | T73: Shimadzu TOC-L | U73: None | Y73: None | AC73: None | AF73: IC Anionen | AG73: None | AK73: None | AN73: IC Anionen | AO73: None | AS73: None | AV73: IC Anionen | AW73: None | AZ73: IC Anionen | BA73: None | BD73: IC Kationen | BE73: None | BI73: None | BL73: IC Kationen | BM73: None | BP73: IC Kationen | BQ73: None | BT73: IC Kationen | BU73: None | BY73: None | CC73: None | CG73: None | CK73: None | CN73: SOP 45-34 | CO73: None | CS73: None | CW73: None | CZ73: WTW Multimeter 3430 with FDO 925 | DA73: None | DE73: None | DH73: SOP 45-09 | DI73: None | DL73: SOP 45-09 (SOP muss noch angepasst werden für VSS) | DM73: None | DP73: IC Organic Acids | DQ73: None | DT73: IC Organic Acids | DU73: None | DX73: IC Organic Acids | DY73: None | EB73: IC Organic Acids | EC73: None | EF73: IC Organic Acids | EG73: None | EJ73: IC Organic Acids | EK73: None | EN73: IC Organic Acids | EO73: None | ER73: IC Organic Acids | ES73: None | EV73: LC-MS | EW73: None | EZ73: =CONCATENATE(A73,B73) | FA73: =CONCATENATE(SamplesX!A73,SamplesX!B73) | FC73: =MATCH(EZ73,FA1:FA1008,0)
A74: UO | B74: 25067 | C74: =IF(ISNUMBER(FC74),INDIRECT("SamplesX!C"&FC74),IF(ISNUMBER(FD74),INDIRECT("SamplesY!C"&FD74),"")) | D74: =IF(ISNUMBER(FC74),INDIRECT("SamplesX!D"&FC74),IF(ISNUMBER(FD74),INDIRECT("SamplesY!D"&FD74),"")) | E74: =IF(ISNUMBER(FC74),INDIRECT("SamplesX!E"&FC74),IF(ISNUMBER(FD74),INDIRECT("SamplesY!E"&FD74),"")) | F74: =IF(ISNUMBER(FC74),INDIRECT("SamplesX!F"&FC74),IF(ISNUMBER(FD74),INDIRECT("SamplesY!F"&FD74),"")) | G74: =IF(ISNUMBER(FC74),INDIRECT("SamplesX!G"&FC74),IF(ISNUMBER(FD74),INDIRECT("SamplesY!G"&FD74),"")) | H74: =IF(ISNUMBER(FC74),INDIRECT("SamplesX!H"&FC74),IF(ISNUMBER(FD74),INDIRECT("SamplesY!H"&FD74),"")) | K74: 339 | L74: Shimadzu TOC-L | M74: None | P74: Shimadzu TOC-L | Q74: None | T74: Shimadzu TOC-L | U74: None | Y74: None | AC74: None | AF74: IC Anionen | AG74: None | AK74: None | AN74: IC Anionen | AO74: None | AS74: None | AV74: IC Anionen | AW74: None | AZ74: IC Anionen | BA74: None | BD74: IC Kationen | BE74: None | BI74: None | BL74: IC Kationen | BM74: None | BP74: IC Kationen | BQ74: None | BT74: IC Kationen | BU74: None | BY74: None | CC74: None | CG74: None | CK74: None | CN74: SOP 45-34 | CO74: None | CS74: None | CW74: None | CZ74: WTW Multimeter 3430 with FDO 925 | DA74: None | DE74: None | DH74: SOP 45-09 | DI74: None | DL74: SOP 45-09 (SOP muss noch angepasst werden für VSS) | DM74: None | DP74: IC Organic Acids | DQ74: None | DT74: IC Organic Acids | DU74: None | DX74: IC Organic Acids | DY74: None | EB74: IC Organic Acids | EC74: None | EF74: IC Organic Acids | EG74: None | EJ74: IC Organic Acids | EK74: None | EN74: IC Organic Acids | EO74: None | ER74: IC Organic Acids | ES74: None | EV74: LC-MS | EW74: None | EZ74: =CONCATENATE(A74,B74) | FA74: =CONCATENATE(SamplesX!A74,SamplesX!B74) | FC74: =MATCH(EZ74,FA1:FA1008,0)
A75: UO | B75: 25068 | C75: =IF(ISNUMBER(FC75),INDIRECT("SamplesX!C"&FC75),IF(ISNUMBER(FD75),INDIRECT("SamplesY!C"&FD75),"")) | D75: =IF(ISNUMBER(FC75),INDIRECT("SamplesX!D"&FC75),IF(ISNUMBER(FD75),INDIRECT("SamplesY!D"&FD75),"")) | E75: =IF(ISNUMBER(FC75),INDIRECT("SamplesX!E"&FC75),IF(ISNUMBER(FD75),INDIRECT("SamplesY!E"&FD75),"")) | F75: =IF(ISNUMBER(FC75),INDIRECT("SamplesX!F"&FC75),IF(ISNUMBER(FD75),INDIRECT("SamplesY!F"&FD75),"")) | G75: =IF(ISNUMBER(FC75),INDIRECT("SamplesX!G"&FC75),IF(ISNUMBER(FD75),INDIRECT("SamplesY!G"&FD75),"")) | H75: =IF(ISNUMBER(FC75),INDIRECT("SamplesX!H"&FC75),IF(ISNUMBER(FD75),INDIRECT("SamplesY!H"&FD75),"")) | K75: 317 | L75: Shimadzu TOC-L | M75: None | P75: Shimadzu TOC-L | Q75: None | T75: Shimadzu TOC-L | U75: None | Y75: None | AC75: None | AF75: IC Anionen | AG75: None | AK75: None | AN75: IC Anionen | AO75: None | AS75: None | AV75: IC Anionen | AW75: None | AZ75: IC Anionen | BA75: None | BD75: IC Kationen | BE75: None | BI75: None | BL75: IC Kationen | BM75: None | BP75: IC Kationen | BQ75: None | BT75: IC Kationen | BU75: None | BY75: None | CC75: None | CG75: None | CK75: None | CN75: SOP 45-34 | CO75: None | CS75: None | CW75: None | CZ75: WTW Multimeter 3430 with FDO 925 | DA75: None | DE75: None | DH75: SOP 45-09 | DI75: None | DL75: SOP 45-09 (SOP muss noch angepasst werden für VSS) | DM75: None | DP75: IC Organic Acids | DQ75: None | DT75: IC Organic Acids | DU75: None | DX75: IC Organic Acids | DY75: None | EB75: IC Organic Acids | EC75: None | EF75: IC Organic Acids | EG75: None | EJ75: IC Organic Acids | EK75: None | EN75: IC Organic Acids | EO75: None | ER75: IC Organic Acids | ES75: None | EV75: LC-MS | EW75: None | EZ75: =CONCATENATE(A75,B75) | FA75: =CONCATENATE(SamplesX!A75,SamplesX!B75) | FC75: =MATCH(EZ75,FA1:FA1008,0)
A76: UO | B76: 25069 | C76: =IF(ISNUMBER(FC76),INDIRECT("SamplesX!C"&FC76),IF(ISNUMBER(FD76),INDIRECT("SamplesY!C"&FD76),"")) | D76: =IF(ISNUMBER(FC76),INDIRECT("SamplesX!D"&FC76),IF(ISNUMBER(FD76),INDIRECT("SamplesY!D"&FD76),"")) | E76: =IF(ISNUMBER(FC76),INDIRECT("SamplesX!E"&FC76),IF(ISNUMBER(FD76),INDIRECT("SamplesY!E"&FD76),"")) | F76: =IF(ISNUMBER(FC76),INDIRECT("SamplesX!F"&FC76),IF(ISNUMBER(FD76),INDIRECT("SamplesY!F"&FD76),"")) | G76: =IF(ISNUMBER(FC76),INDIRECT("SamplesX!G"&FC76),IF(ISNUMBER(FD76),INDIRECT("SamplesY!G"&FD76),"")) | H76: =IF(ISNUMBER(FC76),INDIRECT("SamplesX!H"&FC76),IF(ISNUMBER(FD76),INDIRECT("SamplesY!H"&FD76),"")) | K76: 3277 | L76: Shimadzu TOC-L | M76: None | P76: Shimadzu TOC-L | Q76: None | T76: Shimadzu TOC-L | U76: None | Y76: None | AC76: None | AF76: IC Anionen | AG76: None | AK76: None | AN76: IC Anionen | AO76: None | AS76: None | AV76: IC Anionen | AW76: None | AZ76: IC Anionen | BA76: None | BD76: IC Kationen | BE76: None | BI76: None | BL76: IC Kationen | BM76: None | BP76: IC Kationen | BQ76: None | BT76: IC Kationen | BU76: None | BY76: None | CC76: None | CG76: None | CK76: None | CN76: SOP 45-34 | CO76: None | CS76: None | CW76: None | CZ76: WTW Multimeter 3430 with FDO 925 | DA76: None | DE76: None | DH76: SOP 45-09 | DI76: None | DL76: SOP 45-09 (SOP muss noch angepasst werden für VSS) | DM76: None | DP76: IC Organic Acids | DQ76: None | DT76: IC Organic Acids | DU76: None | DX76: IC Organic Acids | DY76: None | EB76: IC Organic Acids | EC76: None | EF76: IC Organic Acids | EG76: None | EJ76: IC Organic Acids | EK76: None | EN76: IC Organic Acids | EO76: None | ER76: IC Organic Acids | ES76: None | EV76: LC-MS | EW76: None | EZ76: =CONCATENATE(A76,B76) | FA76: =CONCATENATE(SamplesX!A76,SamplesX!B76) | FC76: =MATCH(EZ76,FA1:FA1008,0)
A77: UO | B77: 25070 | C77: =IF(ISNUMBER(FC77),INDIRECT("SamplesX!C"&FC77),IF(ISNUMBER(FD77),INDIRECT("SamplesY!C"&FD77),"")) | D77: =IF(ISNUMBER(FC77),INDIRECT("SamplesX!D"&FC77),IF(ISNUMBER(FD77),INDIRECT("SamplesY!D"&FD77),"")) | E77: =IF(ISNUMBER(FC77),INDIRECT("SamplesX!E"&FC77),IF(ISNUMBER(FD77),INDIRECT("SamplesY!E"&FD77),"")) | F77: =IF(ISNUMBER(FC77),INDIRECT("SamplesX!F"&FC77),IF(ISNUMBER(FD77),INDIRECT("SamplesY!F"&FD77),"")) | G77: =IF(ISNUMBER(FC77),INDIRECT("SamplesX!G"&FC77),IF(ISNUMBER(FD77),INDIRECT("SamplesY!G"&FD77),"")) | H77: =IF(ISNUMBER(FC77),INDIRECT("SamplesX!H"&FC77),IF(ISNUMBER(FD77),INDIRECT("SamplesY!H"&FD77),"")) | K77: 3256 | L77: Shimadzu TOC-L | M77: None | P77: Shimadzu TOC-L | Q77: None | T77: Shimadzu TOC-L | U77: None | Y77: None | AC77: None | AF77: IC Anionen | AG77: None | AK77: None | AN77: IC Anionen | AO77: None | AS77: None | AV77: IC Anionen | AW77: None | AZ77: IC Anionen | BA77: None | BD77: IC Kationen | BE77: None | BI77: None | BL77: IC Kationen | BM77: None | BP77: IC Kationen | BQ77: None | BT77: IC Kationen | BU77: None | BY77: None | CC77: None | CG77: None | CK77: None | CN77: SOP 45-34 | CO77: None | CS77: None | CW77: None | CZ77: WTW Multimeter 3430 with FDO 925 | DA77: None | DE77: None | DH77: SOP 45-09 | DI77: None | DL77: SOP 45-09 (SOP muss noch angepasst werden für VSS) | DM77: None | DP77: IC Organic Acids | DQ77: None | DT77: IC Organic Acids | DU77: None | DX77: IC Organic Acids | DY77: None | EB77: IC Organic Acids | EC77: None | EF77: IC Organic Acids | EG77: None | EJ77: IC Organic Acids | EK77: None | EN77: IC Organic Acids | EO77: None | ER77: IC Organic Acids | ES77: None | EV77: LC-MS | EW77: None | EZ77: =CONCATENATE(A77,B77) | FA77: =CONCATENATE(SamplesX!A77,SamplesX!B77) | FC77: =MATCH(EZ77,FA1:FA1008,0)
A78: UO | B78: 25071 | C78: =IF(ISNUMBER(FC78),INDIRECT("SamplesX!C"&FC78),IF(ISNUMBER(FD78),INDIRECT("SamplesY!C"&FD78),"")) | D78: =IF(ISNUMBER(FC78),INDIRECT("SamplesX!D"&FC78),IF(ISNUMBER(FD78),INDIRECT("SamplesY!D"&FD78),"")) | E78: =IF(ISNUMBER(FC78),INDIRECT("SamplesX!E"&FC78),IF(ISNUMBER(FD78),INDIRECT("SamplesY!E"&FD78),"")) | F78: =IF(ISNUMBER(FC78),INDIRECT("SamplesX!F"&FC78),IF(ISNUMBER(FD78),INDIRECT("SamplesY!F"&FD78),"")) | G78: =IF(ISNUMBER(FC78),INDIRECT("SamplesX!G"&FC78),IF(ISNUMBER(FD78),INDIRECT("SamplesY!G"&FD78),"")) | H78: =IF(ISNUMBER(FC78),INDIRECT("SamplesX!H"&FC78),IF(ISNUMBER(FD78),INDIRECT("SamplesY!H"&FD78),"")) | K78: 3209 | L78: Shimadzu TOC-L | M78: None | P78: Shimadzu TOC-L | Q78: None | T78: Shimadzu TOC-L | U78: None | Y78: None | AC78: None | AF78: IC Anionen | AG78: None | AK78: None | AN78: IC Anionen | AO78: None | AS78: None | AV78: IC Anionen | AW78: None | AZ78: IC Anionen | BA78: None | BD78: IC Kationen | BE78: None | BI78: None | BL78: IC Kationen | BM78: None | BP78: IC Kationen | BQ78: None | BT78: IC Kationen | BU78: None | BY78: None | CC78: None | CG78: None | CK78: None | CN78: SOP 45-34 | CO78: None | CS78: None | CW78: None | CZ78: WTW Multimeter 3430 with FDO 925 | DA78: None | DE78: None | DH78: SOP 45-09 | DI78: None | DL78: SOP 45-09 (SOP muss noch angepasst werden für VSS) | DM78: None | DP78: IC Organic Acids | DQ78: None | DT78: IC Organic Acids | DU78: None | DX78: IC Organic Acids | DY78: None | EB78: IC Organic Acids | EC78: None | EF78: IC Organic Acids | EG78: None | EJ78: IC Organic Acids | EK78: None | EN78: IC Organic Acids | EO78: None | ER78: IC Organic Acids | ES78: None | EV78: LC-MS | EW78: None | EZ78: =CONCATENATE(A78,B78) | FA78: =CONCATENATE(SamplesX!A78,SamplesX!B78) | FC78: =MATCH(EZ78,FA1:FA1008,0)
A79: UO | B79: 25072 | C79: =IF(ISNUMBER(FC79),INDIRECT("SamplesX!C"&FC79),IF(ISNUMBER(FD79),INDIRECT("SamplesY!C"&FD79),"")) | D79: =IF(ISNUMBER(FC79),INDIRECT("SamplesX!D"&FC79),IF(ISNUMBER(FD79),INDIRECT("SamplesY!D"&FD79),"")) | E79: =IF(ISNUMBER(FC79),INDIRECT("SamplesX!E"&FC79),IF(ISNUMBER(FD79),INDIRECT("SamplesY!E"&FD79),"")) | F79: =IF(ISNUMBER(FC79),INDIRECT("SamplesX!F"&FC79),IF(ISNUMBER(FD79),INDIRECT("SamplesY!F"&FD79),"")) | G79: =IF(ISNUMBER(FC79),INDIRECT("SamplesX!G"&FC79),IF(ISNUMBER(FD79),INDIRECT("SamplesY!G"&FD79),"")) | H79: =IF(ISNUMBER(FC79),INDIRECT("SamplesX!H"&FC79),IF(ISNUMBER(FD79),INDIRECT("SamplesY!H"&FD79),"")) | K79: 3436 | L79: Shimadzu TOC-L | M79: None | P79: Shimadzu TOC-L | Q79: None | T79: Shimadzu TOC-L | U79: None | Y79: None | AC79: None | AF79: IC Anionen | AG79: None | AK79: None | AN79: IC Anionen | AO79: None | AS79: None | AV79: IC Anionen | AW79: None | AZ79: IC Anionen | BA79: None | BD79: IC Kationen | BE79: None | BI79: None | BL79: IC Kationen | BM79: None | BP79: IC Kationen | BQ79: None | BT79: IC Kationen | BU79: None | BY79: None | CC79: None | CG79: None | CK79: None | CN79: SOP 45-34 | CO79: None | CS79: None | CW79: None | CZ79: WTW Multimeter 3430 with FDO 925 | DA79: None | DE79: None | DH79: SOP 45-09 | DI79: None | DL79: SOP 45-09 (SOP muss noch angepasst werden für VSS) | DM79: None | DP79: IC Organic Acids | DQ79: None | DT79: IC Organic Acids | DU79: None | DX79: IC Organic Acids | DY79: None | EB79: IC Organic Acids | EC79: None | EF79: IC Organic Acids | EG79: None | EJ79: IC Organic Acids | EK79: None | EN79: IC Organic Acids | EO79: None | ER79: IC Organic Acids | ES79: None | EV79: LC-MS | EW79: None | EZ79: =CONCATENATE(A79,B79) | FA79: =CONCATENATE(SamplesX!A79,SamplesX!B79) | FC79: =MATCH(EZ79,FA1:FA1008,0)
A80: UO | B80: 25073 | C80: =IF(ISNUMBER(FC80),INDIRECT("SamplesX!C"&FC80),IF(ISNUMBER(FD80),INDIRECT("SamplesY!C"&FD80),"")) | D80: =IF(ISNUMBER(FC80),INDIRECT("SamplesX!D"&FC80),IF(ISNUMBER(FD80),INDIRECT("SamplesY!D"&FD80),"")) | E80: =IF(ISNUMBER(FC80),INDIRECT("SamplesX!E"&FC80),IF(ISNUMBER(FD80),INDIRECT("SamplesY!E"&FD80),"")) | F80: =IF(ISNUMBER(FC80),INDIRECT("SamplesX!F"&FC80),IF(ISNUMBER(FD80),INDIRECT("SamplesY!F"&FD80),"")) | G80: =IF(ISNUMBER(FC80),INDIRECT("SamplesX!G"&FC80),IF(ISNUMBER(FD80),INDIRECT("SamplesY!G"&FD80),"")) | H80: =IF(ISNUMBER(FC80),INDIRECT("SamplesX!H"&FC80),IF(ISNUMBER(FD80),INDIRECT("SamplesY!H"&FD80),"")) | K80: 3532 | L80: Shimadzu TOC-L | M80: None | P80: Shimadzu TOC-L | Q80: None | T80: Shimadzu TOC-L | U80: None | Y80: None | AC80: None | AF80: IC Anionen | AG80: None | AK80: None | AN80: IC Anionen | AO80: None | AS80: None | AV80: IC Anionen | AW80: None | AZ80: IC Anionen | BA80: None | BD80: IC Kationen | BE80: None | BI80: None | BL80: IC Kationen | BM80: None | BP80: IC Kationen | BQ80: None | BT80: IC Kationen | BU80: None | BY80: None | CC80: None | CG80: None | CK80: None | CN80: SOP 45-34 | CO80: None | CS80: None | CW80: None | CZ80: WTW Multimeter 3430 with FDO 925 | DA80: None | DE80: None | DH80: SOP 45-09 | DI80: None | DL80: SOP 45-09 (SOP muss noch angepasst werden für VSS) | DM80: None | DP80: IC Organic Acids | DQ80: None | DT80: IC Organic Acids | DU80: None | DX80: IC Organic Acids | DY80: None | EB80: IC Organic Acids | EC80: None | EF80: IC Organic Acids | EG80: None | EJ80: IC Organic Acids | EK80: None | EN80: IC Organic Acids | EO80: None | ER80: IC Organic Acids | ES80: None | EV80: LC-MS | EW80: None | EZ80: =CONCATENATE(A80,B80) | FA80: =CONCATENATE(SamplesX!A80,SamplesX!B80) | FC80: =MATCH(EZ80,FA1:FA1008,0)
A81: UO | B81: 25074 | C81: =IF(ISNUMBER(FC81),INDIRECT("SamplesX!C"&FC81),IF(ISNUMBER(FD81),INDIRECT("SamplesY!C"&FD81),"")) | D81: =IF(ISNUMBER(FC81),INDIRECT("SamplesX!D"&FC81),IF(ISNUMBER(FD81),INDIRECT("SamplesY!D"&FD81),"")) | E81: =IF(ISNUMBER(FC81),INDIRECT("SamplesX!E"&FC81),IF(ISNUMBER(FD81),INDIRECT("SamplesY!E"&FD81),"")) | F81: =IF(ISNUMBER(FC81),INDIRECT("SamplesX!F"&FC81),IF(ISNUMBER(FD81),INDIRECT("SamplesY!F"&FD81),"")) | G81: =IF(ISNUMBER(FC81),INDIRECT("SamplesX!G"&FC81),IF(ISNUMBER(FD81),INDIRECT("SamplesY!G"&FD81),"")) | H81: =IF(ISNUMBER(FC81),INDIRECT("SamplesX!H"&FC81),IF(ISNUMBER(FD81),INDIRECT("SamplesY!H"&FD81),"")) | K81: 3524 | L81: Shimadzu TOC-L | M81: None | P81: Shimadzu TOC-L | Q81: None | T81: Shimadzu TOC-L | U81: None | Y81: None | AC81: None | AF81: IC Anionen | AG81: None | AK81: None | AN81: IC Anionen | AO81: None | AS81: None | AV81: IC Anionen | AW81: None | AZ81: IC Anionen | BA81: None | BD81: IC Kationen | BE81: None | BI81: None | BL81: IC Kationen | BM81: None | BP81: IC Kationen | BQ81: None | BT81: IC Kationen | BU81: None | BY81: None | CC81: None | CG81: None | CK81: None | CN81: SOP 45-34 | CO81: None | CS81: None | CW81: None | CZ81: WTW Multimeter 3430 with FDO 925 | DA81: None | DE81: None | DH81: SOP 45-09 | DI81: None | DL81: SOP 45-09 (SOP muss noch angepasst werden für VSS) | DM81: None | DP81: IC Organic Acids | DQ81: None | DT81: IC Organic Acids | DU81: None | DX81: IC Organic Acids | DY81: None | EB81: IC Organic Acids | EC81: None | EF81: IC Organic Acids | EG81: None | EJ81: IC Organic Acids | EK81: None | EN81: IC Organic Acids | EO81: None | ER81: IC Organic Acids | ES81: None | EV81: LC-MS | EW81: None | EZ81: =CONCATENATE(A81,B81) | FA81: =CONCATENATE(SamplesX!A81,SamplesX!B81) | FC81: =MATCH(EZ81,FA1:FA1008,0)
A82: UO | B82: 25075 | C82: =IF(ISNUMBER(FC82),INDIRECT("SamplesX!C"&FC82),IF(ISNUMBER(FD82),INDIRECT("SamplesY!C"&FD82),"")) | D82: =IF(ISNUMBER(FC82),INDIRECT("SamplesX!D"&FC82),IF(ISNUMBER(FD82),INDIRECT("SamplesY!D"&FD82),"")) | E82: =IF(ISNUMBER(FC82),INDIRECT("SamplesX!E"&FC82),IF(ISNUMBER(FD82),INDIRECT("SamplesY!E"&FD82),"")) | F82: =IF(ISNUMBER(FC82),INDIRECT("SamplesX!F"&FC82),IF(ISNUMBER(FD82),INDIRECT("SamplesY!F"&FD82),"")) | G82: =IF(ISNUMBER(FC82),INDIRECT("SamplesX!G"&FC82),IF(ISNUMBER(FD82),INDIRECT("SamplesY!G"&FD82),"")) | H82: =IF(ISNUMBER(FC82),INDIRECT("SamplesX!H"&FC82),IF(ISNUMBER(FD82),INDIRECT("SamplesY!H"&FD82),"")) | K82: 3643 | L82: Shimadzu TOC-L | M82: None | P82: Shimadzu TOC-L | Q82: None | T82: Shimadzu TOC-L | U82: None | Y82: None | AC82: None | AF82: IC Anionen | AG82: None | AK82: None | AN82: IC Anionen | AO82: None | AS82: None | AV82: IC Anionen | AW82: None | AZ82: IC Anionen | BA82: None | BD82: IC Kationen | BE82: None | BI82: None | BL82: IC Kationen | BM82: None | BP82: IC Kationen | BQ82: None | BT82: IC Kationen | BU82: None | BY82: None | CC82: None | CG82: None | CK82: None | CN82: SOP 45-34 | CO82: None | CS82: None | CW82: None | CZ82: WTW Multimeter 3430 with FDO 925 | DA82: None | DE82: None | DH82: SOP 45-09 | DI82: None | DL82: SOP 45-09 (SOP muss noch angepasst werden für VSS) | DM82: None | DP82: IC Organic Acids | DQ82: None | DT82: IC Organic Acids | DU82: None | DX82: IC Organic Acids | DY82: None | EB82: IC Organic Acids | EC82: None | EF82: IC Organic Acids | EG82: None | EJ82: IC Organic Acids | EK82: None | EN82: IC Organic Acids | EO82: None | ER82: IC Organic Acids | ES82: None | EV82: LC-MS | EW82: None | EZ82: =CONCATENATE(A82,B82) | FA82: =CONCATENATE(SamplesX!A82,SamplesX!B82) | FC82: =MATCH(EZ82,FA1:FA1008,0)
A83: UO | B83: 25076 | C83: =IF(ISNUMBER(FC83),INDIRECT("SamplesX!C"&FC83),IF(ISNUMBER(FD83),INDIRECT("SamplesY!C"&FD83),"")) | D83: =IF(ISNUMBER(FC83),INDIRECT("SamplesX!D"&FC83),IF(ISNUMBER(FD83),INDIRECT("SamplesY!D"&FD83),"")) | E83: =IF(ISNUMBER(FC83),INDIRECT("SamplesX!E"&FC83),IF(ISNUMBER(FD83),INDIRECT("SamplesY!E"&FD83),"")) | F83: =IF(ISNUMBER(FC83),INDIRECT("SamplesX!F"&FC83),IF(ISNUMBER(FD83),INDIRECT("SamplesY!F"&FD83),"")) | G83: =IF(ISNUMBER(FC83),INDIRECT("SamplesX!G"&FC83),IF(ISNUMBER(FD83),INDIRECT("SamplesY!G"&FD83),"")) | H83: =IF(ISNUMBER(FC83),INDIRECT("SamplesX!H"&FC83),IF(ISNUMBER(FD83),INDIRECT("SamplesY!H"&FD83),"")) | K83: 3558 | L83: Shimadzu TOC-L | M83: None | P83: Shimadzu TOC-L | Q83: None | T83: Shimadzu TOC-L | U83: None | Y83: None | AC83: None | AF83: IC Anionen | AG83: None | AK83: None | AN83: IC Anionen | AO83: None | AS83: None | AV83: IC Anionen | AW83: None | AZ83: IC Anionen | BA83: None | BD83: IC Kationen | BE83: None | BI83: None | BL83: IC Kationen | BM83: None | BP83: IC Kationen | BQ83: None | BT83: IC Kationen | BU83: None | BY83: None | CC83: None | CG83: None | CK83: None | CN83: SOP 45-34 | CO83: None | CS83: None | CW83: None | CZ83: WTW Multimeter 3430 with FDO 925 | DA83: None | DE83: None | DH83: SOP 45-09 | DI83: None | DL83: SOP 45-09 (SOP muss noch angepasst werden für VSS) | DM83: None | DP83: IC Organic Acids | DQ83: None | DT83: IC Organic Acids | DU83: None | DX83: IC Organic Acids | DY83: None | EB83: IC Organic Acids | EC83: None | EF83: IC Organic Acids | EG83: None | EJ83: IC Organic Acids | EK83: None | EN83: IC Organic Acids | EO83: None | ER83: IC Organic Acids | ES83: None | EV83: LC-MS | EW83: None | EZ83: =CONCATENATE(A83,B83) | FA83: =CONCATENATE(SamplesX!A83,SamplesX!B83) | FC83: =MATCH(EZ83,FA1:FA1008,0)
A84: UO | B84: 25077 | C84: =IF(ISNUMBER(FC84),INDIRECT("SamplesX!C"&FC84),IF(ISNUMBER(FD84),INDIRECT("SamplesY!C"&FD84),"")) | D84: =IF(ISNUMBER(FC84),INDIRECT("SamplesX!D"&FC84),IF(ISNUMBER(FD84),INDIRECT("SamplesY!D"&FD84),"")) | E84: =IF(ISNUMBER(FC84),INDIRECT("SamplesX!E"&FC84),IF(ISNUMBER(FD84),INDIRECT("SamplesY!E"&FD84),"")) | F84: =IF(ISNUMBER(FC84),INDIRECT("SamplesX!F"&FC84),IF(ISNUMBER(FD84),INDIRECT("SamplesY!F"&FD84),"")) | G84: =IF(ISNUMBER(FC84),INDIRECT("SamplesX!G"&FC84),IF(ISNUMBER(FD84),INDIRECT("SamplesY!G"&FD84),"")) | H84: =IF(ISNUMBER(FC84),INDIRECT("SamplesX!H"&FC84),IF(ISNUMBER(FD84),INDIRECT("SamplesY!H"&FD84),"")) | K84: 2224 | L84: Shimadzu TOC-L | M84: None | P84: Shimadzu TOC-L | Q84: None | T84: Shimadzu TOC-L | U84: None | Y84: None | AC84: None | AF84: IC Anionen | AG84: None | AK84: None | AN84: IC Anionen | AO84: None | AS84: None | AV84: IC Anionen | AW84: None | AZ84: IC Anionen | BA84: None | BD84: IC Kationen | BE84: None | BI84: None | BL84: IC Kationen | BM84: None | BP84: IC Kationen | BQ84: None | BT84: IC Kationen | BU84: None | BY84: None | CC84: None | CG84: None | CK84: None | CN84: SOP 45-34 | CO84: None | CS84: None | CW84: None | CZ84: WTW Multimeter 3430 with FDO 925 | DA84: None | DE84: None | DH84: SOP 45-09 | DI84: None | DL84: SOP 45-09 (SOP muss noch angepasst werden für VSS) | DM84: None | DP84: IC Organic Acids | DQ84: None | DT84: IC Organic Acids | DU84: None | DX84: IC Organic Acids | DY84: None | EB84: IC Organic Acids | EC84: None | EF84: IC Organic Acids | EG84: None | EJ84: IC Organic Acids | EK84: None | EN84: IC Organic Acids | EO84: None | ER84: IC Organic Acids | ES84: None | EV84: LC-MS | EW84: None | EZ84: =CONCATENATE(A84,B84) | FA84: =CONCATENATE(SamplesX!A84,SamplesX!B84) | FC84: =MATCH(EZ84,FA1:FA1008,0)
A85: UO | B85: 25078 | C85: =IF(ISNUMBER(FC85),INDIRECT("SamplesX!C"&FC85),IF(ISNUMBER(FD85),INDIRECT("SamplesY!C"&FD85),"")) | D85: =IF(ISNUMBER(FC85),INDIRECT("SamplesX!D"&FC85),IF(ISNUMBER(FD85),INDIRECT("SamplesY!D"&FD85),"")) | E85: =IF(ISNUMBER(FC85),INDIRECT("SamplesX!E"&FC85),IF(ISNUMBER(FD85),INDIRECT("SamplesY!E"&FD85),"")) | F85: =IF(ISNUMBER(FC85),INDIRECT("SamplesX!F"&FC85),IF(ISNUMBER(FD85),INDIRECT("SamplesY!F"&FD85),"")) | G85: =IF(ISNUMBER(FC85),INDIRECT("SamplesX!G"&FC85),IF(ISNUMBER(FD85),INDIRECT("SamplesY!G"&FD85),"")) | H85: =IF(ISNUMBER(FC85),INDIRECT("SamplesX!H"&FC85),IF(ISNUMBER(FD85),INDIRECT("SamplesY!H"&FD85),"")) | K85: 4141 | L85: Shimadzu TOC-L | M85: None | P85: Shimadzu TOC-L | Q85: None | T85: Shimadzu TOC-L | U85: None | Y85: None | AC85: None | AF85: IC Anionen | AG85: None | AK85: None | AN85: IC Anionen | AO85: None | AS85: None | AV85: IC Anionen | AW85: None | AZ85: IC Anionen | BA85: None | BD85: IC Kationen | BE85: None | BI85: None | BL85: IC Kationen | BM85: None | BP85: IC Kationen | BQ85: None | BT85: IC Kationen | BU85: None | BY85: None | CC85: None | CG85: None | CK85: None | CN85: SOP 45-34 | CO85: None | CS85: None | CW85: None | CZ85: WTW Multimeter 3430 with FDO 925 | DA85: None | DE85: None | DH85: SOP 45-09 | DI85: None | DL85: SOP 45-09 (SOP muss noch angepasst werden für VSS) | DM85: None | DP85: IC Organic Acids | DQ85: None | DT85: IC Organic Acids | DU85: None | DX85: IC Organic Acids | DY85: None | EB85: IC Organic Acids | EC85: None | EF85: IC Organic Acids | EG85: None | EJ85: IC Organic Acids | EK85: None | EN85: IC Organic Acids | EO85: None | ER85: IC Organic Acids | ES85: None | EV85: LC-MS | EW85: None | EZ85: =CONCATENATE(A85,B85) | FA85: =CONCATENATE(SamplesX!A85,SamplesX!B85) | FC85: =MATCH(EZ85,FA1:FA1008,0)
A86: UO | B86: 25079 | C86: =IF(ISNUMBER(FC86),INDIRECT("SamplesX!C"&FC86),IF(ISNUMBER(FD86),INDIRECT("SamplesY!C"&FD86),"")) | D86: =IF(ISNUMBER(FC86),INDIRECT("SamplesX!D"&FC86),IF(ISNUMBER(FD86),INDIRECT("SamplesY!D"&FD86),"")) | E86: =IF(ISNUMBER(FC86),INDIRECT("SamplesX!E"&FC86),IF(ISNUMBER(FD86),INDIRECT("SamplesY!E"&FD86),"")) | F86: =IF(ISNUMBER(FC86),INDIRECT("SamplesX!F"&FC86),IF(ISNUMBER(FD86),INDIRECT("SamplesY!F"&FD86),"")) | G86: =IF(ISNUMBER(FC86),INDIRECT("SamplesX!G"&FC86),IF(ISNUMBER(FD86),INDIRECT("SamplesY!G"&FD86),"")) | H86: =IF(ISNUMBER(FC86),INDIRECT("SamplesX!H"&FC86),IF(ISNUMBER(FD86),INDIRECT("SamplesY!H"&FD86),"")) | K86: 1896 | L86: Shimadzu TOC-L | M86: None | P86: Shimadzu TOC-L | Q86: None | T86: Shimadzu TOC-L | U86: None | Y86: None | AC86: None | AF86: IC Anionen | AG86: None | AK86: None | AN86: IC Anionen | AO86: None | AS86: None | AV86: IC Anionen | AW86: None | AZ86: IC Anionen | BA86: None | BD86: IC Kationen | BE86: None | BI86: None | BL86: IC Kationen | BM86: None | BP86: IC Kationen | BQ86: None | BT86: IC Kationen | BU86: None | BY86: None | CC86: None | CG86: None | CK86: None | CN86: SOP 45-34 | CO86: None | CS86: None | CW86: None | CZ86: WTW Multimeter 3430 with FDO 925 | DA86: None | DE86: None | DH86: SOP 45-09 | DI86: None | DL86: SOP 45-09 (SOP muss noch angepasst werden für VSS) | DM86: None | DP86: IC Organic Acids | DQ86: None | DT86: IC Organic Acids | DU86: None | DX86: IC Organic Acids | DY86: None | EB86: IC Organic Acids | EC86: None | EF86: IC Organic Acids | EG86: None | EJ86: IC Organic Acids | EK86: None | EN86: IC Organic Acids | EO86: None | ER86: IC Organic Acids | ES86: None | EV86: LC-MS | EW86: None | EZ86: =CONCATENATE(A86,B86) | FA86: =CONCATENATE(SamplesX!A86,SamplesX!B86) | FC86: =MATCH(EZ86,FA1:FA1008,0)
A87: UO | B87: 25080 | C87: =IF(ISNUMBER(FC87),INDIRECT("SamplesX!C"&FC87),IF(ISNUMBER(FD87),INDIRECT("SamplesY!C"&FD87),"")) | D87: =IF(ISNUMBER(FC87),INDIRECT("SamplesX!D"&FC87),IF(ISNUMBER(FD87),INDIRECT("SamplesY!D"&FD87),"")) | E87: =IF(ISNUMBER(FC87),INDIRECT("SamplesX!E"&FC87),IF(ISNUMBER(FD87),INDIRECT("SamplesY!E"&FD87),"")) | F87: =IF(ISNUMBER(FC87),INDIRECT("SamplesX!F"&FC87),IF(ISNUMBER(FD87),INDIRECT("SamplesY!F"&FD87),"")) | G87: =IF(ISNUMBER(FC87),INDIRECT("SamplesX!G"&FC87),IF(ISNUMBER(FD87),INDIRECT("SamplesY!G"&FD87),"")) | H87: =IF(ISNUMBER(FC87),INDIRECT("SamplesX!H"&FC87),IF(ISNUMBER(FD87),INDIRECT("SamplesY!H"&FD87),"")) | K87: 1769 | L87: Shimadzu TOC-L | M87: None | P87: Shimadzu TOC-L | Q87: None | T87: Shimadzu TOC-L | U87: None | Y87: None | AC87: None | AF87: IC Anionen | AG87: None | AK87: None | AN87: IC Anionen | AO87: None | AS87: None | AV87: IC Anionen | AW87: None | AZ87: IC Anionen | BA87: None | BD87: IC Kationen | BE87: None | BI87: None | BL87: IC Kationen | BM87: None | BP87: IC Kationen | BQ87: None | BT87: IC Kationen | BU87: None | BY87: None | CC87: None | CG87: None | CK87: None | CN87: SOP 45-34 | CO87: None | CS87: None | CW87: None | CZ87: WTW Multimeter 3430 with FDO 925 | DA87: None | DE87: None | DH87: SOP 45-09 | DI87: None | DL87: SOP 45-09 (SOP muss noch angepasst werden für VSS) | DM87: None | DP87: IC Organic Acids | DQ87: None | DT87: IC Organic Acids | DU87: None | DX87: IC Organic Acids | DY87: None | EB87: IC Organic Acids | EC87: None | EF87: IC Organic Acids | EG87: None | EJ87: IC Organic Acids | EK87: None | EN87: IC Organic Acids | EO87: None | ER87: IC Organic Acids | ES87: None | EV87: LC-MS | EW87: None | EZ87: =CONCATENATE(A87,B87) | FA87: =CONCATENATE(SamplesX!A87,SamplesX!B87) | FC87: =MATCH(EZ87,FA1:FA1008,0)
A88: UO | B88: 25081 | C88: =IF(ISNUMBER(FC88),INDIRECT("SamplesX!C"&FC88),IF(ISNUMBER(FD88),INDIRECT("SamplesY!C"&FD88),"")) | D88: =IF(ISNUMBER(FC88),INDIRECT("SamplesX!D"&FC88),IF(ISNUMBER(FD88),INDIRECT("SamplesY!D"&FD88),"")) | E88: =IF(ISNUMBER(FC88),INDIRECT("SamplesX!E"&FC88),IF(ISNUMBER(FD88),INDIRECT("SamplesY!E"&FD88),"")) | F88: =IF(ISNUMBER(FC88),INDIRECT("SamplesX!F"&FC88),IF(ISNUMBER(FD88),INDIRECT("SamplesY!F"&FD88),"")) | G88: =IF(ISNUMBER(FC88),INDIRECT("SamplesX!G"&FC88),IF(ISNUMBER(FD88),INDIRECT("SamplesY!G"&FD88),"")) | H88: =IF(ISNUMBER(FC88),INDIRECT("SamplesX!H"&FC88),IF(ISNUMBER(FD88),INDIRECT("SamplesY!H"&FD88),"")) | K88: 495 | L88: Shimadzu TOC-L | M88: None | P88: Shimadzu TOC-L | Q88: None | T88: Shimadzu TOC-L | U88: None | Y88: None | AC88: None | AF88: IC Anionen | AG88: None | AK88: None | AN88: IC Anionen | AO88: None | AS88: None | AV88: IC Anionen | AW88: None | AZ88: IC Anionen | BA88: None | BD88: IC Kationen | BE88: None | BI88: None | BL88: IC Kationen | BM88: None | BP88: IC Kationen | BQ88: None | BT88: IC Kationen | BU88: None | BY88: None | CC88: None | CG88: None | CK88: None | CN88: SOP 45-34 | CO88: None | CS88: None | CW88: None | CZ88: WTW Multimeter 3430 with FDO 925 | DA88: None | DE88: None | DH88: SOP 45-09 | DI88: None | DL88: SOP 45-09 (SOP muss noch angepasst werden für VSS) | DM88: None | DP88: IC Organic Acids | DQ88: None | DT88: IC Organic Acids | DU88: None | DX88: IC Organic Acids | DY88: None | EB88: IC Organic Acids | EC88: None | EF88: IC Organic Acids | EG88: None | EJ88: IC Organic Acids | EK88: None | EN88: IC Organic Acids | EO88: None | ER88: IC Organic Acids | ES88: None | EV88: LC-MS | EW88: None | EZ88: =CONCATENATE(A88,B88) | FA88: =CONCATENATE(SamplesX!A88,SamplesX!B88) | FC88: =MATCH(EZ88,FA1:FA1008,0)
A89: UO | B89: 25082 | C89: =IF(ISNUMBER(FC89),INDIRECT("SamplesX!C"&FC89),IF(ISNUMBER(FD89),INDIRECT("SamplesY!C"&FD89),"")) | D89: =IF(ISNUMBER(FC89),INDIRECT("SamplesX!D"&FC89),IF(ISNUMBER(FD89),INDIRECT("SamplesY!D"&FD89),"")) | E89: =IF(ISNUMBER(FC89),INDIRECT("SamplesX!E"&FC89),IF(ISNUMBER(FD89),INDIRECT("SamplesY!E"&FD89),"")) | F89: =IF(ISNUMBER(FC89),INDIRECT("SamplesX!F"&FC89),IF(ISNUMBER(FD89),INDIRECT("SamplesY!F"&FD89),"")) | G89: =IF(ISNUMBER(FC89),INDIRECT("SamplesX!G"&FC89),IF(ISNUMBER(FD89),INDIRECT("SamplesY!G"&FD89),"")) | H89: =IF(ISNUMBER(FC89),INDIRECT("SamplesX!H"&FC89),IF(ISNUMBER(FD89),INDIRECT("SamplesY!H"&FD89),"")) | K89: 389 | L89: Shimadzu TOC-L | M89: None | P89: Shimadzu TOC-L | Q89: None | T89: Shimadzu TOC-L | U89: None | Y89: None | AC89: None | AF89: IC Anionen | AG89: None | AK89: None | AN89: IC Anionen | AO89: None | AS89: None | AV89: IC Anionen | AW89: None | AZ89: IC Anionen | BA89: None | BD89: IC Kationen | BE89: None | BI89: None | BL89: IC Kationen | BM89: None | BP89: IC Kationen | BQ89: None | BT89: IC Kationen | BU89: None | BY89: None | CC89: None | CG89: None | CK89: None | CN89: SOP 45-34 | CO89: None | CS89: None | CW89: None | CZ89: WTW Multimeter 3430 with FDO 925 | DA89: None | DE89: None | DH89: SOP 45-09 | DI89: None | DL89: SOP 45-09 (SOP muss noch angepasst werden für VSS) | DM89: None | DP89: IC Organic Acids | DQ89: None | DT89: IC Organic Acids | DU89: None | DX89: IC Organic Acids | DY89: None | EB89: IC Organic Acids | EC89: None | EF89: IC Organic Acids | EG89: None | EJ89: IC Organic Acids | EK89: None | EN89: IC Organic Acids | EO89: None | ER89: IC Organic Acids | ES89: None | EV89: LC-MS | EW89: None | EZ89: =CONCATENATE(A89,B89) | FA89: =CONCATENATE(SamplesX!A89,SamplesX!B89) | FC89: =MATCH(EZ89,FA1:FA1008,0)
A90: UO | B90: 25083 | C90: =IF(ISNUMBER(FC90),INDIRECT("SamplesX!C"&FC90),IF(ISNUMBER(FD90),INDIRECT("SamplesY!C"&FD90),"")) | D90: =IF(ISNUMBER(FC90),INDIRECT("SamplesX!D"&FC90),IF(ISNUMBER(FD90),INDIRECT("SamplesY!D"&FD90),"")) | E90: =IF(ISNUMBER(FC90),INDIRECT("SamplesX!E"&FC90),IF(ISNUMBER(FD90),INDIRECT("SamplesY!E"&FD90),"")) | F90: =IF(ISNUMBER(FC90),INDIRECT("SamplesX!F"&FC90),IF(ISNUMBER(FD90),INDIRECT("SamplesY!F"&FD90),"")) | G90: =IF(ISNUMBER(FC90),INDIRECT("SamplesX!G"&FC90),IF(ISNUMBER(FD90),INDIRECT("SamplesY!G"&FD90),"")) | H90: =IF(ISNUMBER(FC90),INDIRECT("SamplesX!H"&FC90),IF(ISNUMBER(FD90),INDIRECT("SamplesY!H"&FD90),"")) | K90: 210 | L90: Shimadzu TOC-L | M90: None | P90: Shimadzu TOC-L | Q90: None | T90: Shimadzu TOC-L | U90: None | Y90: None | AC90: None | AF90: IC Anionen | AG90: None | AK90: None | AN90: IC Anionen | AO90: None | AS90: None | AV90: IC Anionen | AW90: None | AZ90: IC Anionen | BA90: None | BD90: IC Kationen | BE90: None | BI90: None | BL90: IC Kationen | BM90: None | BP90: IC Kationen | BQ90: None | BT90: IC Kationen | BU90: None | BY90: None | CC90: None | CG90: None | CK90: None | CN90: SOP 45-34 | CO90: None | CS90: None | CW90: None | CZ90: WTW Multimeter 3430 with FDO 925 | DA90: None | DE90: None | DH90: SOP 45-09 | DI90: None | DL90: SOP 45-09 (SOP muss noch angepasst werden für VSS) | DM90: None | DP90: IC Organic Acids | DQ90: None | DT90: IC Organic Acids | DU90: None | DX90: IC Organic Acids | DY90: None | EB90: IC Organic Acids | EC90: None | EF90: IC Organic Acids | EG90: None | EJ90: IC Organic Acids | EK90: None | EN90: IC Organic Acids | EO90: None | ER90: IC Organic Acids | ES90: None | EV90: LC-MS | EW90: None | EZ90: =CONCATENATE(A90,B90) | FA90: =CONCATENATE(SamplesX!A90,SamplesX!B90) | FC90: =MATCH(EZ90,FA1:FA1008,0)
A91: UO | B91: 25084 | C91: =IF(ISNUMBER(FC91),INDIRECT("SamplesX!C"&FC91),IF(ISNUMBER(FD91),INDIRECT("SamplesY!C"&FD91),"")) | D91: =IF(ISNUMBER(FC91),INDIRECT("SamplesX!D"&FC91),IF(ISNUMBER(FD91),INDIRECT("SamplesY!D"&FD91),"")) | E91: =IF(ISNUMBER(FC91),INDIRECT("SamplesX!E"&FC91),IF(ISNUMBER(FD91),INDIRECT("SamplesY!E"&FD91),"")) | F91: =IF(ISNUMBER(FC91),INDIRECT("SamplesX!F"&FC91),IF(ISNUMBER(FD91),INDIRECT("SamplesY!F"&FD91),"")) | G91: =IF(ISNUMBER(FC91),INDIRECT("SamplesX!G"&FC91),IF(ISNUMBER(FD91),INDIRECT("SamplesY!G"&FD91),"")) | H91: =IF(ISNUMBER(FC91),INDIRECT("SamplesX!H"&FC91),IF(ISNUMBER(FD91),INDIRECT("SamplesY!H"&FD91),"")) | K91: 316 | L91: Shimadzu TOC-L | M91: None | P91: Shimadzu TOC-L | Q91: None | T91: Shimadzu TOC-L | U91: None | Y91: None | AC91: None | AF91: IC Anionen | AG91: None | AK91: None | AN91: IC Anionen | AO91: None | AS91: None | AV91: IC Anionen | AW91: None | AZ91: IC Anionen | BA91: None | BD91: IC Kationen | BE91: None | BI91: None | BL91: IC Kationen | BM91: None | BP91: IC Kationen | BQ91: None | BT91: IC Kationen | BU91: None | BY91: None | CC91: None | CG91: None | CK91: None | CN91: SOP 45-34 | CO91: None | CS91: None | CW91: None | CZ91: WTW Multimeter 3430 with FDO 925 | DA91: None | DE91: None | DH91: SOP 45-09 | DI91: None | DL91: SOP 45-09 (SOP muss noch angepasst werden für VSS) | DM91: None | DP91: IC Organic Acids | DQ91: None | DT91: IC Organic Acids | DU91: None | DX91: IC Organic Acids | DY91: None | EB91: IC Organic Acids | EC91: None | EF91: IC Organic Acids | EG91: None | EJ91: IC Organic Acids | EK91: None | EN91: IC Organic Acids | EO91: None | ER91: IC Organic Acids | ES91: None | EV91: LC-MS | EW91: None | EZ91: =CONCATENATE(A91,B91) | FA91: =CONCATENATE(SamplesX!A91,SamplesX!B91) | FC91: =MATCH(EZ91,FA1:FA1008,0)
A92: UO | B92: 25085 | C92: =IF(ISNUMBER(FC92),INDIRECT("SamplesX!C"&FC92),IF(ISNUMBER(FD92),INDIRECT("SamplesY!C"&FD92),"")) | D92: =IF(ISNUMBER(FC92),INDIRECT("SamplesX!D"&FC92),IF(ISNUMBER(FD92),INDIRECT("SamplesY!D"&FD92),"")) | E92: =IF(ISNUMBER(FC92),INDIRECT("SamplesX!E"&FC92),IF(ISNUMBER(FD92),INDIRECT("SamplesY!E"&FD92),"")) | F92: =IF(ISNUMBER(FC92),INDIRECT("SamplesX!F"&FC92),IF(ISNUMBER(FD92),INDIRECT("SamplesY!F"&FD92),"")) | G92: =IF(ISNUMBER(FC92),INDIRECT("SamplesX!G"&FC92),IF(ISNUMBER(FD92),INDIRECT("SamplesY!G"&FD92),"")) | H92: =IF(ISNUMBER(FC92),INDIRECT("SamplesX!H"&FC92),IF(ISNUMBER(FD92),INDIRECT("SamplesY!H"&FD92),"")) | K92: 2881 | L92: Shimadzu TOC-L | M92: None | P92: Shimadzu TOC-L | Q92: None | T92: Shimadzu TOC-L | U92: None | Y92: None | AC92: None | AF92: IC Anionen | AG92: None | AK92: None | AN92: IC Anionen | AO92: None | AS92: None | AV92: IC Anionen | AW92: None | AZ92: IC Anionen | BA92: None | BD92: IC Kationen | BE92: None | BI92: None | BL92: IC Kationen | BM92: None | BP92: IC Kationen | BQ92: None | BT92: IC Kationen | BU92: None | BY92: None | CC92: None | CG92: None | CK92: None | CN92: SOP 45-34 | CO92: None | CS92: None | CW92: None | CZ92: WTW Multimeter 3430 with FDO 925 | DA92: None | DE92: None | DH92: SOP 45-09 | DI92: None | DL92: SOP 45-09 (SOP muss noch angepasst werden für VSS) | DM92: None | DP92: IC Organic Acids | DQ92: None | DT92: IC Organic Acids | DU92: None | DX92: IC Organic Acids | DY92: None | EB92: IC Organic Acids | EC92: None | EF92: IC Organic Acids | EG92: None | EJ92: IC Organic Acids | EK92: None | EN92: IC Organic Acids | EO92: None | ER92: IC Organic Acids | ES92: None | EV92: LC-MS | EW92: None | EZ92: =CONCATENATE(A92,B92) | FA92: =CONCATENATE(SamplesX!A92,SamplesX!B92) | FC92: =MATCH(EZ92,FA1:FA1008,0)
A93: UO | B93: 25086 | C93: =IF(ISNUMBER(FC93),INDIRECT("SamplesX!C"&FC93),IF(ISNUMBER(FD93),INDIRECT("SamplesY!C"&FD93),"")) | D93: =IF(ISNUMBER(FC93),INDIRECT("SamplesX!D"&FC93),IF(ISNUMBER(FD93),INDIRECT("SamplesY!D"&FD93),"")) | E93: =IF(ISNUMBER(FC93),INDIRECT("SamplesX!E"&FC93),IF(ISNUMBER(FD93),INDIRECT("SamplesY!E"&FD93),"")) | F93: =IF(ISNUMBER(FC93),INDIRECT("SamplesX!F"&FC93),IF(ISNUMBER(FD93),INDIRECT("SamplesY!F"&FD93),"")) | G93: =IF(ISNUMBER(FC93),INDIRECT("SamplesX!G"&FC93),IF(ISNUMBER(FD93),INDIRECT("SamplesY!G"&FD93),"")) | H93: =IF(ISNUMBER(FC93),INDIRECT("SamplesX!H"&FC93),IF(ISNUMBER(FD93),INDIRECT("SamplesY!H"&FD93),"")) | K93: 2954 | L93: Shimadzu TOC-L | M93: None | P93: Shimadzu TOC-L | Q93: None | T93: Shimadzu TOC-L | U93: None | Y93: None | AC93: None | AF93: IC Anionen | AG93: None | AK93: None | AN93: IC Anionen | AO93: None | AS93: None | AV93: IC Anionen | AW93: None | AZ93: IC Anionen | BA93: None | BD93: IC Kationen | BE93: None | BI93: None | BL93: IC Kationen | BM93: None | BP93: IC Kationen | BQ93: None | BT93: IC Kationen | BU93: None | BY93: None | CC93: None | CG93: None | CK93: None | CN93: SOP 45-34 | CO93: None | CS93: None | CW93: None | CZ93: WTW Multimeter 3430 with FDO 925 | DA93: None | DE93: None | DH93: SOP 45-09 | DI93: None | DL93: SOP 45-09 (SOP muss noch angepasst werden für VSS) | DM93: None | DP93: IC Organic Acids | DQ93: None | DT93: IC Organic Acids | DU93: None | DX93: IC Organic Acids | DY93: None | EB93: IC Organic Acids | EC93: None | EF93: IC Organic Acids | EG93: None | EJ93: IC Organic Acids | EK93: None | EN93: IC Organic Acids | EO93: None | ER93: IC Organic Acids | ES93: None | EV93: LC-MS | EW93: None | EZ93: =CONCATENATE(A93,B93) | FA93: =CONCATENATE(SamplesX!A93,SamplesX!B93) | FC93: =MATCH(EZ93,FA1:FA1008,0)
A94: UO | B94: 25087 | C94: =IF(ISNUMBER(FC94),INDIRECT("SamplesX!C"&FC94),IF(ISNUMBER(FD94),INDIRECT("SamplesY!C"&FD94),"")) | D94: =IF(ISNUMBER(FC94),INDIRECT("SamplesX!D"&FC94),IF(ISNUMBER(FD94),INDIRECT("SamplesY!D"&FD94),"")) | E94: =IF(ISNUMBER(FC94),INDIRECT("SamplesX!E"&FC94),IF(ISNUMBER(FD94),INDIRECT("SamplesY!E"&FD94),"")) | F94: =IF(ISNUMBER(FC94),INDIRECT("SamplesX!F"&FC94),IF(ISNUMBER(FD94),INDIRECT("SamplesY!F"&FD94),"")) | G94: =IF(ISNUMBER(FC94),INDIRECT("SamplesX!G"&FC94),IF(ISNUMBER(FD94),INDIRECT("SamplesY!G"&FD94),"")) | H94: =IF(ISNUMBER(FC94),INDIRECT("SamplesX!H"&FC94),IF(ISNUMBER(FD94),INDIRECT("SamplesY!H"&FD94),"")) | K94: 2932 | L94: Shimadzu TOC-L | M94: None | P94: Shimadzu TOC-L | Q94: None | T94: Shimadzu TOC-L | U94: None | Y94: None | AC94: None | AF94: IC Anionen | AG94: None | AK94: None | AN94: IC Anionen | AO94: None | AS94: None | AV94: IC Anionen | AW94: None | AZ94: IC Anionen | BA94: None | BD94: IC Kationen | BE94: None | BI94: None | BL94: IC Kationen | BM94: None | BP94: IC Kationen | BQ94: None | BT94: IC Kationen | BU94: None | BY94: None | CC94: None | CG94: None | CK94: None | CN94: SOP 45-34 | CO94: None | CS94: None | CW94: None | CZ94: WTW Multimeter 3430 with FDO 925 | DA94: None | DE94: None | DH94: SOP 45-09 | DI94: None | DL94: SOP 45-09 (SOP muss noch angepasst werden für VSS) | DM94: None | DP94: IC Organic Acids | DQ94: None | DT94: IC Organic Acids | DU94: None | DX94: IC Organic Acids | DY94: None | EB94: IC Organic Acids | EC94: None | EF94: IC Organic Acids | EG94: None | EJ94: IC Organic Acids | EK94: None | EN94: IC Organic Acids | EO94: None | ER94: IC Organic Acids | ES94: None | EV94: LC-MS | EW94: None | EZ94: =CONCATENATE(A94,B94) | FA94: =CONCATENATE(SamplesX!A94,SamplesX!B94) | FC94: =MATCH(EZ94,FA1:FA1008,0)
A95: UO | B95: 25088 | C95: =IF(ISNUMBER(FC95),INDIRECT("SamplesX!C"&FC95),IF(ISNUMBER(FD95),INDIRECT("SamplesY!C"&FD95),"")) | D95: =IF(ISNUMBER(FC95),INDIRECT("SamplesX!D"&FC95),IF(ISNUMBER(FD95),INDIRECT("SamplesY!D"&FD95),"")) | E95: =IF(ISNUMBER(FC95),INDIRECT("SamplesX!E"&FC95),IF(ISNUMBER(FD95),INDIRECT("SamplesY!E"&FD95),"")) | F95: =IF(ISNUMBER(FC95),INDIRECT("SamplesX!F"&FC95),IF(ISNUMBER(FD95),INDIRECT("SamplesY!F"&FD95),"")) | G95: =IF(ISNUMBER(FC95),INDIRECT("SamplesX!G"&FC95),IF(ISNUMBER(FD95),INDIRECT("SamplesY!G"&FD95),"")) | H95: =IF(ISNUMBER(FC95),INDIRECT("SamplesX!H"&FC95),IF(ISNUMBER(FD95),INDIRECT("SamplesY!H"&FD95),"")) | K95: 1901 | L95: Shimadzu TOC-L | M95: None | P95: Shimadzu TOC-L | Q95: None | T95: Shimadzu TOC-L | U95: None | Y95: None | AC95: None | AF95: IC Anionen | AG95: None | AK95: None | AN95: IC Anionen | AO95: None | AS95: None | AV95: IC Anionen | AW95: None | AZ95: IC Anionen | BA95: None | BD95: IC Kationen | BE95: None | BI95: None | BL95: IC Kationen | BM95: None | BP95: IC Kationen | BQ95: None | BT95: IC Kationen | BU95: None | BY95: None | CC95: None | CG95: None | CK95: None | CN95: SOP 45-34 | CO95: None | CS95: None | CW95: None | CZ95: WTW Multimeter 3430 with FDO 925 | DA95: None | DE95: None | DH95: SOP 45-09 | DI95: None | DL95: SOP 45-09 (SOP muss noch angepasst werden für VSS) | DM95: None | DP95: IC Organic Acids | DQ95: None | DT95: IC Organic Acids | DU95: None | DX95: IC Organic Acids | DY95: None | EB95: IC Organic Acids | EC95: None | EF95: IC Organic Acids | EG95: None | EJ95: IC Organic Acids | EK95: None | EN95: IC Organic Acids | EO95: None | ER95: IC Organic Acids | ES95: None | EV95: LC-MS | EW95: None | EZ95: =CONCATENATE(A95,B95) | FA95: =CONCATENATE(SamplesX!A95,SamplesX!B95) | FC95: =MATCH(EZ95,FA1:FA1008,0)
A96: UO | B96: 25089 | C96: =IF(ISNUMBER(FC96),INDIRECT("SamplesX!C"&FC96),IF(ISNUMBER(FD96),INDIRECT("SamplesY!C"&FD96),"")) | D96: =IF(ISNUMBER(FC96),INDIRECT("SamplesX!D"&FC96),IF(ISNUMBER(FD96),INDIRECT("SamplesY!D"&FD96),"")) | E96: =IF(ISNUMBER(FC96),INDIRECT("SamplesX!E"&FC96),IF(ISNUMBER(FD96),INDIRECT("SamplesY!E"&FD96),"")) | F96: =IF(ISNUMBER(FC96),INDIRECT("SamplesX!F"&FC96),IF(ISNUMBER(FD96),INDIRECT("SamplesY!F"&FD96),"")) | G96: =IF(ISNUMBER(FC96),INDIRECT("SamplesX!G"&FC96),IF(ISNUMBER(FD96),INDIRECT("SamplesY!G"&FD96),"")) | H96: =IF(ISNUMBER(FC96),INDIRECT("SamplesX!H"&FC96),IF(ISNUMBER(FD96),INDIRECT("SamplesY!H"&FD96),"")) | K96: 2002 | L96: Shimadzu TOC-L | M96: None | P96: Shimadzu TOC-L | Q96: None | T96: Shimadzu TOC-L | U96: None | Y96: None | AC96: None | AF96: IC Anionen | AG96: None | AK96: None | AN96: IC Anionen | AO96: None | AS96: None | AV96: IC Anionen | AW96: None | AZ96: IC Anionen | BA96: None | BD96: IC Kationen | BE96: None | BI96: None | BL96: IC Kationen | BM96: None | BP96: IC Kationen | BQ96: None | BT96: IC Kationen | BU96: None | BY96: None | CC96: None | CG96: None | CK96: None | CN96: SOP 45-34 | CO96: None | CS96: None | CW96: None | CZ96: WTW Multimeter 3430 with FDO 925 | DA96: None | DE96: None | DH96: SOP 45-09 | DI96: None | DL96: SOP 45-09 (SOP muss noch angepasst werden für VSS) | DM96: None | DP96: IC Organic Acids | DQ96: None | DT96: IC Organic Acids | DU96: None | DX96: IC Organic Acids | DY96: None | EB96: IC Organic Acids | EC96: None | EF96: IC Organic Acids | EG96: None | EJ96: IC Organic Acids | EK96: None | EN96: IC Organic Acids | EO96: None | ER96: IC Organic Acids | ES96: None | EV96: LC-MS | EW96: None | EZ96: =CONCATENATE(A96,B96) | FA96: =CONCATENATE(SamplesX!A96,SamplesX!B96) | FC96: =MATCH(EZ96,FA1:FA1008,0)
A97: UO | B97: 25090 | C97: =IF(ISNUMBER(FC97),INDIRECT("SamplesX!C"&FC97),IF(ISNUMBER(FD97),INDIRECT("SamplesY!C"&FD97),"")) | D97: =IF(ISNUMBER(FC97),INDIRECT("SamplesX!D"&FC97),IF(ISNUMBER(FD97),INDIRECT("SamplesY!D"&FD97),"")) | E97: =IF(ISNUMBER(FC97),INDIRECT("SamplesX!E"&FC97),IF(ISNUMBER(FD97),INDIRECT("SamplesY!E"&FD97),"")) | F97: =IF(ISNUMBER(FC97),INDIRECT("SamplesX!F"&FC97),IF(ISNUMBER(FD97),INDIRECT("SamplesY!F"&FD97),"")) | G97: =IF(ISNUMBER(FC97),INDIRECT("SamplesX!G"&FC97),IF(ISNUMBER(FD97),INDIRECT("SamplesY!G"&FD97),"")) | H97: =IF(ISNUMBER(FC97),INDIRECT("SamplesX!H"&FC97),IF(ISNUMBER(FD97),INDIRECT("SamplesY!H"&FD97),"")) | K97: 1964 | L97: Shimadzu TOC-L | M97: None | P97: Shimadzu TOC-L | Q97: None | T97: Shimadzu TOC-L | U97: None | Y97: None | AC97: None | AF97: IC Anionen | AG97: None | AK97: None | AN97: IC Anionen | AO97: None | AS97: None | AV97: IC Anionen | AW97: None | AZ97: IC Anionen | BA97: None | BD97: IC Kationen | BE97: None | BI97: None | BL97: IC Kationen | BM97: None | BP97: IC Kationen | BQ97: None | BT97: IC Kationen | BU97: None | BY97: None | CC97: None | CG97: None | CK97: None | CN97: SOP 45-34 | CO97: None | CS97: None | CW97: None | CZ97: WTW Multimeter 3430 with FDO 925 | DA97: None | DE97: None | DH97: SOP 45-09 | DI97: None | DL97: SOP 45-09 (SOP muss noch angepasst werden für VSS) | DM97: None | DP97: IC Organic Acids | DQ97: None | DT97: IC Organic Acids | DU97: None | DX97: IC Organic Acids | DY97: None | EB97: IC Organic Acids | EC97: None | EF97: IC Organic Acids | EG97: None | EJ97: IC Organic Acids | EK97: None | EN97: IC Organic Acids | EO97: None | ER97: IC Organic Acids | ES97: None | EV97: LC-MS | EW97: None | EZ97: =CONCATENATE(A97,B97) | FA97: =CONCATENATE(SamplesX!A97,SamplesX!B97) | FC97: =MATCH(EZ97,FA1:FA1008,0)
A98: UO | B98: 25091 | C98: =IF(ISNUMBER(FC98),INDIRECT("SamplesX!C"&FC98),IF(ISNUMBER(FD98),INDIRECT("SamplesY!C"&FD98),"")) | D98: =IF(ISNUMBER(FC98),INDIRECT("SamplesX!D"&FC98),IF(ISNUMBER(FD98),INDIRECT("SamplesY!D"&FD98),"")) | E98: =IF(ISNUMBER(FC98),INDIRECT("SamplesX!E"&FC98),IF(ISNUMBER(FD98),INDIRECT("SamplesY!E"&FD98),"")) | F98: =IF(ISNUMBER(FC98),INDIRECT("SamplesX!F"&FC98),IF(ISNUMBER(FD98),INDIRECT("SamplesY!F"&FD98),"")) | G98: =IF(ISNUMBER(FC98),INDIRECT("SamplesX!G"&FC98),IF(ISNUMBER(FD98),INDIRECT("SamplesY!G"&FD98),"")) | H98: =IF(ISNUMBER(FC98),INDIRECT("SamplesX!H"&FC98),IF(ISNUMBER(FD98),INDIRECT("SamplesY!H"&FD98),"")) | K98: 3249 | L98: Shimadzu TOC-L | M98: None | P98: Shimadzu TOC-L | Q98: None | T98: Shimadzu TOC-L | U98: None | Y98: None | AC98: None | AF98: IC Anionen | AG98: None | AK98: None | AN98: IC Anionen | AO98: None | AS98: None | AV98: IC Anionen | AW98: None | AZ98: IC Anionen | BA98: None | BD98: IC Kationen | BE98: None | BI98: None | BL98: IC Kationen | BM98: None | BP98: IC Kationen | BQ98: None | BT98: IC Kationen | BU98: None | BY98: None | CC98: None | CG98: None | CK98: None | CN98: SOP 45-34 | CO98: None | CS98: None | CW98: None | CZ98: WTW Multimeter 3430 with FDO 925 | DA98: None | DE98: None | DH98: SOP 45-09 | DI98: None | DL98: SOP 45-09 (SOP muss noch angepasst werden für VSS) | DM98: None | DP98: IC Organic Acids | DQ98: None | DT98: IC Organic Acids | DU98: None | DX98: IC Organic Acids | DY98: None | EB98: IC Organic Acids | EC98: None | EF98: IC Organic Acids | EG98: None | EJ98: IC Organic Acids | EK98: None | EN98: IC Organic Acids | EO98: None | ER98: IC Organic Acids | ES98: None | EV98: LC-MS | EW98: None | EZ98: =CONCATENATE(A98,B98) | FA98: =CONCATENATE(SamplesX!A98,SamplesX!B98) | FC98: =MATCH(EZ98,FA1:FA1008,0)
A99: UO | B99: 25092 | C99: =IF(ISNUMBER(FC99),INDIRECT("SamplesX!C"&FC99),IF(ISNUMBER(FD99),INDIRECT("SamplesY!C"&FD99),"")) | D99: =IF(ISNUMBER(FC99),INDIRECT("SamplesX!D"&FC99),IF(ISNUMBER(FD99),INDIRECT("SamplesY!D"&FD99),"")) | E99: =IF(ISNUMBER(FC99),INDIRECT("SamplesX!E"&FC99),IF(ISNUMBER(FD99),INDIRECT("SamplesY!E"&FD99),"")) | F99: =IF(ISNUMBER(FC99),INDIRECT("SamplesX!F"&FC99),IF(ISNUMBER(FD99),INDIRECT("SamplesY!F"&FD99),"")) | G99: =IF(ISNUMBER(FC99),INDIRECT("SamplesX!G"&FC99),IF(ISNUMBER(FD99),INDIRECT("SamplesY!G"&FD99),"")) | H99: =IF(ISNUMBER(FC99),INDIRECT("SamplesX!H"&FC99),IF(ISNUMBER(FD99),INDIRECT("SamplesY!H"&FD99),"")) | K99: 3308 | L99: Shimadzu TOC-L | M99: None | P99: Shimadzu TOC-L | Q99: None | T99: Shimadzu TOC-L | U99: None | Y99: None | AC99: None | AF99: IC Anionen | AG99: None | AK99: None | AN99: IC Anionen | AO99: None | AS99: None | AV99: IC Anionen | AW99: None | AZ99: IC Anionen | BA99: None | BD99: IC Kationen | BE99: None | BI99: None | BL99: IC Kationen | BM99: None | BP99: IC Kationen | BQ99: None | BT99: IC Kationen | BU99: None | BY99: None | CC99: None | CG99: None | CK99: None | CN99: SOP 45-34 | CO99: None | CS99: None | CW99: None | CZ99: WTW Multimeter 3430 with FDO 925 | DA99: None | DE99: None | DH99: SOP 45-09 | DI99: None | DL99: SOP 45-09 (SOP muss noch angepasst werden für VSS) | DM99: None | DP99: IC Organic Acids | DQ99: None | DT99: IC Organic Acids | DU99: None | DX99: IC Organic Acids | DY99: None | EB99: IC Organic Acids | EC99: None | EF99: IC Organic Acids | EG99: None | EJ99: IC Organic Acids | EK99: None | EN99: IC Organic Acids | EO99: None | ER99: IC Organic Acids | ES99: None | EV99: LC-MS | EW99: None | EZ99: =CONCATENATE(A99,B99) | FA99: =CONCATENATE(SamplesX!A99,SamplesX!B99) | FC99: =MATCH(EZ99,FA1:FA1008,0)
A100: UO | B100: 25093 | C100: =IF(ISNUMBER(FC100),INDIRECT("SamplesX!C"&FC100),IF(ISNUMBER(FD100),INDIRECT("SamplesY!C"&FD100),"")) | D100: =IF(ISNUMBER(FC100),INDIRECT("SamplesX!D"&FC100),IF(ISNUMBER(FD100),INDIRECT("SamplesY!D"&FD100),"")) | E100: =IF(ISNUMBER(FC100),INDIRECT("SamplesX!E"&FC100),IF(ISNUMBER(FD100),INDIRECT("SamplesY!E"&FD100),"")) | F100: =IF(ISNUMBER(FC100),INDIRECT("SamplesX!F"&FC100),IF(ISNUMBER(FD100),INDIRECT("SamplesY!F"&FD100),"")) | G100: =IF(ISNUMBER(FC100),INDIRECT("SamplesX!G"&FC100),IF(ISNUMBER(FD100),INDIRECT("SamplesY!G"&FD100),"")) | H100: =IF(ISNUMBER(FC100),INDIRECT("SamplesX!H"&FC100),IF(ISNUMBER(FD100),INDIRECT("SamplesY!H"&FD100),"")) | K100: 2519 | L100: Shimadzu TOC-L | M100: None | P100: Shimadzu TOC-L | Q100: None | T100: Shimadzu TOC-L | U100: None | Y100: None | AC100: None | AF100: IC Anionen | AG100: None | AK100: None | AN100: IC Anionen | AO100: None | AS100: None | AV100: IC Anionen | AW100: None | AZ100: IC Anionen | BA100: None | BD100: IC Kationen | BE100: None | BI100: None | BL100: IC Kationen | BM100: None | BP100: IC Kationen | BQ100: None | BT100: IC Kationen | BU100: None | BY100: None | CC100: None | CG100: None | CK100: None | CN100: SOP 45-34 | CO100: None | CS100: None | CW100: None | CZ100: WTW Multimeter 3430 with FDO 925 | DA100: None | DE100: None | DH100: SOP 45-09 | DI100: None | DL100: SOP 45-09 (SOP muss noch angepasst werden für VSS) | DM100: None | DP100: IC Organic Acids | DQ100: None | DT100: IC Organic Acids | DU100: None | DX100: IC Organic Acids | DY100: None | EB100: IC Organic Acids | EC100: None | EF100: IC Organic Acids | EG100: None | EJ100: IC Organic Acids | EK100: None | EN100: IC Organic Acids | EO100: None | ER100: IC Organic Acids | ES100: None | EV100: LC-MS | EW100: None | EZ100: =CONCATENATE(A100,B100) | FA100: =CONCATENATE(SamplesX!A100,SamplesX!B100) | FC100: =MATCH(EZ100,FA1:FA1008,0)
A101: UO | B101: 25094 | C101: =IF(ISNUMBER(FC101),INDIRECT("SamplesX!C"&FC101),IF(ISNUMBER(FD101),INDIRECT("SamplesY!C"&FD101),"")) | D101: =IF(ISNUMBER(FC101),INDIRECT("SamplesX!D"&FC101),IF(ISNUMBER(FD101),INDIRECT("SamplesY!D"&FD101),"")) | E101: =IF(ISNUMBER(FC101),INDIRECT("SamplesX!E"&FC101),IF(ISNUMBER(FD101),INDIRECT("SamplesY!E"&FD101),"")) | F101: =IF(ISNUMBER(FC101),INDIRECT("SamplesX!F"&FC101),IF(ISNUMBER(FD101),INDIRECT("SamplesY!F"&FD101),"")) | G101: =IF(ISNUMBER(FC101),INDIRECT("SamplesX!G"&FC101),IF(ISNUMBER(FD101),INDIRECT("SamplesY!G"&FD101),"")) | H101: =IF(ISNUMBER(FC101),INDIRECT("SamplesX!H"&FC101),IF(ISNUMBER(FD101),INDIRECT("SamplesY!H"&FD101),"")) | K101: 3953 | L101: Shimadzu TOC-L | M101: None | P101: Shimadzu TOC-L | Q101: None | T101: Shimadzu TOC-L | U101: None | Y101: None | AC101: None | AF101: IC Anionen | AG101: None | AK101: None | AN101: IC Anionen | AO101: None | AS101: None | AV101: IC Anionen | AW101: None | AZ101: IC Anionen | BA101: None | BD101: IC Kationen | BE101: None | BI101: None | BL101: IC Kationen | BM101: None | BP101: IC Kationen | BQ101: None | BT101: IC Kationen | BU101: None | BY101: None | CC101: None | CG101: None | CK101: None | CN101: SOP 45-34 | CO101: None | CS101: None | CW101: None | CZ101: WTW Multimeter 3430 with FDO 925 | DA101: None | DE101: None | DH101: SOP 45-09 | DI101: None | DL101: SOP 45-09 (SOP muss noch angepasst werden für VSS) | DM101: None | DP101: IC Organic Acids | DQ101: None | DT101: IC Organic Acids | DU101: None | DX101: IC Organic Acids | DY101: None | EB101: IC Organic Acids | EC101: None | EF101: IC Organic Acids | EG101: None | EJ101: IC Organic Acids | EK101: None | EN101: IC Organic Acids | EO101: None | ER101: IC Organic Acids | ES101: None | EV101: LC-MS | EW101: None | EZ101: =CONCATENATE(A101,B101) | FA101: =CONCATENATE(SamplesX!A101,SamplesX!B101) | FC101: =MATCH(EZ101,FA1:FA1008,0)
...

Sheet SamplesX
A1: =IF(ISBLANK('Q:\Abteilungsprojekte\eng\EngData\AOS\Allgemein\[LabSamples2025.xlsx]UrinOrg'!A1)," ",'Q:\Abteilungsprojekte\eng\EngData\AOS\Allgemein\[LabSamples2025.xlsx]UrinOrg'!A1) | B1: =IF(ISBLANK('Q:\Abteilungsprojekte\eng\EngData\AOS\Allgemein\[LabSamples2025.xlsx]UrinOrg'!B1)," ",'Q:\Abteilungsprojekte\eng\EngData\AOS\Allgemein\[LabSamples2025.xlsx]UrinOrg'!B1) | C1: =IF(ISBLANK('Q:\Abteilungsprojekte\eng\EngData\AOS\Allgemein\[LabSamples2025.xlsx]UrinOrg'!C1)," ",'Q:\Abteilungsprojekte\eng\EngData\AOS\Allgemein\[LabSamples2025.xlsx]UrinOrg'!C1) | D1: =IF(ISBLANK('Q:\Abteilungsprojekte\eng\EngData\AOS\Allgemein\[LabSamples2025.xlsx]UrinOrg'!D1)," ",'Q:\Abteilungsprojekte\eng\EngData\AOS\Allgemein\[LabSamples2025.xlsx]UrinOrg'!D1) | E1: =IF(ISBLANK('Q:\Abteilungsprojekte\eng\EngData\AOS\Allgemein\[LabSamples2025.xlsx]UrinOrg'!E1)," ",'Q:\Abteilungsprojekte\eng\EngData\AOS\Allgemein\[LabSamples2025.xlsx]UrinOrg'!E1) | F1: =IF(ISBLANK('Q:\Abteilungsprojekte\eng\EngData\AOS\Allgemein\[LabSamples2025.xlsx]UrinOrg'!F1)," ",'Q:\Abteilungsprojekte\eng\EngData\AOS\Allgemein\[LabSamples2025.xlsx]UrinOrg'!F1) | G1: =IF(ISBLANK('Q:\Abteilungsprojekte\eng\EngData\AOS\Allgemein\[LabSamples2025.xlsx]UrinOrg'!G1)," ",'Q:\Abteilungsprojekte\eng\EngData\AOS\Allgemein\[LabSamples2025.xlsx]UrinOrg'!G1) | H1: =IF(ISBLANK('Q:\Abteilungsprojekte\eng\EngData\AOS\Allgemein\[LabSamples2025.xlsx]UrinOrg'!H1)," ",'Q:\Abteilungsprojekte\eng\EngData\AOS\Allgemein\[LabSamples2025.xlsx]UrinOrg'!H1)
A2: =IF(ISBLANK('Q:\Abteilungsprojekte\eng\EngData\AOS\Allgemein\[LabSamples2025.xlsx]UrinOrg'!A2)," ",'Q:\Abteilungsprojekte\eng\EngData\AOS\Allgemein\[LabSamples2025.xlsx]UrinOrg'!A2) | B2: =IF(ISBLANK('Q:\Abteilungsprojekte\eng\EngData\AOS\Allgemein\[LabSamples2025.xlsx]UrinOrg'!B2)," ",'Q:\Abteilungsprojekte\eng\EngData\AOS\Allgemein\[LabSamples2025.xlsx]UrinOrg'!B2) | C2: =IF(ISBLANK('Q:\Abteilungsprojekte\eng\EngData\AOS\Allgemein\[LabSamples2025.xlsx]UrinOrg'!C2)," ",'Q:\Abteilungsprojekte\eng\EngData\AOS\Allgemein\[LabSamples2025.xlsx]UrinOrg'!C2) | D2: =IF(ISBLANK('Q:\Abteilungsprojekte\eng\EngData\AOS\Allgemein\[LabSamples2025.xlsx]UrinOrg'!D2)," ",'Q:\Abteilungsprojekte\eng\EngData\AOS\Allgemein\[LabSamples2025.xlsx]UrinOrg'!D2) | E2: =IF(ISBLANK('Q:\Abteilungsprojekte\eng\EngData\AOS\Allgemein\[LabSamples2025.xlsx]UrinOrg'!E2)," ",'Q:\Abteilungsprojekte\eng\EngData\AOS\Allgemein\[LabSamples2025.xlsx]UrinOrg'!E2) | F2: =IF(ISBLANK('Q:\Abteilungsprojekte\eng\EngData\AOS\Allgemein\[LabSamples2025.xlsx]UrinOrg'!F2)," ",'Q:\Abteilungsprojekte\eng\EngData\AOS\Allgemein\[LabSamples2025.xlsx]UrinOrg'!F2) | G2: =IF(ISBLANK('Q:\Abteilungsprojekte\eng\EngData\AOS\Allgemein\[LabSamples2025.xlsx]UrinOrg'!G2)," ",'Q:\Abteilungsprojekte\eng\EngData\AOS\Allgemein\[LabSamples2025.xlsx]UrinOrg'!G2) | H2: =IF(ISBLANK('Q:\Abteilungsprojekte\eng\EngData\AOS\Allgemein\[LabSamples2025.xlsx]UrinOrg'!H2)," ",'Q:\Abteilungsprojekte\eng\EngData\AOS\Allgemein\[LabSamples2025.xlsx]UrinOrg'!H2)
A3: =IF(ISBLANK('Q:\Abteilungsprojekte\eng\EngData\AOS\Allgemein\[LabSamples2025.xlsx]UrinOrg'!A3)," ",'Q:\Abteilungsprojekte\eng\EngData\AOS\Allgemein\[LabSamples2025.xlsx]UrinOrg'!A3) | B3: =IF(ISBLANK('Q:\Abteilungsprojekte\eng\EngData\AOS\Allgemein\[LabSamples2025.xlsx]UrinOrg'!B3)," ",'Q:\Abteilungsprojekte\eng\EngData\AOS\Allgemein\[LabSamples2025.xlsx]UrinOrg'!B3) | C3: =IF(ISBLANK('Q:\Abteilungsprojekte\eng\EngData\AOS\Allgemein\[LabSamples2025.xlsx]UrinOrg'!C3)," ",'Q:\Abteilungsprojekte\eng\EngData\AOS\Allgemein\[LabSamples2025.xlsx]UrinOrg'!C3) | D3: =IF(ISBLANK('Q:\Abteilungsprojekte\eng\EngData\AOS\Allgemein\[LabSamples2025.xlsx]UrinOrg'!D3)," ",'Q:\Abteilungsprojekte\eng\EngData\AOS\Allgemein\[LabSamples2025.xlsx]UrinOrg'!D3) | E3: =IF(ISBLANK('Q:\Abteilungsprojekte\eng\EngData\AOS\Allgemein\[LabSamples2025.xlsx]UrinOrg'!E3)," ",'Q:\Abteilungsprojekte\eng\EngData\AOS\Allgemein\[LabSamples2025.xlsx]UrinOrg'!E3) | F3: =IF(ISBLANK('Q:\Abteilungsprojekte\eng\EngData\AOS\Allgemein\[LabSamples2025.xlsx]UrinOrg'!F3)," ",'Q:\Abteilungsprojekte\eng\EngData\AOS\Allgemein\[LabSamples2025.xlsx]UrinOrg'!F3) | G3: =IF(ISBLANK('Q:\Abteilungsprojekte\eng\EngData\AOS\Allgemein\[LabSamples2025.xlsx]UrinOrg'!G3)," ",'Q:\Abteilungsprojekte\eng\EngData\AOS\Allgemein\[LabSamples2025.xlsx]UrinOrg'!G3) | H3: =IF(ISBLANK('Q:\Abteilungsprojekte\eng\EngData\AOS\Allgemein\[LabSamples2025.xlsx]UrinOrg'!H3)," ",'Q:\Abteilungsprojekte\eng\EngData\AOS\Allgemein\[LabSamples2025.xlsx]UrinOrg'!H3)
A4: =IF(ISBLANK('Q:\Abteilungsprojekte\eng\EngData\AOS\Allgemein\[LabSamples2025.xlsx]UrinOrg'!A4)," ",'Q:\Abteilungsprojekte\eng\EngData\AOS\Allgemein\[LabSamples2025.xlsx]UrinOrg'!A4) | B4: =IF(ISBLANK('Q:\Abteilungsprojekte\eng\EngData\AOS\Allgemein\[LabSamples2025.xlsx]UrinOrg'!B4)," ",'Q:\Abteilungsprojekte\eng\EngData\AOS\Allgemein\[LabSamples2025.xlsx]UrinOrg'!B4) | C4: =IF(ISBLANK('Q:\Abteilungsprojekte\eng\EngData\AOS\Allgemein\[LabSamples2025.xlsx]UrinOrg'!C4)," ",'Q:\Abteilungsprojekte\eng\EngData\AOS\Allgemein\[LabSamples2025.xlsx]UrinOrg'!C4) | D4: =IF(ISBLANK('Q:\Abteilungsprojekte\eng\EngData\AOS\Allgemein\[LabSamples2025.xlsx]UrinOrg'!D4)," ",'Q:\Abteilungsprojekte\eng\EngData\AOS\Allgemein\[LabSamples2025.xlsx]UrinOrg'!D4) | E4: =IF(ISBLANK('Q:\Abteilungsprojekte\eng\EngData\AOS\Allgemein\[LabSamples2025.xlsx]UrinOrg'!E4)," ",'Q:\Abteilungsprojekte\eng\EngData\AOS\Allgemein\[LabSamples2025.xlsx]UrinOrg'!E4) | F4: =IF(ISBLANK('Q:\Abteilungsprojekte\eng\EngData\AOS\Allgemein\[LabSamples2025.xlsx]UrinOrg'!F4)," ",'Q:\Abteilungsprojekte\eng\EngData\AOS\Allgemein\[LabSamples2025.xlsx]UrinOrg'!F4) | G4: =IF(ISBLANK('Q:\Abteilungsprojekte\eng\EngData\AOS\Allgemein\[LabSamples2025.xlsx]UrinOrg'!G4)," ",'Q:\Abteilungsprojekte\eng\EngData\AOS\Allgemein\[LabSamples2025.xlsx]UrinOrg'!G4) | H4: =IF(ISBLANK('Q:\Abteilungsprojekte\eng\EngData\AOS\Allgemein\[LabSamples2025.xlsx]UrinOrg'!H4)," ",'Q:\Abteilungsprojekte\eng\EngData\AOS\Allgemein\[LabSamples2025.xlsx]UrinOrg'!H4)
A5: =IF(ISBLANK('Q:\Abteilungsprojekte\eng\EngData\AOS\Allgemein\[LabSamples2025.xlsx]UrinOrg'!A5)," ",'Q:\Abteilungsprojekte\eng\EngData\AOS\Allgemein\[LabSamples2025.xlsx]UrinOrg'!A5) | B5: =IF(ISBLANK('Q:\Abteilungsprojekte\eng\EngData\AOS\Allgemein\[LabSamples2025.xlsx]UrinOrg'!B5)," ",'Q:\Abteilungsprojekte\eng\EngData\AOS\Allgemein\[LabSamples2025.xlsx]UrinOrg'!B5) | C5: =IF(ISBLANK('Q:\Abteilungsprojekte\eng\EngData\AOS\Allgemein\[LabSamples2025.xlsx]UrinOrg'!C5)," ",'Q:\Abteilungsprojekte\eng\EngData\AOS\Allgemein\[LabSamples2025.xlsx]UrinOrg'!C5) | D5: =IF(ISBLANK('Q:\Abteilungsprojekte\eng\EngData\AOS\Allgemein\[LabSamples2025.xlsx]UrinOrg'!D5)," ",'Q:\Abteilungsprojekte\eng\EngData\AOS\Allgemein\[LabSamples2025.xlsx]UrinOrg'!D5) | E5: =IF(ISBLANK('Q:\Abteilungsprojekte\eng\EngData\AOS\Allgemein\[LabSamples2025.xlsx]UrinOrg'!E5)," ",'Q:\Abteilungsprojekte\eng\EngData\AOS\Allgemein\[LabSamples2025.xlsx]UrinOrg'!E5) | F5: =IF(ISBLANK('Q:\Abteilungsprojekte\eng\EngData\AOS\Allgemein\[LabSamples2025.xlsx]UrinOrg'!F5)," ",'Q:\Abteilungsprojekte\eng\EngData\AOS\Allgemein\[LabSamples2025.xlsx]UrinOrg'!F5) | G5: =IF(ISBLANK('Q:\Abteilungsprojekte\eng\EngData\AOS\Allgemein\[LabSamples2025.xlsx]UrinOrg'!G5)," ",'Q:\Abteilungsprojekte\eng\EngData\AOS\Allgemein\[LabSamples2025.xlsx]UrinOrg'!G5) | H5: =IF(ISBLANK('Q:\Abteilungsprojekte\eng\EngData\AOS\Allgemein\[LabSamples2025.xlsx]UrinOrg'!H5)," ",'Q:\Abteilungsprojekte\eng\EngData\AOS\Allgemein\[LabSamples2025.xlsx]UrinOrg'!H5)
A6: =IF(ISBLANK('Q:\Abteilungsprojekte\eng\EngData\AOS\Allgemein\[LabSamples2025.xlsx]UrinOrg'!A6)," ",'Q:\Abteilungsprojekte\eng\EngData\AOS\Allgemein\[LabSamples2025.xlsx]UrinOrg'!A6) | B6: =IF(ISBLANK('Q:\Abteilungsprojekte\eng\EngData\AOS\Allgemein\[LabSamples2025.xlsx]UrinOrg'!B6)," ",'Q:\Abteilungsprojekte\eng\EngData\AOS\Allgemein\[LabSamples2025.xlsx]UrinOrg'!B6) | C6: =IF(ISBLANK('Q:\Abteilungsprojekte\eng\EngData\AOS\Allgemein\[LabSamples2025.xlsx]UrinOrg'!C6)," ",'Q:\Abteilungsprojekte\eng\EngData\AOS\Allgemein\[LabSamples2025.xlsx]UrinOrg'!C6) | D6: =IF(ISBLANK('Q:\Abteilungsprojekte\eng\EngData\AOS\Allgemein\[LabSamples2025.xlsx]UrinOrg'!D6)," ",'Q:\Abteilungsprojekte\eng\EngData\AOS\Allgemein\[LabSamples2025.xlsx]UrinOrg'!D6) | E6: =IF(ISBLANK('Q:\Abteilungsprojekte\eng\EngData\AOS\Allgemein\[LabSamples2025.xlsx]UrinOrg'!E6)," ",'Q:\Abteilungsprojekte\eng\EngData\AOS\Allgemein\[LabSamples2025.xlsx]UrinOrg'!E6) | F6: =IF(ISBLANK('Q:\Abteilungsprojekte\eng\EngData\AOS\Allgemein\[LabSamples2025.xlsx]UrinOrg'!F6)," ",'Q:\Abteilungsprojekte\eng\EngData\AOS\Allgemein\[LabSamples2025.xlsx]UrinOrg'!F6) | G6: =IF(ISBLANK('Q:\Abteilungsprojekte\eng\EngData\AOS\Allgemein\[LabSamples2025.xlsx]UrinOrg'!G6)," ",'Q:\Abteilungsprojekte\eng\EngData\AOS\Allgemein\[LabSamples2025.xlsx]UrinOrg'!G6) | H6: =IF(ISBLANK('Q:\Abteilungsprojekte\eng\EngData\AOS\Allgemein\[LabSamples2025.xlsx]UrinOrg'!H6)," ",'Q:\Abteilungsprojekte\eng\EngData\AOS\Allgemein\[LabSamples2025.xlsx]UrinOrg'!H6)
A7: =IF(ISBLANK('Q:\Abteilungsprojekte\eng\EngData\AOS\Allgemein\[LabSamples2025.xlsx]UrinOrg'!A7)," ",'Q:\Abteilungsprojekte\eng\EngData\AOS\Allgemein\[LabSamples2025.xlsx]UrinOrg'!A7) | B7: =IF(ISBLANK('Q:\Abteilungsprojekte\eng\EngData\AOS\Allgemein\[LabSamples2025.xlsx]UrinOrg'!B7)," ",'Q:\Abteilungsprojekte\eng\EngData\AOS\Allgemein\[LabSamples2025.xlsx]UrinOrg'!B7) | C7: =IF(ISBLANK('Q:\Abteilungsprojekte\eng\EngData\AOS\Allgemein\[LabSamples2025.xlsx]UrinOrg'!C7)," ",'Q:\Abteilungsprojekte\eng\EngData\AOS\Allgemein\[LabSamples2025.xlsx]UrinOrg'!C7) | D7: =IF(ISBLANK('Q:\Abteilungsprojekte\eng\EngData\AOS\Allgemein\[LabSamples2025.xlsx]UrinOrg'!D7)," ",'Q:\Abteilungsprojekte\eng\EngData\AOS\Allgemein\[LabSamples2025.xlsx]UrinOrg'!D7) | E7: =IF(ISBLANK('Q:\Abteilungsprojekte\eng\EngData\AOS\Allgemein\[LabSamples2025.xlsx]UrinOrg'!E7)," ",'Q:\Abteilungsprojekte\eng\EngData\AOS\Allgemein\[LabSamples2025.xlsx]UrinOrg'!E7) | F7: =IF(ISBLANK('Q:\Abteilungsprojekte\eng\EngData\AOS\Allgemein\[LabSamples2025.xlsx]UrinOrg'!F7)," ",'Q:\Abteilungsprojekte\eng\EngData\AOS\Allgemein\[LabSamples2025.xlsx]UrinOrg'!F7) | G7: =IF(ISBLANK('Q:\Abteilungsprojekte\eng\EngData\AOS\Allgemein\[LabSamples2025.xlsx]UrinOrg'!G7)," ",'Q:\Abteilungsprojekte\eng\EngData\AOS\Allgemein\[LabSamples2025.xlsx]UrinOrg'!G7) | H7: =IF(ISBLANK('Q:\Abteilungsprojekte\eng\EngData\AOS\Allgemein\[LabSamples2025.xlsx]UrinOrg'!H7)," ",'Q:\Abteilungsprojekte\eng\EngData\AOS\Allgemein\[LabSamples2025.xlsx]UrinOrg'!H7)
A8: =IF(ISBLANK('Q:\Abteilungsprojekte\eng\EngData\AOS\Allgemein\[LabSamples2025.xlsx]UrinOrg'!A8)," ",'Q:\Abteilungsprojekte\eng\EngData\AOS\Allgemein\[LabSamples2025.xlsx]UrinOrg'!A8) | B8: =IF(ISBLANK('Q:\Abteilungsprojekte\eng\EngData\AOS\Allgemein\[LabSamples2025.xlsx]UrinOrg'!B8)," ",'Q:\Abteilungsprojekte\eng\EngData\AOS\Allgemein\[LabSamples2025.xlsx]UrinOrg'!B8) | C8: =IF(ISBLANK('Q:\Abteilungsprojekte\eng\EngData\AOS\Allgemein\[LabSamples2025.xlsx]UrinOrg'!C8)," ",'Q:\Abteilungsprojekte\eng\EngData\AOS\Allgemein\[LabSamples2025.xlsx]UrinOrg'!C8) | D8: =IF(ISBLANK('Q:\Abteilungsprojekte\eng\EngData\AOS\Allgemein\[LabSamples2025.xlsx]UrinOrg'!D8)," ",'Q:\Abteilungsprojekte\eng\EngData\AOS\Allgemein\[LabSamples2025.xlsx]UrinOrg'!D8) | E8: =IF(ISBLANK('Q:\Abteilungsprojekte\eng\EngData\AOS\Allgemein\[LabSamples2025.xlsx]UrinOrg'!E8)," ",'Q:\Abteilungsprojekte\eng\EngData\AOS\Allgemein\[LabSamples2025.xlsx]UrinOrg'!E8) | F8: =IF(ISBLANK('Q:\Abteilungsprojekte\eng\EngData\AOS\Allgemein\[LabSamples2025.xlsx]UrinOrg'!F8)," ",'Q:\Abteilungsprojekte\eng\EngData\AOS\Allgemein\[LabSamples2025.xlsx]UrinOrg'!F8) | G8: =IF(ISBLANK('Q:\Abteilungsprojekte\eng\EngData\AOS\Allgemein\[LabSamples2025.xlsx]UrinOrg'!G8)," ",'Q:\Abteilungsprojekte\eng\EngData\AOS\Allgemein\[LabSamples2025.xlsx]UrinOrg'!G8) | H8: =IF(ISBLANK('Q:\Abteilungsprojekte\eng\EngData\AOS\Allgemein\[LabSamples2025.xlsx]UrinOrg'!H8)," ",'Q:\Abteilungsprojekte\eng\EngData\AOS\Allgemein\[LabSamples2025.xlsx]UrinOrg'!H8)
A9: =IF(ISBLANK('Q:\Abteilungsprojekte\eng\EngData\AOS\Allgemein\[LabSamples2025.xlsx]UrinOrg'!A9)," ",'Q:\Abteilungsprojekte\eng\EngData\AOS\Allgemein\[LabSamples2025.xlsx]UrinOrg'!A9) | B9: =IF(ISBLANK('Q:\Abteilungsprojekte\eng\EngData\AOS\Allgemein\[LabSamples2025.xlsx]UrinOrg'!B9)," ",'Q:\Abteilungsprojekte\eng\EngData\AOS\Allgemein\[LabSamples2025.xlsx]UrinOrg'!B9) | C9: =IF(ISBLANK('Q:\Abteilungsprojekte\eng\EngData\AOS\Allgemein\[LabSamples2025.xlsx]UrinOrg'!C9)," ",'Q:\Abteilungsprojekte\eng\EngData\AOS\Allgemein\[LabSamples2025.xlsx]UrinOrg'!C9) | D9: =IF(ISBLANK('Q:\Abteilungsprojekte\eng\EngData\AOS\Allgemein\[LabSamples2025.xlsx]UrinOrg'!D9)," ",'Q:\Abteilungsprojekte\eng\EngData\AOS\Allgemein\[LabSamples2025.xlsx]UrinOrg'!D9) | E9: =IF(ISBLANK('Q:\Abteilungsprojekte\eng\EngData\AOS\Allgemein\[LabSamples2025.xlsx]UrinOrg'!E9)," ",'Q:\Abteilungsprojekte\eng\EngData\AOS\Allgemein\[LabSamples2025.xlsx]UrinOrg'!E9) | F9: =IF(ISBLANK('Q:\Abteilungsprojekte\eng\EngData\AOS\Allgemein\[LabSamples2025.xlsx]UrinOrg'!F9)," ",'Q:\Abteilungsprojekte\eng\EngData\AOS\Allgemein\[LabSamples2025.xlsx]UrinOrg'!F9) | G9: =IF(ISBLANK('Q:\Abteilungsprojekte\eng\EngData\AOS\Allgemein\[LabSamples2025.xlsx]UrinOrg'!G9)," ",'Q:\Abteilungsprojekte\eng\EngData\AOS\Allgemein\[LabSamples2025.xlsx]UrinOrg'!G9) | H9: =IF(ISBLANK('Q:\Abteilungsprojekte\eng\EngData\AOS\Allgemein\[LabSamples2025.xlsx]UrinOrg'!H9)," ",'Q:\Abteilungsprojekte\eng\EngData\AOS\Allgemein\[LabSamples2025.xlsx]UrinOrg'!H9)
A10: =IF(ISBLANK('Q:\Abteilungsprojekte\eng\EngData\AOS\Allgemein\[LabSamples2025.xlsx]UrinOrg'!A10)," ",'Q:\Abteilungsprojekte\eng\EngData\AOS\Allgemein\[LabSamples2025.xlsx]UrinOrg'!A10) | B10: =IF(ISBLANK('Q:\Abteilungsprojekte\eng\EngData\AOS\Allgemein\[LabSamples2025.xlsx]UrinOrg'!B10)," ",'Q:\Abteilungsprojekte\eng\EngData\AOS\Allgemein\[LabSamples2025.xlsx]UrinOrg'!B10) | C10: =IF(ISBLANK('Q:\Abteilungsprojekte\eng\EngData\AOS\Allgemein\[LabSamples2025.xlsx]UrinOrg'!C10)," ",'Q:\Abteilungsprojekte\eng\EngData\AOS\Allgemein\[LabSamples2025.xlsx]UrinOrg'!C10) | D10: =IF(ISBLANK('Q:\Abteilungsprojekte\eng\EngData\AOS\Allgemein\[LabSamples2025.xlsx]UrinOrg'!D10)," ",'Q:\Abteilungsprojekte\eng\EngData\AOS\Allgemein\[LabSamples2025.xlsx]UrinOrg'!D10) | E10: =IF(ISBLANK('Q:\Abteilungsprojekte\eng\EngData\AOS\Allgemein\[LabSamples2025.xlsx]UrinOrg'!E10)," ",'Q:\Abteilungsprojekte\eng\EngData\AOS\Allgemein\[LabSamples2025.xlsx]UrinOrg'!E10) | F10: =IF(ISBLANK('Q:\Abteilungsprojekte\eng\EngData\AOS\Allgemein\[LabSamples2025.xlsx]UrinOrg'!F10)," ",'Q:\Abteilungsprojekte\eng\EngData\AOS\Allgemein\[LabSamples2025.xlsx]UrinOrg'!F10) | G10: =IF(ISBLANK('Q:\Abteilungsprojekte\eng\EngData\AOS\Allgemein\[LabSamples2025.xlsx]UrinOrg'!G10)," ",'Q:\Abteilungsprojekte\eng\EngData\AOS\Allgemein\[LabSamples2025.xlsx]UrinOrg'!G10) | H10: =IF(ISBLANK('Q:\Abteilungsprojekte\eng\EngData\AOS\Allgemein\[LabSamples2025.xlsx]UrinOrg'!H10)," ",'Q:\Abteilungsprojekte\eng\EngData\AOS\Allgemein\[LabSamples2025.xlsx]UrinOrg'!H10)
A11: =IF(ISBLANK('Q:\Abteilungsprojekte\eng\EngData\AOS\Allgemein\[LabSamples2025.xlsx]UrinOrg'!A11)," ",'Q:\Abteilungsprojekte\eng\EngData\AOS\Allgemein\[LabSamples2025.xlsx]UrinOrg'!A11) | B11: =IF(ISBLANK('Q:\Abteilungsprojekte\eng\EngData\AOS\Allgemein\[LabSamples2025.xlsx]UrinOrg'!B11)," ",'Q:\Abteilungsprojekte\eng\EngData\AOS\Allgemein\[LabSamples2025.xlsx]UrinOrg'!B11) | C11: =IF(ISBLANK('Q:\Abteilungsprojekte\eng\EngData\AOS\Allgemein\[LabSamples2025.xlsx]UrinOrg'!C11)," ",'Q:\Abteilungsprojekte\eng\EngData\AOS\Allgemein\[LabSamples2025.xlsx]UrinOrg'!C11) | D11: =IF(ISBLANK('Q:\Abteilungsprojekte\eng\EngData\AOS\Allgemein\[LabSamples2025.xlsx]UrinOrg'!D11)," ",'Q:\Abteilungsprojekte\eng\EngData\AOS\Allgemein\[LabSamples2025.xlsx]UrinOrg'!D11) | E11: =IF(ISBLANK('Q:\Abteilungsprojekte\eng\EngData\AOS\Allgemein\[LabSamples2025.xlsx]UrinOrg'!E11)," ",'Q:\Abteilungsprojekte\eng\EngData\AOS\Allgemein\[LabSamples2025.xlsx]UrinOrg'!E11) | F11: =IF(ISBLANK('Q:\Abteilungsprojekte\eng\EngData\AOS\Allgemein\[LabSamples2025.xlsx]UrinOrg'!F11)," ",'Q:\Abteilungsprojekte\eng\EngData\AOS\Allgemein\[LabSamples2025.xlsx]UrinOrg'!F11) | G11: =IF(ISBLANK('Q:\Abteilungsprojekte\eng\EngData\AOS\Allgemein\[LabSamples2025.xlsx]UrinOrg'!G11)," ",'Q:\Abteilungsprojekte\eng\EngData\AOS\Allgemein\[LabSamples2025.xlsx]UrinOrg'!G11) | H11: =IF(ISBLANK('Q:\Abteilungsprojekte\eng\EngData\AOS\Allgemein\[LabSamples2025.xlsx]UrinOrg'!H11)," ",'Q:\Abteilungsprojekte\eng\EngData\AOS\Allgemein\[LabSamples2025.xlsx]UrinOrg'!H11)
A12: =IF(ISBLANK('Q:\Abteilungsprojekte\eng\EngData\AOS\Allgemein\[LabSamples2025.xlsx]UrinOrg'!A12)," ",'Q:\Abteilungsprojekte\eng\EngData\AOS\Allgemein\[LabSamples2025.xlsx]UrinOrg'!A12) | B12: =IF(ISBLANK('Q:\Abteilungsprojekte\eng\EngData\AOS\Allgemein\[LabSamples2025.xlsx]UrinOrg'!B12)," ",'Q:\Abteilungsprojekte\eng\EngData\AOS\Allgemein\[LabSamples2025.xlsx]UrinOrg'!B12) | C12: =IF(ISBLANK('Q:\Abteilungsprojekte\eng\EngData\AOS\Allgemein\[LabSamples2025.xlsx]UrinOrg'!C12)," ",'Q:\Abteilungsprojekte\eng\EngData\AOS\Allgemein\[LabSamples2025.xlsx]UrinOrg'!C12) | D12: =IF(ISBLANK('Q:\Abteilungsprojekte\eng\EngData\AOS\Allgemein\[LabSamples2025.xlsx]UrinOrg'!D12)," ",'Q:\Abteilungsprojekte\eng\EngData\AOS\Allgemein\[LabSamples2025.xlsx]UrinOrg'!D12) | E12: =IF(ISBLANK('Q:\Abteilungsprojekte\eng\EngData\AOS\Allgemein\[LabSamples2025.xlsx]UrinOrg'!E12)," ",'Q:\Abteilungsprojekte\eng\EngData\AOS\Allgemein\[LabSamples2025.xlsx]UrinOrg'!E12) | F12: =IF(ISBLANK('Q:\Abteilungsprojekte\eng\EngData\AOS\Allgemein\[LabSamples2025.xlsx]UrinOrg'!F12)," ",'Q:\Abteilungsprojekte\eng\EngData\AOS\Allgemein\[LabSamples2025.xlsx]UrinOrg'!F12) | G12: =IF(ISBLANK('Q:\Abteilungsprojekte\eng\EngData\AOS\Allgemein\[LabSamples2025.xlsx]UrinOrg'!G12)," ",'Q:\Abteilungsprojekte\eng\EngData\AOS\Allgemein\[LabSamples2025.xlsx]UrinOrg'!G12) | H12: =IF(ISBLANK('Q:\Abteilungsprojekte\eng\EngData\AOS\Allgemein\[LabSamples2025.xlsx]UrinOrg'!H12)," ",'Q:\Abteilungsprojekte\eng\EngData\AOS\Allgemein\[LabSamples2025.xlsx]UrinOrg'!H12)
... A1007: =IF(ISBLANK('Q:\Abteilungsprojekte\eng\EngData\AOS\Allgemein\[LabSamples2025.xlsx]UrinOrg'!A1007)," ",'Q:\Abteilungsprojekte\eng\EngData\AOS\Allgemein\[LabSamples2025.xlsx]UrinOrg'!A1007) | B1007: =IF(ISBLANK('Q:\Abteilungsprojekte\eng\EngData\AOS\Allgemein\[LabSamples2025.xlsx]UrinOrg'!B1007)," ",'Q:\Abteilungsprojekte\eng\EngData\AOS\Allgemein\[LabSamples2025.xlsx]UrinOrg'!B1007) | C1007: =IF(ISBLANK('Q:\Abteilungsprojekte\eng\EngData\AOS\Allgemein\[LabSamples2025.xlsx]UrinOrg'!C1007)," ",'Q:\Abteilungsprojekte\eng\EngData\AOS\Allgemein\[LabSamples2025.xlsx]UrinOrg'!C1007) | D1007: =IF(ISBLANK('Q:\Abteilungsprojekte\eng\EngData\AOS\Allgemein\[LabSamples2025.xlsx]UrinOrg'!D1007)," ",'Q:\Abteilungsprojekte\eng\EngData\AOS\Allgemein\[LabSamples2025.xlsx]UrinOrg'!D1007) | E1007: =IF(ISBLANK('Q:\Abteilungsprojekte\eng\EngData\AOS\Allgemein\[LabSamples2025.xlsx]UrinOrg'!E1007)," ",'Q:\Abteilungsprojekte\eng\EngData\AOS\Allgemein\[LabSamples2025.xlsx]UrinOrg'!E1007) | F1007: =IF(ISBLANK('Q:\Abteilungsprojekte\eng\EngData\AOS\Allgemein\[LabSamples2025.xlsx]UrinOrg'!F1007)," ",'Q:\Abteilungsprojekte\eng\EngData\AOS\Allgemein\[LabSamples2025.xlsx]UrinOrg'!F1007) | G1007: =IF(ISBLANK('Q:\Abteilungsprojekte\eng\EngData\AOS\Allgemein\[LabSamples2025.xlsx]UrinOrg'!G1007)," ",'Q:\Abteilungsprojekte\eng\EngData\AOS\Allgemein\[LabSamples2025.xlsx]UrinOrg'!G1007) | H1007: =IF(ISBLANK('Q:\Abteilungsprojekte\eng\EngData\AOS\Allgemein\[LabSamples2025.xlsx]UrinOrg'!H1007)," ",'Q:\Abteilungsprojekte\eng\EngData\AOS\Allgemein\[LabSamples2025.xlsx]UrinOrg'!H1007)

Sheet SamplesY
A1: =IF(ISBLANK('Q:\Abteilungsprojekte\eng\EngData\NeleK\05_Raw_Data\03_IC\[LabSamples2025_UrinOrg_extra.xlsx]extra_UrinOrg'!A1)," ",'Q:\Abteilungsprojekte\eng\EngData\NeleK\05_Raw_Data\03_IC\[LabSamples2025_UrinOrg_extra.xlsx]extra_UrinOrg'!A1) | B1: =IF(ISBLANK('Q:\Abteilungsprojekte\eng\EngData\NeleK\05_Raw_Data\03_IC\[LabSamples2025_UrinOrg_extra.xlsx]extra_UrinOrg'!B1)," ",'Q:\Abteilungsprojekte\eng\EngData\NeleK\05_Raw_Data\03_IC\[LabSamples2025_UrinOrg_extra.xlsx]extra_UrinOrg'!B1) | C1: =IF(ISBLANK('Q:\Abteilungsprojekte\eng\EngData\NeleK\05_Raw_Data\03_IC\[LabSamples2025_UrinOrg_extra.xlsx]extra_UrinOrg'!C1)," ",'Q:\Abteilungsprojekte\eng\EngData\NeleK\05_Raw_Data\03_IC\[LabSamples2025_UrinOrg_extra.xlsx]extra_UrinOrg'!C1) | D1: =IF(ISBLANK('Q:\Abteilungsprojekte\eng\EngData\NeleK\05_Raw_Data\03_IC\[LabSamples2025_UrinOrg_extra.xlsx]extra_UrinOrg'!D1)," ",'Q:\Abteilungsprojekte\eng\EngData\NeleK\05_Raw_Data\03_IC\[LabSamples2025_UrinOrg_extra.xlsx]extra_UrinOrg'!D1) | E1: =IF(ISBLANK('Q:\Abteilungsprojekte\eng\EngData\NeleK\05_Raw_Data\03_IC\[LabSamples2025_UrinOrg_extra.xlsx]extra_UrinOrg'!E1)," ",'Q:\Abteilungsprojekte\eng\EngData\NeleK\05_Raw_Data\03_IC\[LabSamples2025_UrinOrg_extra.xlsx]extra_UrinOrg'!E1) | F1: =IF(ISBLANK('Q:\Abteilungsprojekte\eng\EngData\NeleK\05_Raw_Data\03_IC\[LabSamples2025_UrinOrg_extra.xlsx]extra_UrinOrg'!F1)," ",'Q:\Abteilungsprojekte\eng\EngData\NeleK\05_Raw_Data\03_IC\[LabSamples2025_UrinOrg_extra.xlsx]extra_UrinOrg'!F1) | G1: =IF(ISBLANK('Q:\Abteilungsprojekte\eng\EngData\NeleK\05_Raw_Data\03_IC\[LabSamples2025_UrinOrg_extra.xlsx]extra_UrinOrg'!G1)," ",'Q:\Abteilungsprojekte\eng\EngData\NeleK\05_Raw_Data\03_IC\[LabSamples2025_UrinOrg_extra.xlsx]extra_UrinOrg'!G1) | H1: =IF(ISBLANK('Q:\Abteilungsprojekte\eng\EngData\NeleK\05_Raw_Data\03_IC\[LabSamples2025_UrinOrg_extra.xlsx]extra_UrinOrg'!H1)," ",'Q:\Abteilungsprojekte\eng\EngData\NeleK\05_Raw_Data\03_IC\[LabSamples2025_UrinOrg_extra.xlsx]extra_UrinOrg'!H1)
A2: =IF(ISBLANK('Q:\Abteilungsprojekte\eng\EngData\NeleK\05_Raw_Data\03_IC\[LabSamples2025_UrinOrg_extra.xlsx]extra_UrinOrg'!A2)," ",'Q:\Abteilungsprojekte\eng\EngData\NeleK\05_Raw_Data\03_IC\[LabSamples2025_UrinOrg_extra.xlsx]extra_UrinOrg'!A2) | B2: =IF(ISBLANK('Q:\Abteilungsprojekte\eng\EngData\NeleK\05_Raw_Data\03_IC\[LabSamples2025_UrinOrg_extra.xlsx]extra_UrinOrg'!B2)," ",'Q:\Abteilungsprojekte\eng\EngData\NeleK\05_Raw_Data\03_IC\[LabSamples2025_UrinOrg_extra.xlsx]extra_UrinOrg'!B2) | C2: =IF(ISBLANK('Q:\Abteilungsprojekte\eng\EngData\NeleK\05_Raw_Data\03_IC\[LabSamples2025_UrinOrg_extra.xlsx]extra_UrinOrg'!C2)," ",'Q:\Abteilungsprojekte\eng\EngData\NeleK\05_Raw_Data\03_IC\[LabSamples2025_UrinOrg_extra.xlsx]extra_UrinOrg'!C2) | D2: =IF(ISBLANK('Q:\Abteilungsprojekte\eng\EngData\NeleK\05_Raw_Data\03_IC\[LabSamples2025_UrinOrg_extra.xlsx]extra_UrinOrg'!D2)," ",'Q:\Abteilungsprojekte\eng\EngData\NeleK\05_Raw_Data\03_IC\[LabSamples2025_UrinOrg_extra.xlsx]extra_UrinOrg'!D2) | E2: =IF(ISBLANK('Q:\Abteilungsprojekte\eng\EngData\NeleK\05_Raw_Data\03_IC\[LabSamples2025_UrinOrg_extra.xlsx]extra_UrinOrg'!E2)," ",'Q:\Abteilungsprojekte\eng\EngData\NeleK\05_Raw_Data\03_IC\[LabSamples2025_UrinOrg_extra.xlsx]extra_UrinOrg'!E2) | F2: =IF(ISBLANK('Q:\Abteilungsprojekte\eng\EngData\NeleK\05_Raw_Data\03_IC\[LabSamples2025_UrinOrg_extra.xlsx]extra_UrinOrg'!F2)," ",'Q:\Abteilungsprojekte\eng\EngData\NeleK\05_Raw_Data\03_IC\[LabSamples2025_UrinOrg_extra.xlsx]extra_UrinOrg'!F2) | G2: =IF(ISBLANK('Q:\Abteilungsprojekte\eng\EngData\NeleK\05_Raw_Data\03_IC\[LabSamples2025_UrinOrg_extra.xlsx]extra_UrinOrg'!G2)," ",'Q:\Abteilungsprojekte\eng\EngData\NeleK\05_Raw_Data\03_IC\[LabSamples2025_UrinOrg_extra.xlsx]extra_UrinOrg'!G2) | H2: =IF(ISBLANK('Q:\Abteilungsprojekte\eng\EngData\NeleK\05_Raw_Data\03_IC\[LabSamples2025_UrinOrg_extra.xlsx]extra_UrinOrg'!H2)," ",'Q:\Abteilungsprojekte\eng\EngData\NeleK\05_Raw_Data\03_IC\[LabSamples2025_UrinOrg_extra.xlsx]extra_UrinOrg'!H2)
