Workbook

Sheet extra_Hob
A1: Hob | B1: 2019
A2: Responsible: | B2: =HYPERLINK("mailto:bilbo.baggins@miskatonic.edu?subject=[Lab results]", "bilbo.baggins@miskatonic.edu")
A3: Samples: | B3: =HYPERLINK("C:\code\laboratoryspreadsheet\labspreadsheet\demo\remote_central\LabSamples2019.xlsx#Hob!A1","LabSamples2019.xlsx")
B4: =HYPERLINK("C:\code\laboratoryspreadsheet\labspreadsheet\demo\remote_Hobbit\LabSamples2019_Hob_extra.xlsx#extra_Hob!A1","LabSamples2019_Hob_extra.xlsx")
A5: Sample ID | C5: Site | G5: Sample | I5: SampleInfo | J5: Comment | K5: DOC | O5: TOC | S5: TIC | W5: Ntot | AA5: Cl | AE5: NO2-N | AI5: NO3-N | AM5: PO4-P | AQ5: SO4 | AU5: Na | AY5: NH4-N | BC5: K | BG5: Ca | BK5: Mg | BO5: Ptot | BS5: Urea | BW5: CODsol | CA5: CODtot | CE5: Alkalinity | CI5: Conductivity | CM5: pH | CQ5: Dissolved Oxygen | CU5: Turbidity | CY5: BOD5 | DC5: TSS | DG5: VSS | DK5: TCC | DO5: ICC | DS5: ATP | DW5: Nanodrop | EA5: TSS63 | EF5: ConcatID | EG5: ConcatID_X | EH5: ConcatID_Y | EI5: MatchX | EJ5: MatchY
A6: Project ID | B6: Number | C6: Room | D6: Area | E6: Setup | F6: Component | G6: Date | H6: Time | K6: Final value | L6: Method | M6: Filtration | N6: Dilution | O6: Final value | P6: Method | Q6: Filtration | R6: Dilution | S6: Final value | T6: Method | U6: Filtration | V6: Dilution | W6: Final value | X6: Method | Y6: Filtration | Z6: Dilution | AA6: Final value | AB6: Method | AC6: Filtration | AD6: Dilution | AE6: Final value | AF6: Method | AG6: Filtration | AH6: Dilution | AI6: Final value | AJ6: Method | AK6: Filtration | AL6: Dilution | AM6: Final value | AN6: Method | AO6: Filtration | AP6: Dilution | AQ6: Final value | AR6: Method | AS6: Filtration | AT6: Dilution | AU6: Final value | AV6: Method | AW6: Filtration | AX6: Dilution | AY6: Final value | AZ6: Method | BA6: Filtration | BB6: Dilution | BC6: Final value | BD6: Method | BE6: Filtration | BF6: Dilution | BG6: Final value | BH6: Method | BI6: Filtration | BJ6: Dilution | BK6: Final value | BL6: Method | BM6: Filtration | BN6: Dilution | BO6: Final value | BP6: Method | BQ6: Filtration | BR6: Dilution | BS6: Final value | BT6: Method | BU6: Filtration | BV6: Dilution | BW6: Final value | BX6: Method | BY6: Filtration | BZ6: Dilution | CA6: Final value | CB6: Method | CC6: Filtration | CD6: Dilution | CE6: Final value | CF6: Method | CG6: Filtration | CH6: Dilution | CI6: Final value | CJ6: Method | CK6: Filtration | CL6: Dilution | CM6: Final value | CN6: Method | CO6: Filtration | CP6: Dilution | CQ6: Final value | CR6: Method | CS6: Filtration | CT6: Dilution | CU6: Final value | CV6: Method | CW6: Filtration | CX6: Dilution | CY6: Final value | CZ6: Method | DA6: Filtration | DB6: Dilution | DC6: Final value | DD6: Method | DE6: Filtration | DF6: Dilution | DG6: Final value | DH6: Method | DI6: Filtration | DJ6: Dilution | DK6: Final value | DL6: Method | DM6: Filtration | DN6: Dilution | DO6: Final value | DP6: Method | DQ6: Filtration | DR6: Dilution | DS6: Final value | DT6: Method | DU6: Filtration | DV6: Dilution | DW6: Final value | DX6: Method | DY6: Filtration | DZ6: Dilution | EA6: Final value | EB6: Method | EC6: Filtration | ED6: Dilution
A7: [##] | B7: [yysss] | G7: [dd.mm.yyyy] | H7: [HH:MM:SS] | K7: mg/L | O7: mg/L | S7: mg/L | W7: mg/L | AA7: mg/L | AE7: mg/L | AI7: mg/L | AM7: mg/L | AQ7: mg/L | AU7: mg/L | AY7: mg/L | BC7: mg/L | BG7: mg/L | BK7: mg/L | BO7: mg/L | BS7: mgN/L | BW7: mg/L | CA7: mg/L | CE7: mmol/L | CI7: microS/cm | CM7: 1 | CQ7: mg/L | CU7: NTU | CY7: mg/L | DC7: mg/L | DG7: mg/L | DK7: #/mL | DO7: #/mL | DS7: gATP/gGAC | DW7: ng/ml | EA7: mg/L
A8: Text | B8: Text | C8: Dropdown | D8: Dropdown | E8: Dropdown | F8: Dropdown | G8: Text | H8: Text | K8: Text | L8: Dropdown | M8: Dropdown | N8: Text | O8: Text | P8: Dropdown | Q8: Dropdown | R8: Text | S8: Text | T8: Dropdown | U8: Dropdown | V8: Text | W8: Text | X8: Dropdown | Y8: Dropdown | Z8: Text | AA8: Text | AB8: Dropdown | AC8: Dropdown | AD8: Text | AE8: Text | AF8: Dropdown | AG8: Dropdown | AH8: Text | AI8: Text | AJ8: Dropdown | AK8: Dropdown | AL8: Text | AM8: Text | AN8: Dropdown | AO8: Dropdown | AP8: Text | AQ8: Text | AR8: Dropdown | AS8: Dropdown | AT8: Text | AU8: Text | AV8: Dropdown | AW8: Dropdown | AX8: Text | AY8: Text | AZ8: Dropdown | BA8: Dropdown | BB8: Text | BC8: Text | BD8: Dropdown | BE8: Dropdown | BF8: Text | BG8: Text | BH8: Dropdown | BI8: Dropdown | BJ8: Text | BK8: Text | BL8: Dropdown | BM8: Dropdown | BN8: Text | BO8: Text | BP8: Dropdown | BQ8: Dropdown | BR8: Text | BS8: Text | BT8: Dropdown | BU8: Dropdown | BV8: Text | BW8: Text | BX8: Dropdown | BY8: Dropdown | BZ8: Text | CA8: Text | CB8: Dropdown | CC8: Dropdown | CD8: Text | CE8: Text | CF8: Dropdown | CG8: Dropdown | CH8: Text | CI8: Text | CJ8: Dropdown | CK8: Dropdown | CL8: Text | CM8: Text | CN8: Dropdown | CO8: Dropdown | CP8: Text | CQ8: Text | CR8: Dropdown | CS8: Dropdown | CT8: Text | CU8: Text | CV8: Dropdown | CW8: Dropdown | CX8: Text | CY8: Text | CZ8: Dropdown | DA8: Dropdown | DB8: Text | DC8: Text | DD8: Dropdown | DE8: Dropdown | DF8: Text | DG8: Text | DH8: Dropdown | DI8: Dropdown | DJ8: Text | DK8: Text | DL8: Dropdown | DM8: Dropdown | DN8: Text | DO8: Text | DP8: Dropdown | DQ8: Dropdown | DR8: Text | DS8: Text | DT8: Dropdown | DU8: Dropdown | DV8: Text | DW8: Text | DX8: Dropdown | DY8: Dropdown | DZ8: Text | EA8: Text | EB8: Dropdown | EC8: Dropdown | ED8: Text
C9: =IF(ISNUMBER(EI9),INDIRECT("SamplesX!C"&EI9),IF(ISNUMBER(EJ9),INDIRECT("SamplesY!C"&EJ9),"")) | D9: =IF(ISNUMBER(EI9),INDIRECT("SamplesX!D"&EI9),IF(ISNUMBER(EJ9),INDIRECT("SamplesY!D"&EJ9),"")) | E9: =IF(ISNUMBER(EI9),INDIRECT("SamplesX!E"&EI9),IF(ISNUMBER(EJ9),INDIRECT("SamplesY!E"&EJ9),"")) | F9: =IF(ISNUMBER(EI9),INDIRECT("SamplesX!F"&EI9),IF(ISNUMBER(EJ9),INDIRECT("SamplesY!F"&EJ9),"")) | G9: =IF(ISNUMBER(EI9),INDIRECT("SamplesX!G"&EI9),IF(ISNUMBER(EJ9),INDIRECT("SamplesY!G"&EJ9),"")) | H9: =IF(ISNUMBER(EI9),INDIRECT("SamplesX!H"&EI9),IF(ISNUMBER(EJ9),INDIRECT("SamplesY!H"&EJ9),"")) | M9: None | P9: Shimadzu TOC-L | Q9: None | T9: Shimadzu TOC-L | U9: None | Y9: None | AB9: IC Anionen | AC9: None | AG9: None | AK9: None | AO9: None | AR9: IC Anionen | AS9: None | AV9: IC Kationen | AW9: None | BA9: None | BD9: IC Kationen | BE9: None | BH9: IC Kationen | BI9: None | BL9: IC Kationen | BM9: None | BQ9: None | BU9: None | BY9: None | CC9: None | CF9: Titration | CG9: None | CK9: None | CO9: None | CR9: WTW Multimeter 3430 with FDO 925 | CS9: None | CV9: HACH 2100AN IS Turbidimeter | CW9: None | CZ9: OxiTop | DA9: None | DD9: SOP 45-16 | DE9: None | DH9: SOP 45-16 | DI9: None | DL9: Flow Cytometry (SG) | DM9: None | DP9: Flow Cytometry (SG/PI) | DQ9: None | DT9: Luminometer | DU9: None | DX9: Nanodrop2000 | DY9: None | EB9: Retsch AS200 control | EC9: None | EF9: =CONCATENATE(A9,B9) | EG9: =CONCATENATE(SamplesX!A9,SamplesX!B9) | EH9: =CONCATENATE(SamplesY!A9,SamplesY!B9) | EI9: =MATCH(EF9,EG1:EG1008,0) | EJ9: =MATCH(EF9,EH1:EH1008,0)
C10: =IF(ISNUMBER(EI10),INDIRECT("SamplesX!C"&EI10),IF(ISNUMBER(EJ10),INDIRECT("SamplesY!C"&EJ10),"")) | D10: =IF(ISNUMBER(EI10),INDIRECT("SamplesX!D"&EI10),IF(ISNUMBER(EJ10),INDIRECT("SamplesY!D"&EJ10),"")) | E10: =IF(ISNUMBER(EI10),INDIRECT("SamplesX!E"&EI10),IF(ISNUMBER(EJ10),INDIRECT("SamplesY!E"&EJ10),"")) | F10: =IF(ISNUMBER(EI10),INDIRECT("SamplesX!F"&EI10),IF(ISNUMBER(EJ10),INDIRECT("SamplesY!F"&EJ10),"")) | G10: =IF(ISNUMBER(EI10),INDIRECT("SamplesX!G"&EI10),IF(ISNUMBER(EJ10),INDIRECT("SamplesY!G"&EJ10),"")) | H10: =IF(ISNUMBER(EI10),INDIRECT("SamplesX!H"&EI10),IF(ISNUMBER(EJ10),INDIRECT("SamplesY!H"&EJ10),"")) | M10: None | P10: Shimadzu TOC-L | Q10: None | T10: Shimadzu TOC-L | U10: None | Y10: None | AB10: IC Anionen | AC10: None | AG10: None | AK10: None | AO10: None | AR10: IC Anionen | AS10: None | AV10: IC Kationen | AW10: None | BA10: None | BD10: IC Kationen | BE10: None | BH10: IC Kationen | BI10: None | BL10: IC Kationen | BM10: None | BQ10: None | BU10: None | BY10: None | CC10: None | CF10: Titration | CG10: None | CK10: None | CO10: None | CR10: WTW Multimeter 3430 with FDO 925 | CS10: None | CV10: HACH 2100AN IS Turbidimeter | CW10: None | CZ10: OxiTop | DA10: None | DD10: SOP 45-16 | DE10: None | DH10: SOP 45-16 | DI10: None | DL10: Flow Cytometry (SG) | DM10: None | DP10: Flow Cytometry (SG/PI) | DQ10: None | DT10: Luminometer | DU10: None | DX10: Nanodrop2000 | DY10: None | EB10: Retsch AS200 control | EC10: None | EF10: =CONCATENATE(A10,B10) | EG10: =CONCATENATE(SamplesX!A10,SamplesX!B10) | EH10: =CONCATENATE(SamplesY!A10,SamplesY!B10) | EI10: =MATCH(EF10,EG1:EG1008,0) | EJ10: =MATCH(EF10,EH1:EH1008,0)
C11: =IF(ISNUMBER(EI11),INDIRECT("SamplesX!C"&EI11),IF(ISNUMBER(EJ11),INDIRECT("SamplesY!C"&EJ11),"")) | D11: =IF(ISNUMBER(EI11),INDIRECT("SamplesX!D"&EI11),IF(ISNUMBER(EJ11),INDIRECT("SamplesY!D"&EJ11),"")) | E11: =IF(ISNUMBER(EI11),INDIRECT("SamplesX!E"&EI11),IF(ISNUMBER(EJ11),INDIRECT("SamplesY!E"&EJ11),"")) | F11: =IF(ISNUMBER(EI11),INDIRECT("SamplesX!F"&EI11),IF(ISNUMBER(EJ11),INDIRECT("SamplesY!F"&EJ11),"")) | G11: =IF(ISNUMBER(EI11),INDIRECT("SamplesX!G"&EI11),IF(ISNUMBER(EJ11),INDIRECT("SamplesY!G"&EJ11),"")) | H11: =IF(ISNUMBER(EI11),INDIRECT("SamplesX!H"&EI11),IF(ISNUMBER(EJ11),INDIRECT("SamplesY!H"&EJ11),"")) | M11: None | P11: Shimadzu TOC-L | Q11: None | T11: Shimadzu TOC-L | U11: None | Y11: None | AB11: IC Anionen | AC11: None | AG11: None | AK11: None | AO11: None | AR11: IC Anionen | AS11: None | AV11: IC Kationen | AW11: None | BA11: None | BD11: IC Kationen | BE11: None | BH11: IC Kationen | BI11: None | BL11: IC Kationen | BM11: None | BQ11: None | BU11: None | BY11: None | CC11: None | CF11: Titration | CG11: None | CK11: None | CO11: None | CR11: WTW Multimeter 3430 with FDO 925 | CS11: None | CV11: HACH 2100AN IS Turbidimeter | CW11: None | CZ11: OxiTop | DA11: None | DD11: SOP 45-16 | DE11: None | DH11: SOP 45-16 | DI11: None | DL11: Flow Cytometry (SG) | DM11: None | DP11: Flow Cytometry (SG/PI) | DQ11: None | DT11: Luminometer | DU11: None | DX11: Nanodrop2000 | DY11: None | EB11: Retsch AS200 control | EC11: None | EF11: =CONCATENATE(A11,B11) | EG11: =CONCATENATE(SamplesX!A11,SamplesX!B11) | EH11: =CONCATENATE(SamplesY!A11,SamplesY!B11) | EI11: =MATCH(EF11,EG1:EG1008,0) | EJ11: =MATCH(EF11,EH1:EH1008,0)
C12: =IF(ISNUMBER(EI12),INDIRECT("SamplesX!C"&EI12),IF(ISNUMBER(EJ12),INDIRECT("SamplesY!C"&EJ12),"")) | D12: =IF(ISNUMBER(EI12),INDIRECT("SamplesX!D"&EI12),IF(ISNUMBER(EJ12),INDIRECT("SamplesY!D"&EJ12),"")) | E12: =IF(ISNUMBER(EI12),INDIRECT("SamplesX!E"&EI12),IF(ISNUMBER(EJ12),INDIRECT("SamplesY!E"&EJ12),"")) | F12: =IF(ISNUMBER(EI12),INDIRECT("SamplesX!F"&EI12),IF(ISNUMBER(EJ12),INDIRECT("SamplesY!F"&EJ12),"")) | G12: =IF(ISNUMBER(EI12),INDIRECT("SamplesX!G"&EI12),IF(ISNUMBER(EJ12),INDIRECT("SamplesY!G"&EJ12),"")) | H12: =IF(ISNUMBER(EI12),INDIRECT("SamplesX!H"&EI12),IF(ISNUMBER(EJ12),INDIRECT("SamplesY!H"&EJ12),"")) | M12: None | P12: Shimadzu TOC-L | Q12: None | T12: Shimadzu TOC-L | U12: None | Y12: None | AB12: IC Anionen | AC12: None | AG12: None | AK12: None | AO12: None | AR12: IC Anionen | AS12: None | AV12: IC Kationen | AW12: None | BA12: None | BD12: IC Kationen | BE12: None | BH12: IC Kationen | BI12: None | BL12: IC Kationen | BM12: None | BQ12: None | BU12: None | BY12: None | CC12: None | CF12: Titration | CG12: None | CK12: None | CO12: None | CR12: WTW Multimeter 3430 with FDO 925 | CS12: None | CV12: HACH 2100AN IS Turbidimeter | CW12: None | CZ12: OxiTop | DA12: None | DD12: SOP 45-16 | DE12: None | DH12: SOP 45-16 | DI12: None | DL12: Flow Cytometry (SG) | DM12: None | DP12: Flow Cytometry (SG/PI) | DQ12: None | DT12: Luminometer | DU12: None | DX12: Nanodrop2000 | DY12: None | EB12: Retsch AS200 control | EC12: None | EF12: =CONCATENATE(A12,B12) | EG12: =CONCATENATE(SamplesX!A12,SamplesX!B12) | EH12: =CONCATENATE(SamplesY!A12,SamplesY!B12) | EI12: =MATCH(EF12,EG1:EG1008,0) | EJ12: =MATCH(EF12,EH1:EH1008,0)
C13: =IF(ISNUMBER(EI13),INDIRECT("SamplesX!C"&EI13),IF(ISNUMBER(EJ13),INDIRECT("SamplesY!C"&EJ13),"")) | D13: =IF(ISNUMBER(EI13),INDIRECT("SamplesX!D"&EI13),IF(ISNUMBER(EJ13),INDIRECT("SamplesY!D"&EJ13),"")) | E13: =IF(ISNUMBER(EI13),INDIRECT("SamplesX!E"&EI13),IF(ISNUMBER(EJ13),INDIRECT("SamplesY!E"&EJ13),"")) | F13: =IF(ISNUMBER(EI13),INDIRECT("SamplesX!F"&EI13),IF(ISNUMBER(EJ13),INDIRECT("SamplesY!F"&EJ13),"")) | G13: =IF(ISNUMBER(EI13),INDIRECT("SamplesX!G"&EI13),IF(ISNUMBER(EJ13),INDIRECT("SamplesY!G"&EJ13),"")) | H13: =IF(ISNUMBER(EI13),INDIRECT("SamplesX!H"&EI13),IF(ISNUMBER(EJ13),INDIRECT("SamplesY!H"&EJ13),"")) | M13: None | P13: Shimadzu TOC-L | Q13: None | T13: Shimadzu TOC-L | U13: None | Y13: None | AB13: IC Anionen | AC13: None | AG13: None | AK13: None | AO13: None | AR13: IC Anionen | AS13: None | AV13: IC Kationen | AW13: None | BA13: None | BD13: IC Kationen | BE13: None | BH13: IC Kationen | BI13: None | BL13: IC Kationen | BM13: None | BQ13: None | BU13: None | BY13: None | CC13: None | CF13: Titration | CG13: None | CK13: None | CO13: None | CR13: WTW Multimeter 3430 with FDO 925 | CS13: None | CV13: HACH 2100AN IS Turbidimeter | CW13: None | CZ13: OxiTop | DA13: None | DD13: SOP 45-16 | DE13: None | DH13: SOP 45-16 | DI13: None | DL13: Flow Cytometry (SG) | DM13: None | DP13: Flow Cytometry (SG/PI) | DQ13: None | DT13: Luminometer | DU13: None | DX13: Nanodrop2000 | DY13: None | EB13: Retsch AS200 control | EC13: None | EF13: =CONCATENATE(A13,B13) | EG13: =CONCATENATE(SamplesX!A13,SamplesX!B13) | EH13: =CONCATENATE(SamplesY!A13,SamplesY!B13) | EI13: =MATCH(EF13,EG1:EG1008,0) | EJ13: =MATCH(EF13,EH1:EH1008,0)
C14: =IF(ISNUMBER(EI14),INDIRECT("SamplesX!C"&EI14),IF(ISNUMBER(EJ14),INDIRECT("SamplesY!C"&EJ14),"")) | D14: =IF(ISNUMBER(EI14),INDIRECT("SamplesX!D"&EI14),IF(ISNUMBER(EJ14),INDIRECT("SamplesY!D"&EJ14),"")) | E14: =IF(ISNUMBER(EI14),INDIRECT("SamplesX!E"&EI14),IF(ISNUMBER(EJ14),INDIRECT("SamplesY!E"&EJ14),"")) | F14: =IF(ISNUMBER(EI14),INDIRECT("SamplesX!F"&EI14),IF(ISNUMBER(EJ14),INDIRECT("SamplesY!F"&EJ14),"")) | G14: =IF(ISNUMBER(EI14),INDIRECT("SamplesX!G"&EI14),IF(ISNUMBER(EJ14),INDIRECT("SamplesY!G"&EJ14),"")) | H14: =IF(ISNUMBER(EI14),INDIRECT("SamplesX!H"&EI14),IF(ISNUMBER(EJ14),INDIRECT("SamplesY!H"&EJ14),"")) | M14: None | P14: Shimadzu TOC-L | Q14: None | T14: Shimadzu TOC-L | U14: None | Y14: None | AB14: IC Anionen | AC14: None | AG14: None | AK14: None | AO14: None | AR14: IC Anionen | AS14: None | AV14: IC Kationen | AW14: None | BA14: None | BD14: IC Kationen | BE14: None | BH14: IC Kationen | BI14: None | BL14: IC Kationen | BM14: None | BQ14: None | BU14: None | BY14: None | CC14: None | CF14: Titration | CG14: None | CK14: None | CO14: None | CR14: WTW Multimeter 3430 with FDO 925 | CS14: None | CV14: HACH 2100AN IS Turbidimeter | CW14: None | CZ14: OxiTop | DA14: None | DD14: SOP 45-16 | DE14: None | DH14: SOP 45-16 | DI14: None | DL14: Flow Cytometry (SG) | DM14: None | DP14: Flow Cytometry (SG/PI) | DQ14: None | DT14: Luminometer | DU14: None | DX14: Nanodrop2000 | DY14: None | EB14: Retsch AS200 control | EC14: None | EF14: =CONCATENATE(A14,B14) | EG14: =CONCATENATE(SamplesX!A14,SamplesX!B14) | EH14: =CONCATENATE(SamplesY!A14,SamplesY!B14) | EI14: =MATCH(EF14,EG1:EG1008,0) | EJ14: =MATCH(EF14,EH1:EH1008,0)
C15: =IF(ISNUMBER(EI15),INDIRECT("SamplesX!C"&EI15),IF(ISNUMBER(EJ15),INDIRECT("SamplesY!C"&EJ15),"")) | D15: =IF(ISNUMBER(EI15),INDIRECT("SamplesX!D"&EI15),IF(ISNUMBER(EJ15),INDIRECT("SamplesY!D"&EJ15),"")) | E15: =IF(ISNUMBER(EI15),INDIRECT("SamplesX!E"&EI15),IF(ISNUMBER(EJ15),INDIRECT("SamplesY!E"&EJ15),"")) | F15: =IF(ISNUMBER(EI15),INDIRECT("SamplesX!F"&EI15),IF(ISNUMBER(EJ15),INDIRECT("SamplesY!F"&EJ15),"")) | G15: =IF(ISNUMBER(EI15),INDIRECT("SamplesX!G"&EI15),IF(ISNUMBER(EJ15),INDIRECT("SamplesY!G"&EJ15),"")) | H15: =IF(ISNUMBER(EI15),INDIRECT("SamplesX!H"&EI15),IF(ISNUMBER(EJ15),INDIRECT("SamplesY!H"&EJ15),"")) | M15: None | P15: Shimadzu TOC-L | Q15: None | T15: Shimadzu TOC-L | U15: None | Y15: None | AB15: IC Anionen | AC15: None | AG15: None | AK15: None | AO15: None | AR15: IC Anionen | AS15: None | AV15: IC Kationen | AW15: None | BA15: None | BD15: IC Kationen | BE15: None | BH15: IC Kationen | BI15: None | BL15: IC Kationen | BM15: None | BQ15: None | BU15: None | BY15: None | CC15: None | CF15: Titration | CG15: None | CK15: None | CO15: None | CR15: WTW Multimeter 3430 with FDO 925 | CS15: None | CV15: HACH 2100AN IS Turbidimeter | CW15: None | CZ15: OxiTop | DA15: None | DD15: SOP 45-16 | DE15: None | DH15: SOP 45-16 | DI15: None | DL15: Flow Cytometry (SG) | DM15: None | DP15: Flow Cytometry (SG/PI) | DQ15: None | DT15: Luminometer | DU15: None | DX15: Nanodrop2000 | DY15: None | EB15: Retsch AS200 control | EC15: None | EF15: =CONCATENATE(A15,B15) | EG15: =CONCATENATE(SamplesX!A15,SamplesX!B15) | EH15: =CONCATENATE(SamplesY!A15,SamplesY!B15) | EI15: =MATCH(EF15,EG1:EG1008,0) | EJ15: =MATCH(EF15,EH1:EH1008,0)
C16: =IF(ISNUMBER(EI16),INDIRECT("SamplesX!C"&EI16),IF(ISNUMBER(EJ16),INDIRECT("SamplesY!C"&EJ16),"")) | D16: =IF(ISNUMBER(EI16),INDIRECT("SamplesX!D"&EI16),IF(ISNUMBER(EJ16),INDIRECT("SamplesY!D"&EJ16),"")) | E16: =IF(ISNUMBER(EI16),INDIRECT("SamplesX!E"&EI16),IF(ISNUMBER(EJ16),INDIRECT("SamplesY!E"&EJ16),"")) | F16: =IF(ISNUMBER(EI16),INDIRECT("SamplesX!F"&EI16),IF(ISNUMBER(EJ16),INDIRECT("SamplesY!F"&EJ16),"")) | G16: =IF(ISNUMBER(EI16),INDIRECT("SamplesX!G"&EI16),IF(ISNUMBER(EJ16),INDIRECT("SamplesY!G"&EJ16),"")) | H16: =IF(ISNUMBER(EI16),INDIRECT("SamplesX!H"&EI16),IF(ISNUMBER(EJ16),INDIRECT("SamplesY!H"&EJ16),"")) | M16: None | P16: Shimadzu TOC-L | Q16: None | T16: Shimadzu TOC-L | U16: None | Y16: None | AB16: IC Anionen | AC16: None | AG16: None | AK16: None | AO16: None | AR16: IC Anionen | AS16: None | AV16: IC Kationen | AW16: None | BA16: None | BD16: IC Kationen | BE16: None | BH16: IC Kationen | BI16: None | BL16: IC Kationen | BM16: None | BQ16: None | BU16: None | BY16: None | CC16: None | CF16: Titration | CG16: None | CK16: None | CO16: None | CR16: WTW Multimeter 3430 with FDO 925 | CS16: None | CV16: HACH 2100AN IS Turbidimeter | CW16: None | CZ16: OxiTop | DA16: None | DD16: SOP 45-16 | DE16: None | DH16: SOP 45-16 | DI16: None | DL16: Flow Cytometry (SG) | DM16: None | DP16: Flow Cytometry (SG/PI) | DQ16: None | DT16: Luminometer | DU16: None | DX16: Nanodrop2000 | DY16: None | EB16: Retsch AS200 control | EC16: None | EF16: =CONCATENATE(A16,B16) | EG16: =CONCATENATE(SamplesX!A16,SamplesX!B16) | EH16: =CONCATENATE(SamplesY!A16,SamplesY!B16) | EI16: =MATCH(EF16,EG1:EG1008,0) | EJ16: =MATCH(EF16,EH1:EH1008,0)
C17: =IF(ISNUMBER(EI17),INDIRECT("SamplesX!C"&EI17),IF(ISNUMBER(EJ17),INDIRECT("SamplesY!C"&EJ17),"")) | D17: =IF(ISNUMBER(EI17),INDIRECT("SamplesX!D"&EI17),IF(ISNUMBER(EJ17),INDIRECT("SamplesY!D"&EJ17),"")) | E17: =IF(ISNUMBER(EI17),INDIRECT("SamplesX!E"&EI17),IF(ISNUMBER(EJ17),INDIRECT("SamplesY!E"&EJ17),"")) | F17: =IF(ISNUMBER(EI17),INDIRECT("SamplesX!F"&EI17),IF(ISNUMBER(EJ17),INDIRECT("SamplesY!F"&EJ17),"")) | G17: =IF(ISNUMBER(EI17),INDIRECT("SamplesX!G"&EI17),IF(ISNUMBER(EJ17),INDIRECT("SamplesY!G"&EJ17),"")) | H17: =IF(ISNUMBER(EI17),INDIRECT("SamplesX!H"&EI17),IF(ISNUMBER(EJ17),INDIRECT("SamplesY!H"&EJ17),"")) | M17: None | P17: Shimadzu TOC-L | Q17: None | T17: Shimadzu TOC-L | U17: None | Y17: None | AB17: IC Anionen | AC17: None | AG17: None | AK17: None | AO17: None | AR17: IC Anionen | AS17: None | AV17: IC Kationen | AW17: None | BA17: None | BD17: IC Kationen | BE17: None | BH17: IC Kationen | BI17: None | BL17: IC Kationen | BM17: None | BQ17: None | BU17: None | BY17: None | CC17: None | CF17: Titration | CG17: None | CK17: None | CO17: None | CR17: WTW Multimeter 3430 with FDO 925 | CS17: None | CV17: HACH 2100AN IS Turbidimeter | CW17: None | CZ17: OxiTop | DA17: None | DD17: SOP 45-16 | DE17: None | DH17: SOP 45-16 | DI17: None | DL17: Flow Cytometry (SG) | DM17: None | DP17: Flow Cytometry (SG/PI) | DQ17: None | DT17: Luminometer | DU17: None | DX17: Nanodrop2000 | DY17: None | EB17: Retsch AS200 control | EC17: None | EF17: =CONCATENATE(A17,B17) | EG17: =CONCATENATE(SamplesX!A17,SamplesX!B17) | EH17: =CONCATENATE(SamplesY!A17,SamplesY!B17) | EI17: =MATCH(EF17,EG1:EG1008,0) | EJ17: =MATCH(EF17,EH1:EH1008,0)
C18: =IF(ISNUMBER(EI18),INDIRECT("SamplesX!C"&EI18),IF(ISNUMBER(EJ18),INDIRECT("SamplesY!C"&EJ18),"")) | D18: =IF(ISNUMBER(EI18),INDIRECT("SamplesX!D"&EI18),IF(ISNUMBER(EJ18),INDIRECT("SamplesY!D"&EJ18),"")) | E18: =IF(ISNUMBER(EI18),INDIRECT("SamplesX!E"&EI18),IF(ISNUMBER(EJ18),INDIRECT("SamplesY!E"&EJ18),"")) | F18: =IF(ISNUMBER(EI18),INDIRECT("SamplesX!F"&EI18),IF(ISNUMBER(EJ18),INDIRECT("SamplesY!F"&EJ18),"")) | G18: =IF(ISNUMBER(EI18),INDIRECT("SamplesX!G"&EI18),IF(ISNUMBER(EJ18),INDIRECT("SamplesY!G"&EJ18),"")) | H18: =IF(ISNUMBER(EI18),INDIRECT("SamplesX!H"&EI18),IF(ISNUMBER(EJ18),INDIRECT("SamplesY!H"&EJ18),"")) | M18: None | P18: Shimadzu TOC-L | Q18: None | T18: Shimadzu TOC-L | U18: None | Y18: None | AB18: IC Anionen | AC18: None | AG18: None | AK18: None | AO18: None | AR18: IC Anionen | AS18: None | AV18: IC Kationen | AW18: None | BA18: None | BD18: IC Kationen | BE18: None | BH18: IC Kationen | BI18: None | BL18: IC Kationen | BM18: None | BQ18: None | BU18: None | BY18: None | CC18: None | CF18: Titration | CG18: None | CK18: None | CO18: None | CR18: WTW Multimeter 3430 with FDO 925 | CS18: None | CV18: HACH 2100AN IS Turbidimeter | CW18: None | CZ18: OxiTop | DA18: None | DD18: SOP 45-16 | DE18: None | DH18: SOP 45-16 | DI18: None | DL18: Flow Cytometry (SG) | DM18: None | DP18: Flow Cytometry (SG/PI) | DQ18: None | DT18: Luminometer | DU18: None | DX18: Nanodrop2000 | DY18: None | EB18: Retsch AS200 control | EC18: None | EF18: =CONCATENATE(A18,B18) | EG18: =CONCATENATE(SamplesX!A18,SamplesX!B18) | EH18: =CONCATENATE(SamplesY!A18,SamplesY!B18) | EI18: =MATCH(EF18,EG1:EG1008,0) | EJ18: =MATCH(EF18,EH1:EH1008,0)
C19: =IF(ISNUMBER(EI19),INDIRECT("SamplesX!C"&EI19),IF(ISNUMBER(EJ19),INDIRECT("SamplesY!C"&EJ19),"")) | D19: =IF(ISNUMBER(EI19),INDIRECT("SamplesX!D"&EI19),IF(ISNUMBER(EJ19),INDIRECT("SamplesY!D"&EJ19),"")) | E19: =IF(ISNUMBER(EI19),INDIRECT("SamplesX!E"&EI19),IF(ISNUMBER(EJ19),INDIRECT("SamplesY!E"&EJ19),"")) | F19: =IF(ISNUMBER(EI19),INDIRECT("SamplesX!F"&EI19),IF(ISNUMBER(EJ19),INDIRECT("SamplesY!F"&EJ19),"")) | G19: =IF(ISNUMBER(EI19),INDIRECT("SamplesX!G"&EI19),IF(ISNUMBER(EJ19),INDIRECT("SamplesY!G"&EJ19),"")) | H19: =IF(ISNUMBER(EI19),INDIRECT("SamplesX!H"&EI19),IF(ISNUMBER(EJ19),INDIRECT("SamplesY!H"&EJ19),"")) | M19: None | P19: Shimadzu TOC-L | Q19: None | T19: Shimadzu TOC-L | U19: None | Y19: None | AB19: IC Anionen | AC19: None | AG19: None | AK19: None | AO19: None | AR19: IC Anionen | AS19: None | AV19: IC Kationen | AW19: None | BA19: None | BD19: IC Kationen | BE19: None | BH19: IC Kationen | BI19: None | BL19: IC Kationen | BM19: None | BQ19: None | BU19: None | BY19: None | CC19: None | CF19: Titration | CG19: None | CK19: None | CO19: None | CR19: WTW Multimeter 3430 with FDO 925 | CS19: None | CV19: HACH 2100AN IS Turbidimeter | CW19: None | CZ19: OxiTop | DA19: None | DD19: SOP 45-16 | DE19: None | DH19: SOP 45-16 | DI19: None | DL19: Flow Cytometry (SG) | DM19: None | DP19: Flow Cytometry (SG/PI) | DQ19: None | DT19: Luminometer | DU19: None | DX19: Nanodrop2000 | DY19: None | EB19: Retsch AS200 control | EC19: None | EF19: =CONCATENATE(A19,B19) | EG19: =CONCATENATE(SamplesX!A19,SamplesX!B19) | EH19: =CONCATENATE(SamplesY!A19,SamplesY!B19) | EI19: =MATCH(EF19,EG1:EG1008,0) | EJ19: =MATCH(EF19,EH1:EH1008,0)
C20: =IF(ISNUMBER(EI20),INDIRECT("SamplesX!C"&EI20),IF(ISNUMBER(EJ20),INDIRECT("SamplesY!C"&EJ20),"")) | D20: =IF(ISNUMBER(EI20),INDIRECT("SamplesX!D"&EI20),IF(ISNUMBER(EJ20),INDIRECT("SamplesY!D"&EJ20),"")) | E20: =IF(ISNUMBER(EI20),INDIRECT("SamplesX!E"&EI20),IF(ISNUMBER(EJ20),INDIRECT("SamplesY!E"&EJ20),"")) | F20: =IF(ISNUMBER(EI20),INDIRECT("SamplesX!F"&EI20),IF(ISNUMBER(EJ20),INDIRECT("SamplesY!F"&EJ20),"")) | G20: =IF(ISNUMBER(EI20),INDIRECT("SamplesX!G"&EI20),IF(ISNUMBER(EJ20),INDIRECT("SamplesY!G"&EJ20),"")) | H20: =IF(ISNUMBER(EI20),INDIRECT("SamplesX!H"&EI20),IF(ISNUMBER(EJ20),INDIRECT("SamplesY!H"&EJ20),"")) | M20: None | P20: Shimadzu TOC-L | Q20: None | T20: Shimadzu TOC-L | U20: None | Y20: None | AB20: IC Anionen | AC20: None | AG20: None | AK20: None | AO20: None | AR20: IC Anionen | AS20: None | AV20: IC Kationen | AW20: None | BA20: None | BD20: IC Kationen | BE20: None | BH20: IC Kationen | BI20: None | BL20: IC Kationen | BM20: None | BQ20: None | BU20: None | BY20: None | CC20: None | CF20: Titration | CG20: None | CK20: None | CO20: None | CR20: WTW Multimeter 3430 with FDO 925 | CS20: None | CV20: HACH 2100AN IS Turbidimeter | CW20: None | CZ20: OxiTop | DA20: None | DD20: SOP 45-16 | DE20: None | DH20: SOP 45-16 | DI20: None | DL20: Flow Cytometry (SG) | DM20: None | DP20: Flow Cytometry (SG/PI) | DQ20: None | DT20: Luminometer | DU20: None | DX20: Nanodrop2000 | DY20: None | EB20: Retsch AS200 control | EC20: None | EF20: =CONCATENATE(A20,B20) | EG20: =CONCATENATE(SamplesX!A20,SamplesX!B20) | EH20: =CONCATENATE(SamplesY!A20,SamplesY!B20) | EI20: =MATCH(EF20,EG1:EG1008,0) | EJ20: =MATCH(EF20,EH1:EH1008,0)
C21: =IF(ISNUMBER(EI21),INDIRECT("SamplesX!C"&EI21),IF(ISNUMBER(EJ21),INDIRECT("SamplesY!C"&EJ21),"")) | D21: =IF(ISNUMBER(EI21),INDIRECT("SamplesX!D"&EI21),IF(ISNUMBER(EJ21),INDIRECT("SamplesY!D"&EJ21),"")) | E21: =IF(ISNUMBER(EI21),INDIRECT("SamplesX!E"&EI21),IF(ISNUMBER(EJ21),INDIRECT("SamplesY!E"&EJ21),"")) | F21: =IF(ISNUMBER(EI21),INDIRECT("SamplesX!F"&EI21),IF(ISNUMBER(EJ21),INDIRECT("SamplesY!F"&EJ21),"")) | G21: =IF(ISNUMBER(EI21),INDIRECT("SamplesX!G"&EI21),IF(ISNUMBER(EJ21),INDIRECT("SamplesY!G"&EJ21),"")) | H21: =IF(ISNUMBER(EI21),INDIRECT("SamplesX!H"&EI21),IF(ISNUMBER(EJ21),INDIRECT("SamplesY!H"&EJ21),"")) | M21: None | P21: Shimadzu TOC-L | Q21: None | T21: Shimadzu TOC-L | U21: None | Y21: None | AB21: IC Anionen | AC21: None | AG21: None | AK21: None | AO21: None | AR21: IC Anionen | AS21: None | AV21: IC Kationen | AW21: None | BA21: None | BD21: IC Kationen | BE21: None | BH21: IC Kationen | BI21: None | BL21: IC Kationen | BM21: None | BQ21: None | BU21: None | BY21: None | CC21: None | CF21: Titration | CG21: None | CK21: None | CO21: None | CR21: WTW Multimeter 3430 with FDO 925 | CS21: None | CV21: HACH 2100AN IS Turbidimeter | CW21: None | CZ21: OxiTop | DA21: None | DD21: SOP 45-16 | DE21: None | DH21: SOP 45-16 | DI21: None | DL21: Flow Cytometry (SG) | DM21: None | DP21: Flow Cytometry (SG/PI) | DQ21: None | DT21: Luminometer | DU21: None | DX21: Nanodrop2000 | DY21: None | EB21: Retsch AS200 control | EC21: None | EF21: =CONCATENATE(A21,B21) | EG21: =CONCATENATE(SamplesX!A21,SamplesX!B21) | EH21: =CONCATENATE(SamplesY!A21,SamplesY!B21) | EI21: =MATCH(EF21,EG1:EG1008,0) | EJ21: =MATCH(EF21,EH1:EH1008,0)
C22: =IF(ISNUMBER(EI22),INDIRECT("SamplesX!C"&EI22),IF(ISNUMBER(EJ22),INDIRECT("SamplesY!C"&EJ22),"")) | D22: =IF(ISNUMBER(EI22),INDIRECT("SamplesX!D"&EI22),IF(ISNUMBER(EJ22),INDIRECT("SamplesY!D"&EJ22),"")) | E22: =IF(ISNUMBER(EI22),INDIRECT("SamplesX!E"&EI22),IF(ISNUMBER(EJ22),INDIRECT("SamplesY!E"&EJ22),"")) | F22: =IF(ISNUMBER(EI22),INDIRECT("SamplesX!F"&EI22),IF(ISNUMBER(EJ22),INDIRECT("SamplesY!F"&EJ22),"")) | G22: =IF(ISNUMBER(EI22),INDIRECT("SamplesX!G"&EI22),IF(ISNUMBER(EJ22),INDIRECT("SamplesY!G"&EJ22),"")) | H22: =IF(ISNUMBER(EI22),INDIRECT("SamplesX!H"&EI22),IF(ISNUMBER(EJ22),INDIRECT("SamplesY!H"&EJ22),"")) | M22: None | P22: Shimadzu TOC-L | Q22: None | T22: Shimadzu TOC-L | U22: None | Y22: None | AB22: IC Anionen | AC22: None | AG22: None | AK22: None | AO22: None | AR22: IC Anionen | AS22: None | AV22: IC Kationen | AW22: None | BA22: None | BD22: IC Kationen | BE22: None | BH22: IC Kationen | BI22: None | BL22: IC Kationen | BM22: None | BQ22: None | BU22: None | BY22: None | CC22: None | CF22: Titration | CG22: None | CK22: None | CO22: None | CR22: WTW Multimeter 3430 with FDO 925 | CS22: None | CV22: HACH 2100AN IS Turbidimeter | CW22: None | CZ22: OxiTop | DA22: None | DD22: SOP 45-16 | DE22: None | DH22: SOP 45-16 | DI22: None | DL22: Flow Cytometry (SG) | DM22: None | DP22: Flow Cytometry (SG/PI) | DQ22: None | DT22: Luminometer | DU22: None | DX22: Nanodrop2000 | DY22: None | EB22: Retsch AS200 control | EC22: None | EF22: =CONCATENATE(A22,B22) | EG22: =CONCATENATE(SamplesX!A22,SamplesX!B22) | EH22: =CONCATENATE(SamplesY!A22,SamplesY!B22) | EI22: =MATCH(EF22,EG1:EG1008,0) | EJ22: =MATCH(EF22,EH1:EH1008,0)
C23: =IF(ISNUMBER(EI23),INDIRECT("SamplesX!C"&EI23),IF(ISNUMBER(EJ23),INDIRECT("SamplesY!C"&EJ23),"")) | D23: =IF(ISNUMBER(EI23),INDIRECT("SamplesX!D"&EI23),IF(ISNUMBER(EJ23),INDIRECT("SamplesY!D"&EJ23),"")) | E23: =IF(ISNUMBER(EI23),INDIRECT("SamplesX!E"&EI23),IF(ISNUMBER(EJ23),INDIRECT("SamplesY!E"&EJ23),"")) | F23: =IF(ISNUMBER(EI23),INDIRECT("SamplesX!F"&EI23),IF(ISNUMBER(EJ23),INDIRECT("SamplesY!F"&EJ23),"")) | G23: =IF(ISNUMBER(EI23),INDIRECT("SamplesX!G"&EI23),IF(ISNUMBER(EJ23),INDIRECT("SamplesY!G"&EJ23),"")) | H23: =IF(ISNUMBER(EI23),INDIRECT("SamplesX!H"&EI23),IF(ISNUMBER(EJ23),INDIRECT("SamplesY!H"&EJ23),"")) | M23: None | P23: Shimadzu TOC-L | Q23: None | T23: Shimadzu TOC-L | U23: None | Y23: None | AB23: IC Anionen | AC23: None | AG23: None | AK23: None | AO23: None | AR23: IC Anionen | AS23: None | AV23: IC Kationen | AW23: None | BA23: None | BD23: IC Kationen | BE23: None | BH23: IC Kationen | BI23: None | BL23: IC Kationen | BM23: None | BQ23: None | BU23: None | BY23: None | CC23: None | CF23: Titration | CG23: None | CK23: None | CO23: None | CR23: WTW Multimeter 3430 with FDO 925 | CS23: None | CV23: HACH 2100AN IS Turbidimeter | CW23: None | CZ23: OxiTop | DA23: None | DD23: SOP 45-16 | DE23: None | DH23: SOP 45-16 | DI23: None | DL23: Flow Cytometry (SG) | DM23: None | DP23: Flow Cytometry (SG/PI) | DQ23: None | DT23: Luminometer | DU23: None | DX23: Nanodrop2000 | DY23: None | EB23: Retsch AS200 control | EC23: None | EF23: =CONCATENATE(A23,B23) | EG23: =CONCATENATE(SamplesX!A23,SamplesX!B23) | EH23: =CONCATENATE(SamplesY!A23,SamplesY!B23) | EI23: =MATCH(EF23,EG1:EG1008,0) | EJ23: =MATCH(EF23,EH1:EH1008,0)
C24: =IF(ISNUMBER(EI24),INDIRECT("SamplesX!C"&EI24),IF(ISNUMBER(EJ24),INDIRECT("SamplesY!C"&EJ24),"")) | D24: =IF(ISNUMBER(EI24),INDIRECT("SamplesX!D"&EI24),IF(ISNUMBER(EJ24),INDIRECT("SamplesY!D"&EJ24),"")) | E24: =IF(ISNUMBER(EI24),INDIRECT("SamplesX!E"&EI24),IF(ISNUMBER(EJ24),INDIRECT("SamplesY!E"&EJ24),"")) | F24: =IF(ISNUMBER(EI24),INDIRECT("SamplesX!F"&EI24),IF(ISNUMBER(EJ24),INDIRECT("SamplesY!F"&EJ24),"")) | G24: =IF(ISNUMBER(EI24),INDIRECT("SamplesX!G"&EI24),IF(ISNUMBER(EJ24),INDIRECT("SamplesY!G"&EJ24),"")) | H24: =IF(ISNUMBER(EI24),INDIRECT("SamplesX!H"&EI24),IF(ISNUMBER(EJ24),INDIRECT("SamplesY!H"&EJ24),"")) | M24: None | P24: Shimadzu TOC-L | Q24: None | T24: Shimadzu TOC-L | U24: None | Y24: None | AB24: IC Anionen | AC24: None | AG24: None | AK24: None | AO24: None | AR24: IC Anionen | AS24: None | AV24: IC Kationen | AW24: None | BA24: None | BD24: IC Kationen | BE24: None | BH24: IC Kationen | BI24: None | BL24: IC Kationen | BM24: None | BQ24: None | BU24: None | BY24: None | CC24: None | CF24: Titration | CG24: None | CK24: None | CO24: None | CR24: WTW Multimeter 3430 with FDO 925 | CS24: None | CV24: HACH 2100AN IS Turbidimeter | CW24: None | CZ24: OxiTop | DA24: None | DD24: SOP 45-16 | DE24: None | DH24: SOP 45-16 | DI24: None | DL24: Flow Cytometry (SG) | DM24: None | DP24: Flow Cytometry (SG/PI) | DQ24: None | DT24: Luminometer | DU24: None | DX24: Nanodrop2000 | DY24: None | EB24: Retsch AS200 control | EC24: None | EF24: =CONCATENATE(A24,B24) | EG24: =CONCATENATE(SamplesX!A24,SamplesX!B24) | EH24: =CONCATENATE(SamplesY!A24,SamplesY!B24) | EI24: =MATCH(EF24,EG1:EG1008,0) | EJ24: =MATCH(EF24,EH1:EH1008,0)
C25: =IF(ISNUMBER(EI25),INDIRECT("SamplesX!C"&EI25),IF(ISNUMBER(EJ25),INDIRECT("SamplesY!C"&EJ25),"")) | D25: =IF(ISNUMBER(EI25),INDIRECT("SamplesX!D"&EI25),IF(ISNUMBER(EJ25),INDIRECT("SamplesY!D"&EJ25),"")) | E25: =IF(ISNUMBER(EI25),INDIRECT("SamplesX!E"&EI25),IF(ISNUMBER(EJ25),INDIRECT("SamplesY!E"&EJ25),"")) | F25: =IF(ISNUMBER(EI25),INDIRECT("SamplesX!F"&EI25),IF(ISNUMBER(EJ25),INDIRECT("SamplesY!F"&EJ25),"")) | G25: =IF(ISNUMBER(EI25),INDIRECT("SamplesX!G"&EI25),IF(ISNUMBER(EJ25),INDIRECT("SamplesY!G"&EJ25),"")) | H25: =IF(ISNUMBER(EI25),INDIRECT("SamplesX!H"&EI25),IF(ISNUMBER(EJ25),INDIRECT("SamplesY!H"&EJ25),"")) | M25: None | P25: Shimadzu TOC-L | Q25: None | T25: Shimadzu TOC-L | U25: None | Y25: None | AB25: IC Anionen | AC25: None | AG25: None | AK25: None | AO25: None | AR25: IC Anionen | AS25: None | AV25: IC Kationen | AW25: None | BA25: None | BD25: IC Kationen | BE25: None | BH25: IC Kationen | BI25: None | BL25: IC Kationen | BM25: None | BQ25: None | BU25: None | BY25: None | CC25: None | CF25: Titration | CG25: None | CK25: None | CO25: None | CR25: WTW Multimeter 3430 with FDO 925 | CS25: None | CV25: HACH 2100AN IS Turbidimeter | CW25: None | CZ25: OxiTop | DA25: None | DD25: SOP 45-16 | DE25: None | DH25: SOP 45-16 | DI25: None | DL25: Flow Cytometry (SG) | DM25: None | DP25: Flow Cytometry (SG/PI) | DQ25: None | DT25: Luminometer | DU25: None | DX25: Nanodrop2000 | DY25: None | EB25: Retsch AS200 control | EC25: None | EF25: =CONCATENATE(A25,B25) | EG25: =CONCATENATE(SamplesX!A25,SamplesX!B25) | EH25: =CONCATENATE(SamplesY!A25,SamplesY!B25) | EI25: =MATCH(EF25,EG1:EG1008,0) | EJ25: =MATCH(EF25,EH1:EH1008,0)
C26: =IF(ISNUMBER(EI26),INDIRECT("SamplesX!C"&EI26),IF(ISNUMBER(EJ26),INDIRECT("SamplesY!C"&EJ26),"")) | D26: =IF(ISNUMBER(EI26),INDIRECT("SamplesX!D"&EI26),IF(ISNUMBER(EJ26),INDIRECT("SamplesY!D"&EJ26),"")) | E26: =IF(ISNUMBER(EI26),INDIRECT("SamplesX!E"&EI26),IF(ISNUMBER(EJ26),INDIRECT("SamplesY!E"&EJ26),"")) | F26: =IF(ISNUMBER(EI26),INDIRECT("SamplesX!F"&EI26),IF(ISNUMBER(EJ26),INDIRECT("SamplesY!F"&EJ26),"")) | G26: =IF(ISNUMBER(EI26),INDIRECT("SamplesX!G"&EI26),IF(ISNUMBER(EJ26),INDIRECT("SamplesY!G"&EJ26),"")) | H26: =IF(ISNUMBER(EI26),INDIRECT("SamplesX!H"&EI26),IF(ISNUMBER(EJ26),INDIRECT("SamplesY!H"&EJ26),"")) | M26: None | P26: Shimadzu TOC-L | Q26: None | T26: Shimadzu TOC-L | U26: None | Y26: None | AB26: IC Anionen | AC26: None | AG26: None | AK26: None | AO26: None | AR26: IC Anionen | AS26: None | AV26: IC Kationen | AW26: None | BA26: None | BD26: IC Kationen | BE26: None | BH26: IC Kationen | BI26: None | BL26: IC Kationen | BM26: None | BQ26: None | BU26: None | BY26: None | CC26: None | CF26: Titration | CG26: None | CK26: None | CO26: None | CR26: WTW Multimeter 3430 with FDO 925 | CS26: None | CV26: HACH 2100AN IS Turbidimeter | CW26: None | CZ26: OxiTop | DA26: None | DD26: SOP 45-16 | DE26: None | DH26: SOP 45-16 | DI26: None | DL26: Flow Cytometry (SG) | DM26: None | DP26: Flow Cytometry (SG/PI) | DQ26: None | DT26: Luminometer | DU26: None | DX26: Nanodrop2000 | DY26: None | EB26: Retsch AS200 control | EC26: None | EF26: =CONCATENATE(A26,B26) | EG26: =CONCATENATE(SamplesX!A26,SamplesX!B26) | EH26: =CONCATENATE(SamplesY!A26,SamplesY!B26) | EI26: =MATCH(EF26,EG1:EG1008,0) | EJ26: =MATCH(EF26,EH1:EH1008,0)
C27: =IF(ISNUMBER(EI27),INDIRECT("SamplesX!C"&EI27),IF(ISNUMBER(EJ27),INDIRECT("SamplesY!C"&EJ27),"")) | D27: =IF(ISNUMBER(EI27),INDIRECT("SamplesX!D"&EI27),IF(ISNUMBER(EJ27),INDIRECT("SamplesY!D"&EJ27),"")) | E27: =IF(ISNUMBER(EI27),INDIRECT("SamplesX!E"&EI27),IF(ISNUMBER(EJ27),INDIRECT("SamplesY!E"&EJ27),"")) | F27: =IF(ISNUMBER(EI27),INDIRECT("SamplesX!F"&EI27),IF(ISNUMBER(EJ27),INDIRECT("SamplesY!F"&EJ27),"")) | G27: =IF(ISNUMBER(EI27),INDIRECT("SamplesX!G"&EI27),IF(ISNUMBER(EJ27),INDIRECT("SamplesY!G"&EJ27),"")) | H27: =IF(ISNUMBER(EI27),INDIRECT("SamplesX!H"&EI27),IF(ISNUMBER(EJ27),INDIRECT("SamplesY!H"&EJ27),"")) | M27: None | P27: Shimadzu TOC-L | Q27: None | T27: Shimadzu TOC-L | U27: None | Y27: None | AB27: IC Anionen | AC27: None | AG27: None | AK27: None | AO27: None | AR27: IC Anionen | AS27: None | AV27: IC Kationen | AW27: None | BA27: None | BD27: IC Kationen | BE27: None | BH27: IC Kationen | BI27: None | BL27: IC Kationen | BM27: None | BQ27: None | BU27: None | BY27: None | CC27: None | CF27: Titration | CG27: None | CK27: None | CO27: None | CR27: WTW Multimeter 3430 with FDO 925 | CS27: None | CV27: HACH 2100AN IS Turbidimeter | CW27: None | CZ27: OxiTop | DA27: None | DD27: SOP 45-16 | DE27: None | DH27: SOP 45-16 | DI27: None | DL27: Flow Cytometry (SG) | DM27: None | DP27: Flow Cytometry (SG/PI) | DQ27: None | DT27: Luminometer | DU27: None | DX27: Nanodrop2000 | DY27: None | EB27: Retsch AS200 control | EC27: None | EF27: =CONCATENATE(A27,B27) | EG27: =CONCATENATE(SamplesX!A27,SamplesX!B27) | EH27: =CONCATENATE(SamplesY!A27,SamplesY!B27) | EI27: =MATCH(EF27,EG1:EG1008,0) | EJ27: =MATCH(EF27,EH1:EH1008,0)
C28: =IF(ISNUMBER(EI28),INDIRECT("SamplesX!C"&EI28),IF(ISNUMBER(EJ28),INDIRECT("SamplesY!C"&EJ28),"")) | D28: =IF(ISNUMBER(EI28),INDIRECT("SamplesX!D"&EI28),IF(ISNUMBER(EJ28),INDIRECT("SamplesY!D"&EJ28),"")) | E28: =IF(ISNUMBER(EI28),INDIRECT("SamplesX!E"&EI28),IF(ISNUMBER(EJ28),INDIRECT("SamplesY!E"&EJ28),"")) | F28: =IF(ISNUMBER(EI28),INDIRECT("SamplesX!F"&EI28),IF(ISNUMBER(EJ28),INDIRECT("SamplesY!F"&EJ28),"")) | G28: =IF(ISNUMBER(EI28),INDIRECT("SamplesX!G"&EI28),IF(ISNUMBER(EJ28),INDIRECT("SamplesY!G"&EJ28),"")) | H28: =IF(ISNUMBER(EI28),INDIRECT("SamplesX!H"&EI28),IF(ISNUMBER(EJ28),INDIRECT("SamplesY!H"&EJ28),"")) | M28: None | P28: Shimadzu TOC-L | Q28: None | T28: Shimadzu TOC-L | U28: None | Y28: None | AB28: IC Anionen | AC28: None | AG28: None | AK28: None | AO28: None | AR28: IC Anionen | AS28: None | AV28: IC Kationen | AW28: None | BA28: None | BD28: IC Kationen | BE28: None | BH28: IC Kationen | BI28: None | BL28: IC Kationen | BM28: None | BQ28: None | BU28: None | BY28: None | CC28: None | CF28: Titration | CG28: None | CK28: None | CO28: None | CR28: WTW Multimeter 3430 with FDO 925 | CS28: None | CV28: HACH 2100AN IS Turbidimeter | CW28: None | CZ28: OxiTop | DA28: None | DD28: SOP 45-16 | DE28: None | DH28: SOP 45-16 | DI28: None | DL28: Flow Cytometry (SG) | DM28: None | DP28: Flow Cytometry (SG/PI) | DQ28: None | DT28: Luminometer | DU28: None | DX28: Nanodrop2000 | DY28: None | EB28: Retsch AS200 control | EC28: None | EF28: =CONCATENATE(A28,B28) | EG28: =CONCATENATE(SamplesX!A28,SamplesX!B28) | EH28: =CONCATENATE(SamplesY!A28,SamplesY!B28) | EI28: =MATCH(EF28,EG1:EG1008,0) | EJ28: =MATCH(EF28,EH1:EH1008,0)
C29: =IF(ISNUMBER(EI29),INDIRECT("SamplesX!C"&EI29),IF(ISNUMBER(EJ29),INDIRECT("SamplesY!C"&EJ29),"")) | D29: =IF(ISNUMBER(EI29),INDIRECT("SamplesX!D"&EI29),IF(ISNUMBER(EJ29),INDIRECT("SamplesY!D"&EJ29),"")) | E29: =IF(ISNUMBER(EI29),INDIRECT("SamplesX!E"&EI29),IF(ISNUMBER(EJ29),INDIRECT("SamplesY!E"&EJ29),"")) | F29: =IF(ISNUMBER(EI29),INDIRECT("SamplesX!F"&EI29),IF(ISNUMBER(EJ29),INDIRECT("SamplesY!F"&EJ29),"")) | G29: =IF(ISNUMBER(EI29),INDIRECT("SamplesX!G"&EI29),IF(ISNUMBER(EJ29),INDIRECT("SamplesY!G"&EJ29),"")) | H29: =IF(ISNUMBER(EI29),INDIRECT("SamplesX!H"&EI29),IF(ISNUMBER(EJ29),INDIRECT("SamplesY!H"&EJ29),"")) | M29: None | P29: Shimadzu TOC-L | Q29: None | T29: Shimadzu TOC-L | U29: None | Y29: None | AB29: IC Anionen | AC29: None | AG29: None | AK29: None | AO29: None | AR29: IC Anionen | AS29: None | AV29: IC Kationen | AW29: None | BA29: None | BD29: IC Kationen | BE29: None | BH29: IC Kationen | BI29: None | BL29: IC Kationen | BM29: None | BQ29: None | BU29: None | BY29: None | CC29: None | CF29: Titration | CG29: None | CK29: None | CO29: None | CR29: WTW Multimeter 3430 with FDO 925 | CS29: None | CV29: HACH 2100AN IS Turbidimeter | CW29: None | CZ29: OxiTop | DA29: None | DD29: SOP 45-16 | DE29: None | DH29: SOP 45-16 | DI29: None | DL29: Flow Cytometry (SG) | DM29: None | DP29: Flow Cytometry (SG/PI) | DQ29: None | DT29: Luminometer | DU29: None | DX29: Nanodrop2000 | DY29: None | EB29: Retsch AS200 control | EC29: None | EF29: =CONCATENATE(A29,B29) | EG29: =CONCATENATE(SamplesX!A29,SamplesX!B29) | EH29: =CONCATENATE(SamplesY!A29,SamplesY!B29) | EI29: =MATCH(EF29,EG1:EG1008,0) | EJ29: =MATCH(EF29,EH1:EH1008,0)
C30: =IF(ISNUMBER(EI30),INDIRECT("SamplesX!C"&EI30),IF(ISNUMBER(EJ30),INDIRECT("SamplesY!C"&EJ30),"")) | D30: =IF(ISNUMBER(EI30),INDIRECT("SamplesX!D"&EI30),IF(ISNUMBER(EJ30),INDIRECT("SamplesY!D"&EJ30),"")) | E30: =IF(ISNUMBER(EI30),INDIRECT("SamplesX!E"&EI30),IF(ISNUMBER(EJ30),INDIRECT("SamplesY!E"&EJ30),"")) | F30: =IF(ISNUMBER(EI30),INDIRECT("SamplesX!F"&EI30),IF(ISNUMBER(EJ30),INDIRECT("SamplesY!F"&EJ30),"")) | G30: =IF(ISNUMBER(EI30),INDIRECT("SamplesX!G"&EI30),IF(ISNUMBER(EJ30),INDIRECT("SamplesY!G"&EJ30),"")) | H30: =IF(ISNUMBER(EI30),INDIRECT("SamplesX!H"&EI30),IF(ISNUMBER(EJ30),INDIRECT("SamplesY!H"&EJ30),"")) | M30: None | P30: Shimadzu TOC-L | Q30: None | T30: Shimadzu TOC-L | U30: None | Y30: None | AB30: IC Anionen | AC30: None | AG30: None | AK30: None | AO30: None | AR30: IC Anionen | AS30: None | AV30: IC Kationen | AW30: None | BA30: None | BD30: IC Kationen | BE30: None | BH30: IC Kationen | BI30: None | BL30: IC Kationen | BM30: None | BQ30: None | BU30: None | BY30: None | CC30: None | CF30: Titration | CG30: None | CK30: None | CO30: None | CR30: WTW Multimeter 3430 with FDO 925 | CS30: None | CV30: HACH 2100AN IS Turbidimeter | CW30: None | CZ30: OxiTop | DA30: None | DD30: SOP 45-16 | DE30: None | DH30: SOP 45-16 | DI30: None | DL30: Flow Cytometry (SG) | DM30: None | DP30: Flow Cytometry (SG/PI) | DQ30: None | DT30: Luminometer | DU30: None | DX30: Nanodrop2000 | DY30: None | EB30: Retsch AS200 control | EC30: None | EF30: =CONCATENATE(A30,B30) | EG30: =CONCATENATE(SamplesX!A30,SamplesX!B30) | EH30: =CONCATENATE(SamplesY!A30,SamplesY!B30) | EI30: =MATCH(EF30,EG1:EG1008,0) | EJ30: =MATCH(EF30,EH1:EH1008,0)
C31: =IF(ISNUMBER(EI31),INDIRECT("SamplesX!C"&EI31),IF(ISNUMBER(EJ31),INDIRECT("SamplesY!C"&EJ31),"")) | D31: =IF(ISNUMBER(EI31),INDIRECT("SamplesX!D"&EI31),IF(ISNUMBER(EJ31),INDIRECT("SamplesY!D"&EJ31),"")) | E31: =IF(ISNUMBER(EI31),INDIRECT("SamplesX!E"&EI31),IF(ISNUMBER(EJ31),INDIRECT("SamplesY!E"&EJ31),"")) | F31: =IF(ISNUMBER(EI31),INDIRECT("SamplesX!F"&EI31),IF(ISNUMBER(EJ31),INDIRECT("SamplesY!F"&EJ31),"")) | G31: =IF(ISNUMBER(EI31),INDIRECT("SamplesX!G"&EI31),IF(ISNUMBER(EJ31),INDIRECT("SamplesY!G"&EJ31),"")) | H31: =IF(ISNUMBER(EI31),INDIRECT("SamplesX!H"&EI31),IF(ISNUMBER(EJ31),INDIRECT("SamplesY!H"&EJ31),"")) | M31: None | P31: Shimadzu TOC-L | Q31: None | T31: Shimadzu TOC-L | U31: None | Y31: None | AB31: IC Anionen | AC31: None | AG31: None | AK31: None | AO31: None | AR31: IC Anionen | AS31: None | AV31: IC Kationen | AW31: None | BA31: None | BD31: IC Kationen | BE31: None | BH31: IC Kationen | BI31: None | BL31: IC Kationen | BM31: None | BQ31: None | BU31: None | BY31: None | CC31: None | CF31: Titration | CG31: None | CK31: None | CO31: None | CR31: WTW Multimeter 3430 with FDO 925 | CS31: None | CV31: HACH 2100AN IS Turbidimeter | CW31: None | CZ31: OxiTop | DA31: None | DD31: SOP 45-16 | DE31: None | DH31: SOP 45-16 | DI31: None | DL31: Flow Cytometry (SG) | DM31: None | DP31: Flow Cytometry (SG/PI) | DQ31: None | DT31: Luminometer | DU31: None | DX31: Nanodrop2000 | DY31: None | EB31: Retsch AS200 control | EC31: None | EF31: =CONCATENATE(A31,B31) | EG31: =CONCATENATE(SamplesX!A31,SamplesX!B31) | EH31: =CONCATENATE(SamplesY!A31,SamplesY!B31) | EI31: =MATCH(EF31,EG1:EG1008,0) | EJ31: =MATCH(EF31,EH1:EH1008,0)
C32: =IF(ISNUMBER(EI32),INDIRECT("SamplesX!C"&EI32),IF(ISNUMBER(EJ32),INDIRECT("SamplesY!C"&EJ32),"")) | D32: =IF(ISNUMBER(EI32),INDIRECT("SamplesX!D"&EI32),IF(ISNUMBER(EJ32),INDIRECT("SamplesY!D"&EJ32),"")) | E32: =IF(ISNUMBER(EI32),INDIRECT("SamplesX!E"&EI32),IF(ISNUMBER(EJ32),INDIRECT("SamplesY!E"&EJ32),"")) | F32: =IF(ISNUMBER(EI32),INDIRECT("SamplesX!F"&EI32),IF(ISNUMBER(EJ32),INDIRECT("SamplesY!F"&EJ32),"")) | G32: =IF(ISNUMBER(EI32),INDIRECT("SamplesX!G"&EI32),IF(ISNUMBER(EJ32),INDIRECT("SamplesY!G"&EJ32),"")) | H32: =IF(ISNUMBER(EI32),INDIRECT("SamplesX!H"&EI32),IF(ISNUMBER(EJ32),INDIRECT("SamplesY!H"&EJ32),"")) | M32: None | P32: Shimadzu TOC-L | Q32: None | T32: Shimadzu TOC-L | U32: None | Y32: None | AB32: IC Anionen | AC32: None | AG32: None | AK32: None | AO32: None | AR32: IC Anionen | AS32: None | AV32: IC Kationen | AW32: None | BA32: None | BD32: IC Kationen | BE32: None | BH32: IC Kationen | BI32: None | BL32: IC Kationen | BM32: None | BQ32: None | BU32: None | BY32: None | CC32: None | CF32: Titration | CG32: None | CK32: None | CO32: None | CR32: WTW Multimeter 3430 with FDO 925 | CS32: None | CV32: HACH 2100AN IS Turbidimeter | CW32: None | CZ32: OxiTop | DA32: None | DD32: SOP 45-16 | DE32: None | DH32: SOP 45-16 | DI32: None | DL32: Flow Cytometry (SG) | DM32: None | DP32: Flow Cytometry (SG/PI) | DQ32: None | DT32: Luminometer | DU32: None | DX32: Nanodrop2000 | DY32: None | EB32: Retsch AS200 control | EC32: None | EF32: =CONCATENATE(A32,B32) | EG32: =CONCATENATE(SamplesX!A32,SamplesX!B32) | EH32: =CONCATENATE(SamplesY!A32,SamplesY!B32) | EI32: =MATCH(EF32,EG1:EG1008,0) | EJ32: =MATCH(EF32,EH1:EH1008,0)
C33: =IF(ISNUMBER(EI33),INDIRECT("SamplesX!C"&EI33),IF(ISNUMBER(EJ33),INDIRECT("SamplesY!C"&EJ33),"")) | D33: =IF(ISNUMBER(EI33),INDIRECT("SamplesX!D"&EI33),IF(ISNUMBER(EJ33),INDIRECT("SamplesY!D"&EJ33),"")) | E33: =IF(ISNUMBER(EI33),INDIRECT("SamplesX!E"&EI33),IF(ISNUMBER(EJ33),INDIRECT("SamplesY!E"&EJ33),"")) | F33: =IF(ISNUMBER(EI33),INDIRECT("SamplesX!F"&EI33),IF(ISNUMBER(EJ33),INDIRECT("SamplesY!F"&EJ33),"")) | G33: =IF(ISNUMBER(EI33),INDIRECT("SamplesX!G"&EI33),IF(ISNUMBER(EJ33),INDIRECT("SamplesY!G"&EJ33),"")) | H33: =IF(ISNUMBER(EI33),INDIRECT("SamplesX!H"&EI33),IF(ISNUMBER(EJ33),INDIRECT("SamplesY!H"&EJ33),"")) | M33: None | P33: Shimadzu TOC-L | Q33: None | T33: Shimadzu TOC-L | U33: None | Y33: None | AB33: IC Anionen | AC33: None | AG33: None | AK33: None | AO33: None | AR33: IC Anionen | AS33: None | AV33: IC Kationen | AW33: None | BA33: None | BD33: IC Kationen | BE33: None | BH33: IC Kationen | BI33: None | BL33: IC Kationen | BM33: None | BQ33: None | BU33: None | BY33: None | CC33: None | CF33: Titration | CG33: None | CK33: None | CO33: None | CR33: WTW Multimeter 3430 with FDO 925 | CS33: None | CV33: HACH 2100AN IS Turbidimeter | CW33: None | CZ33: OxiTop | DA33: None | DD33: SOP 45-16 | DE33: None | DH33: SOP 45-16 | DI33: None | DL33: Flow Cytometry (SG) | DM33: None | DP33: Flow Cytometry (SG/PI) | DQ33: None | DT33: Luminometer | DU33: None | DX33: Nanodrop2000 | DY33: None | EB33: Retsch AS200 control | EC33: None | EF33: =CONCATENATE(A33,B33) | EG33: =CONCATENATE(SamplesX!A33,SamplesX!B33) | EH33: =CONCATENATE(SamplesY!A33,SamplesY!B33) | EI33: =MATCH(EF33,EG1:EG1008,0) | EJ33: =MATCH(EF33,EH1:EH1008,0)
C34: =IF(ISNUMBER(EI34),INDIRECT("SamplesX!C"&EI34),IF(ISNUMBER(EJ34),INDIRECT("SamplesY!C"&EJ34),"")) | D34: =IF(ISNUMBER(EI34),INDIRECT("SamplesX!D"&EI34),IF(ISNUMBER(EJ34),INDIRECT("SamplesY!D"&EJ34),"")) | E34: =IF(ISNUMBER(EI34),INDIRECT("SamplesX!E"&EI34),IF(ISNUMBER(EJ34),INDIRECT("SamplesY!E"&EJ34),"")) | F34: =IF(ISNUMBER(EI34),INDIRECT("SamplesX!F"&EI34),IF(ISNUMBER(EJ34),INDIRECT("SamplesY!F"&EJ34),"")) | G34: =IF(ISNUMBER(EI34),INDIRECT("SamplesX!G"&EI34),IF(ISNUMBER(EJ34),INDIRECT("SamplesY!G"&EJ34),"")) | H34: =IF(ISNUMBER(EI34),INDIRECT("SamplesX!H"&EI34),IF(ISNUMBER(EJ34),INDIRECT("SamplesY!H"&EJ34),"")) | M34: None | P34: Shimadzu TOC-L | Q34: None | T34: Shimadzu TOC-L | U34: None | Y34: None | AB34: IC Anionen | AC34: None | AG34: None | AK34: None | AO34: None | AR34: IC Anionen | AS34: None | AV34: IC Kationen | AW34: None | BA34: None | BD34: IC Kationen | BE34: None | BH34: IC Kationen | BI34: None | BL34: IC Kationen | BM34: None | BQ34: None | BU34: None | BY34: None | CC34: None | CF34: Titration | CG34: None | CK34: None | CO34: None | CR34: WTW Multimeter 3430 with FDO 925 | CS34: None | CV34: HACH 2100AN IS Turbidimeter | CW34: None | CZ34: OxiTop | DA34: None | DD34: SOP 45-16 | DE34: None | DH34: SOP 45-16 | DI34: None | DL34: Flow Cytometry (SG) | DM34: None | DP34: Flow Cytometry (SG/PI) | DQ34: None | DT34: Luminometer | DU34: None | DX34: Nanodrop2000 | DY34: None | EB34: Retsch AS200 control | EC34: None | EF34: =CONCATENATE(A34,B34) | EG34: =CONCATENATE(SamplesX!A34,SamplesX!B34) | EH34: =CONCATENATE(SamplesY!A34,SamplesY!B34) | EI34: =MATCH(EF34,EG1:EG1008,0) | EJ34: =MATCH(EF34,EH1:EH1008,0)
C35: =IF(ISNUMBER(EI35),INDIRECT("SamplesX!C"&EI35),IF(ISNUMBER(EJ35),INDIRECT("SamplesY!C"&EJ35),"")) | D35: =IF(ISNUMBER(EI35),INDIRECT("SamplesX!D"&EI35),IF(ISNUMBER(EJ35),INDIRECT("SamplesY!D"&EJ35),"")) | E35: =IF(ISNUMBER(EI35),INDIRECT("SamplesX!E"&EI35),IF(ISNUMBER(EJ35),INDIRECT("SamplesY!E"&EJ35),"")) | F35: =IF(ISNUMBER(EI35),INDIRECT("SamplesX!F"&EI35),IF(ISNUMBER(EJ35),INDIRECT("SamplesY!F"&EJ35),"")) | G35: =IF(ISNUMBER(EI35),INDIRECT("SamplesX!G"&EI35),IF(ISNUMBER(EJ35),INDIRECT("SamplesY!G"&EJ35),"")) | H35: =IF(ISNUMBER(EI35),INDIRECT("SamplesX!H"&EI35),IF(ISNUMBER(EJ35),INDIRECT("SamplesY!H"&EJ35),"")) | M35: None | P35: Shimadzu TOC-L | Q35: None | T35: Shimadzu TOC-L | U35: None | Y35: None | AB35: IC Anionen | AC35: None | AG35: None | AK35: None | AO35: None | AR35: IC Anionen | AS35: None | AV35: IC Kationen | AW35: None | BA35: None | BD35: IC Kationen | BE35: None | BH35: IC Kationen | BI35: None | BL35: IC Kationen | BM35: None | BQ35: None | BU35: None | BY35: None | CC35: None | CF35: Titration | CG35: None | CK35: None | CO35: None | CR35: WTW Multimeter 3430 with FDO 925 | CS35: None | CV35: HACH 2100AN IS Turbidimeter | CW35: None | CZ35: OxiTop | DA35: None | DD35: SOP 45-16 | DE35: None | DH35: SOP 45-16 | DI35: None | DL35: Flow Cytometry (SG) | DM35: None | DP35: Flow Cytometry (SG/PI) | DQ35: None | DT35: Luminometer | DU35: None | DX35: Nanodrop2000 | DY35: None | EB35: Retsch AS200 control | EC35: None | EF35: =CONCATENATE(A35,B35) | EG35: =CONCATENATE(SamplesX!A35,SamplesX!B35) | EH35: =CONCATENATE(SamplesY!A35,SamplesY!B35) | EI35: =MATCH(EF35,EG1:EG1008,0) | EJ35: =MATCH(EF35,EH1:EH1008,0)
C36: =IF(ISNUMBER(EI36),INDIRECT("SamplesX!C"&EI36),IF(ISNUMBER(EJ36),INDIRECT("SamplesY!C"&EJ36),"")) | D36: =IF(ISNUMBER(EI36),INDIRECT("SamplesX!D"&EI36),IF(ISNUMBER(EJ36),INDIRECT("SamplesY!D"&EJ36),"")) | E36: =IF(ISNUMBER(EI36),INDIRECT("SamplesX!E"&EI36),IF(ISNUMBER(EJ36),INDIRECT("SamplesY!E"&EJ36),"")) | F36: =IF(ISNUMBER(EI36),INDIRECT("SamplesX!F"&EI36),IF(ISNUMBER(EJ36),INDIRECT("SamplesY!F"&EJ36),"")) | G36: =IF(ISNUMBER(EI36),INDIRECT("SamplesX!G"&EI36),IF(ISNUMBER(EJ36),INDIRECT("SamplesY!G"&EJ36),"")) | H36: =IF(ISNUMBER(EI36),INDIRECT("SamplesX!H"&EI36),IF(ISNUMBER(EJ36),INDIRECT("SamplesY!H"&EJ36),"")) | M36: None | P36: Shimadzu TOC-L | Q36: None | T36: Shimadzu TOC-L | U36: None | Y36: None | AB36: IC Anionen | AC36: None | AG36: None | AK36: None | AO36: None | AR36: IC Anionen | AS36: None | AV36: IC Kationen | AW36: None | BA36: None | BD36: IC Kationen | BE36: None | BH36: IC Kationen | BI36: None | BL36: IC Kationen | BM36: None | BQ36: None | BU36: None | BY36: None | CC36: None | CF36: Titration | CG36: None | CK36: None | CO36: None | CR36: WTW Multimeter 3430 with FDO 925 | CS36: None | CV36: HACH 2100AN IS Turbidimeter | CW36: None | CZ36: OxiTop | DA36: None | DD36: SOP 45-16 | DE36: None | DH36: SOP 45-16 | DI36: None | DL36: Flow Cytometry (SG) | DM36: None | DP36: Flow Cytometry (SG/PI) | DQ36: None | DT36: Luminometer | DU36: None | DX36: Nanodrop2000 | DY36: None | EB36: Retsch AS200 control | EC36: None | EF36: =CONCATENATE(A36,B36) | EG36: =CONCATENATE(SamplesX!A36,SamplesX!B36) | EH36: =CONCATENATE(SamplesY!A36,SamplesY!B36) | EI36: =MATCH(EF36,EG1:EG1008,0) | EJ36: =MATCH(EF36,EH1:EH1008,0)
C37: =IF(ISNUMBER(EI37),INDIRECT("SamplesX!C"&EI37),IF(ISNUMBER(EJ37),INDIRECT("SamplesY!C"&EJ37),"")) | D37: =IF(ISNUMBER(EI37),INDIRECT("SamplesX!D"&EI37),IF(ISNUMBER(EJ37),INDIRECT("SamplesY!D"&EJ37),"")) | E37: =IF(ISNUMBER(EI37),INDIRECT("SamplesX!E"&EI37),IF(ISNUMBER(EJ37),INDIRECT("SamplesY!E"&EJ37),"")) | F37: =IF(ISNUMBER(EI37),INDIRECT("SamplesX!F"&EI37),IF(ISNUMBER(EJ37),INDIRECT("SamplesY!F"&EJ37),"")) | G37: =IF(ISNUMBER(EI37),INDIRECT("SamplesX!G"&EI37),IF(ISNUMBER(EJ37),INDIRECT("SamplesY!G"&EJ37),"")) | H37: =IF(ISNUMBER(EI37),INDIRECT("SamplesX!H"&EI37),IF(ISNUMBER(EJ37),INDIRECT("SamplesY!H"&EJ37),"")) | M37: None | P37: Shimadzu TOC-L | Q37: None | T37: Shimadzu TOC-L | U37: None | Y37: None | AB37: IC Anionen | AC37: None | AG37: None | AK37: None | AO37: None | AR37: IC Anionen | AS37: None | AV37: IC Kationen | AW37: None | BA37: None | BD37: IC Kationen | BE37: None | BH37: IC Kationen | BI37: None | BL37: IC Kationen | BM37: None | BQ37: None | BU37: None | BY37: None | CC37: None | CF37: Titration | CG37: None | CK37: None | CO37: None | CR37: WTW Multimeter 3430 with FDO 925 | CS37: None | CV37: HACH 2100AN IS Turbidimeter | CW37: None | CZ37: OxiTop | DA37: None | DD37: SOP 45-16 | DE37: None | DH37: SOP 45-16 | DI37: None | DL37: Flow Cytometry (SG) | DM37: None | DP37: Flow Cytometry (SG/PI) | DQ37: None | DT37: Luminometer | DU37: None | DX37: Nanodrop2000 | DY37: None | EB37: Retsch AS200 control | EC37: None | EF37: =CONCATENATE(A37,B37) | EG37: =CONCATENATE(SamplesX!A37,SamplesX!B37) | EH37: =CONCATENATE(SamplesY!A37,SamplesY!B37) | EI37: =MATCH(EF37,EG1:EG1008,0) | EJ37: =MATCH(EF37,EH1:EH1008,0)
C38: =IF(ISNUMBER(EI38),INDIRECT("SamplesX!C"&EI38),IF(ISNUMBER(EJ38),INDIRECT("SamplesY!C"&EJ38),"")) | D38: =IF(ISNUMBER(EI38),INDIRECT("SamplesX!D"&EI38),IF(ISNUMBER(EJ38),INDIRECT("SamplesY!D"&EJ38),"")) | E38: =IF(ISNUMBER(EI38),INDIRECT("SamplesX!E"&EI38),IF(ISNUMBER(EJ38),INDIRECT("SamplesY!E"&EJ38),"")) | F38: =IF(ISNUMBER(EI38),INDIRECT("SamplesX!F"&EI38),IF(ISNUMBER(EJ38),INDIRECT("SamplesY!F"&EJ38),"")) | G38: =IF(ISNUMBER(EI38),INDIRECT("SamplesX!G"&EI38),IF(ISNUMBER(EJ38),INDIRECT("SamplesY!G"&EJ38),"")) | H38: =IF(ISNUMBER(EI38),INDIRECT("SamplesX!H"&EI38),IF(ISNUMBER(EJ38),INDIRECT("SamplesY!H"&EJ38),"")) | M38: None | P38: Shimadzu TOC-L | Q38: None | T38: Shimadzu TOC-L | U38: None | Y38: None | AB38: IC Anionen | AC38: None | AG38: None | AK38: None | AO38: None | AR38: IC Anionen | AS38: None | AV38: IC Kationen | AW38: None | BA38: None | BD38: IC Kationen | BE38: None | BH38: IC Kationen | BI38: None | BL38: IC Kationen | BM38: None | BQ38: None | BU38: None | BY38: None | CC38: None | CF38: Titration | CG38: None | CK38: None | CO38: None | CR38: WTW Multimeter 3430 with FDO 925 | CS38: None | CV38: HACH 2100AN IS Turbidimeter | CW38: None | CZ38: OxiTop | DA38: None | DD38: SOP 45-16 | DE38: None | DH38: SOP 45-16 | DI38: None | DL38: Flow Cytometry (SG) | DM38: None | DP38: Flow Cytometry (SG/PI) | DQ38: None | DT38: Luminometer | DU38: None | DX38: Nanodrop2000 | DY38: None | EB38: Retsch AS200 control | EC38: None | EF38: =CONCATENATE(A38,B38) | EG38: =CONCATENATE(SamplesX!A38,SamplesX!B38) | EH38: =CONCATENATE(SamplesY!A38,SamplesY!B38) | EI38: =MATCH(EF38,EG1:EG1008,0) | EJ38: =MATCH(EF38,EH1:EH1008,0)
C39: =IF(ISNUMBER(EI39),INDIRECT("SamplesX!C"&EI39),IF(ISNUMBER(EJ39),INDIRECT("SamplesY!C"&EJ39),"")) | D39: =IF(ISNUMBER(EI39),INDIRECT("SamplesX!D"&EI39),IF(ISNUMBER(EJ39),INDIRECT("SamplesY!D"&EJ39),"")) | E39: =IF(ISNUMBER(EI39),INDIRECT("SamplesX!E"&EI39),IF(ISNUMBER(EJ39),INDIRECT("SamplesY!E"&EJ39),"")) | F39: =IF(ISNUMBER(EI39),INDIRECT("SamplesX!F"&EI39),IF(ISNUMBER(EJ39),INDIRECT("SamplesY!F"&EJ39),"")) | G39: =IF(ISNUMBER(EI39),INDIRECT("SamplesX!G"&EI39),IF(ISNUMBER(EJ39),INDIRECT("SamplesY!G"&EJ39),"")) | H39: =IF(ISNUMBER(EI39),INDIRECT("SamplesX!H"&EI39),IF(ISNUMBER(EJ39),INDIRECT("SamplesY!H"&EJ39),"")) | M39: None | P39: Shimadzu TOC-L | Q39: None | T39: Shimadzu TOC-L | U39: None | Y39: None | AB39: IC Anionen | AC39: None | AG39: None | AK39: None | AO39: None | AR39: IC Anionen | AS39: None | AV39: IC Kationen | AW39: None | BA39: None | BD39: IC Kationen | BE39: None | BH39: IC Kationen | BI39: None | BL39: IC Kationen | BM39: None | BQ39: None | BU39: None | BY39: None | CC39: None | CF39: Titration | CG39: None | CK39: None | CO39: None | CR39: WTW Multimeter 3430 with FDO 925 | CS39: None | CV39: HACH 2100AN IS Turbidimeter | CW39: None | CZ39: OxiTop | DA39: None | DD39: SOP 45-16 | DE39: None | DH39: SOP 45-16 | DI39: None | DL39: Flow Cytometry (SG) | DM39: None | DP39: Flow Cytometry (SG/PI) | DQ39: None | DT39: Luminometer | DU39: None | DX39: Nanodrop2000 | DY39: None | EB39: Retsch AS200 control | EC39: None | EF39: =CONCATENATE(A39,B39) | EG39: =CONCATENATE(SamplesX!A39,SamplesX!B39) | EH39: =CONCATENATE(SamplesY!A39,SamplesY!B39) | EI39: =MATCH(EF39,EG1:EG1008,0) | EJ39: =MATCH(EF39,EH1:EH1008,0)
C40: =IF(ISNUMBER(EI40),INDIRECT("SamplesX!C"&EI40),IF(ISNUMBER(EJ40),INDIRECT("SamplesY!C"&EJ40),"")) | D40: =IF(ISNUMBER(EI40),INDIRECT("SamplesX!D"&EI40),IF(ISNUMBER(EJ40),INDIRECT("SamplesY!D"&EJ40),"")) | E40: =IF(ISNUMBER(EI40),INDIRECT("SamplesX!E"&EI40),IF(ISNUMBER(EJ40),INDIRECT("SamplesY!E"&EJ40),"")) | F40: =IF(ISNUMBER(EI40),INDIRECT("SamplesX!F"&EI40),IF(ISNUMBER(EJ40),INDIRECT("SamplesY!F"&EJ40),"")) | G40: =IF(ISNUMBER(EI40),INDIRECT("SamplesX!G"&EI40),IF(ISNUMBER(EJ40),INDIRECT("SamplesY!G"&EJ40),"")) | H40: =IF(ISNUMBER(EI40),INDIRECT("SamplesX!H"&EI40),IF(ISNUMBER(EJ40),INDIRECT("SamplesY!H"&EJ40),"")) | M40: None | P40: Shimadzu TOC-L | Q40: None | T40: Shimadzu TOC-L | U40: None | Y40: None | AB40: IC Anionen | AC40: None | AG40: None | AK40: None | AO40: None | AR40: IC Anionen | AS40: None | AV40: IC Kationen | AW40: None | BA40: None | BD40: IC Kationen | BE40: None | BH40: IC Kationen | BI40: None | BL40: IC Kationen | BM40: None | BQ40: None | BU40: None | BY40: None | CC40: None | CF40: Titration | CG40: None | CK40: None | CO40: None | CR40: WTW Multimeter 3430 with FDO 925 | CS40: None | CV40: HACH 2100AN IS Turbidimeter | CW40: None | CZ40: OxiTop | DA40: None | DD40: SOP 45-16 | DE40: None | DH40: SOP 45-16 | DI40: None | DL40: Flow Cytometry (SG) | DM40: None | DP40: Flow Cytometry (SG/PI) | DQ40: None | DT40: Luminometer | DU40: None | DX40: Nanodrop2000 | DY40: None | EB40: Retsch AS200 control | EC40: None | EF40: =CONCATENATE(A40,B40) | EG40: =CONCATENATE(SamplesX!A40,SamplesX!B40) | EH40: =CONCATENATE(SamplesY!A40,SamplesY!B40) | EI40: =MATCH(EF40,EG1:EG1008,0) | EJ40: =MATCH(EF40,EH1:EH1008,0)
C41: =IF(ISNUMBER(EI41),INDIRECT("SamplesX!C"&EI41),IF(ISNUMBER(EJ41),INDIRECT("SamplesY!C"&EJ41),"")) | D41: =IF(ISNUMBER(EI41),INDIRECT("SamplesX!D"&EI41),IF(ISNUMBER(EJ41),INDIRECT("SamplesY!D"&EJ41),"")) | E41: =IF(ISNUMBER(EI41),INDIRECT("SamplesX!E"&EI41),IF(ISNUMBER(EJ41),INDIRECT("SamplesY!E"&EJ41),"")) | F41: =IF(ISNUMBER(EI41),INDIRECT("SamplesX!F"&EI41),IF(ISNUMBER(EJ41),INDIRECT("SamplesY!F"&EJ41),"")) | G41: =IF(ISNUMBER(EI41),INDIRECT("SamplesX!G"&EI41),IF(ISNUMBER(EJ41),INDIRECT("SamplesY!G"&EJ41),"")) | H41: =IF(ISNUMBER(EI41),INDIRECT("SamplesX!H"&EI41),IF(ISNUMBER(EJ41),INDIRECT("SamplesY!H"&EJ41),"")) | M41: None | P41: Shimadzu TOC-L | Q41: None | T41: Shimadzu TOC-L | U41: None | Y41: None | AB41: IC Anionen | AC41: None | AG41: None | AK41: None | AO41: None | AR41: IC Anionen | AS41: None | AV41: IC Kationen | AW41: None | BA41: None | BD41: IC Kationen | BE41: None | BH41: IC Kationen | BI41: None | BL41: IC Kationen | BM41: None | BQ41: None | BU41: None | BY41: None | CC41: None | CF41: Titration | CG41: None | CK41: None | CO41: None | CR41: WTW Multimeter 3430 with FDO 925 | CS41: None | CV41: HACH 2100AN IS Turbidimeter | CW41: None | CZ41: OxiTop | DA41: None | DD41: SOP 45-16 | DE41: None | DH41: SOP 45-16 | DI41: None | DL41: Flow Cytometry (SG) | DM41: None | DP41: Flow Cytometry (SG/PI) | DQ41: None | DT41: Luminometer | DU41: None | DX41: Nanodrop2000 | DY41: None | EB41: Retsch AS200 control | EC41: None | EF41: =CONCATENATE(A41,B41) | EG41: =CONCATENATE(SamplesX!A41,SamplesX!B41) | EH41: =CONCATENATE(SamplesY!A41,SamplesY!B41) | EI41: =MATCH(EF41,EG1:EG1008,0) | EJ41: =MATCH(EF41,EH1:EH1008,0)
C42: =IF(ISNUMBER(EI42),INDIRECT("SamplesX!C"&EI42),IF(ISNUMBER(EJ42),INDIRECT("SamplesY!C"&EJ42),"")) | D42: =IF(ISNUMBER(EI42),INDIRECT("SamplesX!D"&EI42),IF(ISNUMBER(EJ42),INDIRECT("SamplesY!D"&EJ42),"")) | E42: =IF(ISNUMBER(EI42),INDIRECT("SamplesX!E"&EI42),IF(ISNUMBER(EJ42),INDIRECT("SamplesY!E"&EJ42),"")) | F42: =IF(ISNUMBER(EI42),INDIRECT("SamplesX!F"&EI42),IF(ISNUMBER(EJ42),INDIRECT("SamplesY!F"&EJ42),"")) | G42: =IF(ISNUMBER(EI42),INDIRECT("SamplesX!G"&EI42),IF(ISNUMBER(EJ42),INDIRECT("SamplesY!G"&EJ42),"")) | H42: =IF(ISNUMBER(EI42),INDIRECT("SamplesX!H"&EI42),IF(ISNUMBER(EJ42),INDIRECT("SamplesY!H"&EJ42),"")) | M42: None | P42: Shimadzu TOC-L | Q42: None | T42: Shimadzu TOC-L | U42: None | Y42: None | AB42: IC Anionen | AC42: None | AG42: None | AK42: None | AO42: None | AR42: IC Anionen | AS42: None | AV42: IC Kationen | AW42: None | BA42: None | BD42: IC Kationen | BE42: None | BH42: IC Kationen | BI42: None | BL42: IC Kationen | BM42: None | BQ42: None | BU42: None | BY42: None | CC42: None | CF42: Titration | CG42: None | CK42: None | CO42: None | CR42: WTW Multimeter 3430 with FDO 925 | CS42: None | CV42: HACH 2100AN IS Turbidimeter | CW42: None | CZ42: OxiTop | DA42: None | DD42: SOP 45-16 | DE42: None | DH42: SOP 45-16 | DI42: None | DL42: Flow Cytometry (SG) | DM42: None | DP42: Flow Cytometry (SG/PI) | DQ42: None | DT42: Luminometer | DU42: None | DX42: Nanodrop2000 | DY42: None | EB42: Retsch AS200 control | EC42: None | EF42: =CONCATENATE(A42,B42) | EG42: =CONCATENATE(SamplesX!A42,SamplesX!B42) | EH42: =CONCATENATE(SamplesY!A42,SamplesY!B42) | EI42: =MATCH(EF42,EG1:EG1008,0) | EJ42: =MATCH(EF42,EH1:EH1008,0)
C43: =IF(ISNUMBER(EI43),INDIRECT("SamplesX!C"&EI43),IF(ISNUMBER(EJ43),INDIRECT("SamplesY!C"&EJ43),"")) | D43: =IF(ISNUMBER(EI43),INDIRECT("SamplesX!D"&EI43),IF(ISNUMBER(EJ43),INDIRECT("SamplesY!D"&EJ43),"")) | E43: =IF(ISNUMBER(EI43),INDIRECT("SamplesX!E"&EI43),IF(ISNUMBER(EJ43),INDIRECT("SamplesY!E"&EJ43),"")) | F43: =IF(ISNUMBER(EI43),INDIRECT("SamplesX!F"&EI43),IF(ISNUMBER(EJ43),INDIRECT("SamplesY!F"&EJ43),"")) | G43: =IF(ISNUMBER(EI43),INDIRECT("SamplesX!G"&EI43),IF(ISNUMBER(EJ43),INDIRECT("SamplesY!G"&EJ43),"")) | H43: =IF(ISNUMBER(EI43),INDIRECT("SamplesX!H"&EI43),IF(ISNUMBER(EJ43),INDIRECT("SamplesY!H"&EJ43),"")) | M43: None | P43: Shimadzu TOC-L | Q43: None | T43: Shimadzu TOC-L | U43: None | Y43: None | AB43: IC Anionen | AC43: None | AG43: None | AK43: None | AO43: None | AR43: IC Anionen | AS43: None | AV43: IC Kationen | AW43: None | BA43: None | BD43: IC Kationen | BE43: None | BH43: IC Kationen | BI43: None | BL43: IC Kationen | BM43: None | BQ43: None | BU43: None | BY43: None | CC43: None | CF43: Titration | CG43: None | CK43: None | CO43: None | CR43: WTW Multimeter 3430 with FDO 925 | CS43: None | CV43: HACH 2100AN IS Turbidimeter | CW43: None | CZ43: OxiTop | DA43: None | DD43: SOP 45-16 | DE43: None | DH43: SOP 45-16 | DI43: None | DL43: Flow Cytometry (SG) | DM43: None | DP43: Flow Cytometry (SG/PI) | DQ43: None | DT43: Luminometer | DU43: None | DX43: Nanodrop2000 | DY43: None | EB43: Retsch AS200 control | EC43: None | EF43: =CONCATENATE(A43,B43) | EG43: =CONCATENATE(SamplesX!A43,SamplesX!B43) | EH43: =CONCATENATE(SamplesY!A43,SamplesY!B43) | EI43: =MATCH(EF43,EG1:EG1008,0) | EJ43: =MATCH(EF43,EH1:EH1008,0)
C44: =IF(ISNUMBER(EI44),INDIRECT("SamplesX!C"&EI44),IF(ISNUMBER(EJ44),INDIRECT("SamplesY!C"&EJ44),"")) | D44: =IF(ISNUMBER(EI44),INDIRECT("SamplesX!D"&EI44),IF(ISNUMBER(EJ44),INDIRECT("SamplesY!D"&EJ44),"")) | E44: =IF(ISNUMBER(EI44),INDIRECT("SamplesX!E"&EI44),IF(ISNUMBER(EJ44),INDIRECT("SamplesY!E"&EJ44),"")) | F44: =IF(ISNUMBER(EI44),INDIRECT("SamplesX!F"&EI44),IF(ISNUMBER(EJ44),INDIRECT("SamplesY!F"&EJ44),"")) | G44: =IF(ISNUMBER(EI44),INDIRECT("SamplesX!G"&EI44),IF(ISNUMBER(EJ44),INDIRECT("SamplesY!G"&EJ44),"")) | H44: =IF(ISNUMBER(EI44),INDIRECT("SamplesX!H"&EI44),IF(ISNUMBER(EJ44),INDIRECT("SamplesY!H"&EJ44),"")) | M44: None | P44: Shimadzu TOC-L | Q44: None | T44: Shimadzu TOC-L | U44: None | Y44: None | AB44: IC Anionen | AC44: None | AG44: None | AK44: None | AO44: None | AR44: IC Anionen | AS44: None | AV44: IC Kationen | AW44: None | BA44: None | BD44: IC Kationen | BE44: None | BH44: IC Kationen | BI44: None | BL44: IC Kationen | BM44: None | BQ44: None | BU44: None | BY44: None | CC44: None | CF44: Titration | CG44: None | CK44: None | CO44: None | CR44: WTW Multimeter 3430 with FDO 925 | CS44: None | CV44: HACH 2100AN IS Turbidimeter | CW44: None | CZ44: OxiTop | DA44: None | DD44: SOP 45-16 | DE44: None | DH44: SOP 45-16 | DI44: None | DL44: Flow Cytometry (SG) | DM44: None | DP44: Flow Cytometry (SG/PI) | DQ44: None | DT44: Luminometer | DU44: None | DX44: Nanodrop2000 | DY44: None | EB44: Retsch AS200 control | EC44: None | EF44: =CONCATENATE(A44,B44) | EG44: =CONCATENATE(SamplesX!A44,SamplesX!B44) | EH44: =CONCATENATE(SamplesY!A44,SamplesY!B44) | EI44: =MATCH(EF44,EG1:EG1008,0) | EJ44: =MATCH(EF44,EH1:EH1008,0)
C45: =IF(ISNUMBER(EI45),INDIRECT("SamplesX!C"&EI45),IF(ISNUMBER(EJ45),INDIRECT("SamplesY!C"&EJ45),"")) | D45: =IF(ISNUMBER(EI45),INDIRECT("SamplesX!D"&EI45),IF(ISNUMBER(EJ45),INDIRECT("SamplesY!D"&EJ45),"")) | E45: =IF(ISNUMBER(EI45),INDIRECT("SamplesX!E"&EI45),IF(ISNUMBER(EJ45),INDIRECT("SamplesY!E"&EJ45),"")) | F45: =IF(ISNUMBER(EI45),INDIRECT("SamplesX!F"&EI45),IF(ISNUMBER(EJ45),INDIRECT("SamplesY!F"&EJ45),"")) | G45: =IF(ISNUMBER(EI45),INDIRECT("SamplesX!G"&EI45),IF(ISNUMBER(EJ45),INDIRECT("SamplesY!G"&EJ45),"")) | H45: =IF(ISNUMBER(EI45),INDIRECT("SamplesX!H"&EI45),IF(ISNUMBER(EJ45),INDIRECT("SamplesY!H"&EJ45),"")) | M45: None | P45: Shimadzu TOC-L | Q45: None | T45: Shimadzu TOC-L | U45: None | Y45: None | AB45: IC Anionen | AC45: None | AG45: None | AK45: None | AO45: None | AR45: IC Anionen | AS45: None | AV45: IC Kationen | AW45: None | BA45: None | BD45: IC Kationen | BE45: None | BH45: IC Kationen | BI45: None | BL45: IC Kationen | BM45: None | BQ45: None | BU45: None | BY45: None | CC45: None | CF45: Titration | CG45: None | CK45: None | CO45: None | CR45: WTW Multimeter 3430 with FDO 925 | CS45: None | CV45: HACH 2100AN IS Turbidimeter | CW45: None | CZ45: OxiTop | DA45: None | DD45: SOP 45-16 | DE45: None | DH45: SOP 45-16 | DI45: None | DL45: Flow Cytometry (SG) | DM45: None | DP45: Flow Cytometry (SG/PI) | DQ45: None | DT45: Luminometer | DU45: None | DX45: Nanodrop2000 | DY45: None | EB45: Retsch AS200 control | EC45: None | EF45: =CONCATENATE(A45,B45) | EG45: =CONCATENATE(SamplesX!A45,SamplesX!B45) | EH45: =CONCATENATE(SamplesY!A45,SamplesY!B45) | EI45: =MATCH(EF45,EG1:EG1008,0) | EJ45: =MATCH(EF45,EH1:EH1008,0)
C46: =IF(ISNUMBER(EI46),INDIRECT("SamplesX!C"&EI46),IF(ISNUMBER(EJ46),INDIRECT("SamplesY!C"&EJ46),"")) | D46: =IF(ISNUMBER(EI46),INDIRECT("SamplesX!D"&EI46),IF(ISNUMBER(EJ46),INDIRECT("SamplesY!D"&EJ46),"")) | E46: =IF(ISNUMBER(EI46),INDIRECT("SamplesX!E"&EI46),IF(ISNUMBER(EJ46),INDIRECT("SamplesY!E"&EJ46),"")) | F46: =IF(ISNUMBER(EI46),INDIRECT("SamplesX!F"&EI46),IF(ISNUMBER(EJ46),INDIRECT("SamplesY!F"&EJ46),"")) | G46: =IF(ISNUMBER(EI46),INDIRECT("SamplesX!G"&EI46),IF(ISNUMBER(EJ46),INDIRECT("SamplesY!G"&EJ46),"")) | H46: =IF(ISNUMBER(EI46),INDIRECT("SamplesX!H"&EI46),IF(ISNUMBER(EJ46),INDIRECT("SamplesY!H"&EJ46),"")) | M46: None | P46: Shimadzu TOC-L | Q46: None | T46: Shimadzu TOC-L | U46: None | Y46: None | AB46: IC Anionen | AC46: None | AG46: None | AK46: None | AO46: None | AR46: IC Anionen | AS46: None | AV46: IC Kationen | AW46: None | BA46: None | BD46: IC Kationen | BE46: None | BH46: IC Kationen | BI46: None | BL46: IC Kationen | BM46: None | BQ46: None | BU46: None | BY46: None | CC46: None | CF46: Titration | CG46: None | CK46: None | CO46: None | CR46: WTW Multimeter 3430 with FDO 925 | CS46: None | CV46: HACH 2100AN IS Turbidimeter | CW46: None | CZ46: OxiTop | DA46: None | DD46: SOP 45-16 | DE46: None | DH46: SOP 45-16 | DI46: None | DL46: Flow Cytometry (SG) | DM46: None | DP46: Flow Cytometry (SG/PI) | DQ46: None | DT46: Luminometer | DU46: None | DX46: Nanodrop2000 | DY46: None | EB46: Retsch AS200 control | EC46: None | EF46: =CONCATENATE(A46,B46) | EG46: =CONCATENATE(SamplesX!A46,SamplesX!B46) | EH46: =CONCATENATE(SamplesY!A46,SamplesY!B46) | EI46: =MATCH(EF46,EG1:EG1008,0) | EJ46: =MATCH(EF46,EH1:EH1008,0)
C47: =IF(ISNUMBER(EI47),INDIRECT("SamplesX!C"&EI47),IF(ISNUMBER(EJ47),INDIRECT("SamplesY!C"&EJ47),"")) | D47: =IF(ISNUMBER(EI47),INDIRECT("SamplesX!D"&EI47),IF(ISNUMBER(EJ47),INDIRECT("SamplesY!D"&EJ47),"")) | E47: =IF(ISNUMBER(EI47),INDIRECT("SamplesX!E"&EI47),IF(ISNUMBER(EJ47),INDIRECT("SamplesY!E"&EJ47),"")) | F47: =IF(ISNUMBER(EI47),INDIRECT("SamplesX!F"&EI47),IF(ISNUMBER(EJ47),INDIRECT("SamplesY!F"&EJ47),"")) | G47: =IF(ISNUMBER(EI47),INDIRECT("SamplesX!G"&EI47),IF(ISNUMBER(EJ47),INDIRECT("SamplesY!G"&EJ47),"")) | H47: =IF(ISNUMBER(EI47),INDIRECT("SamplesX!H"&EI47),IF(ISNUMBER(EJ47),INDIRECT("SamplesY!H"&EJ47),"")) | M47: None | P47: Shimadzu TOC-L | Q47: None | T47: Shimadzu TOC-L | U47: None | Y47: None | AB47: IC Anionen | AC47: None | AG47: None | AK47: None | AO47: None | AR47: IC Anionen | AS47: None | AV47: IC Kationen | AW47: None | BA47: None | BD47: IC Kationen | BE47: None | BH47: IC Kationen | BI47: None | BL47: IC Kationen | BM47: None | BQ47: None | BU47: None | BY47: None | CC47: None | CF47: Titration | CG47: None | CK47: None | CO47: None | CR47: WTW Multimeter 3430 with FDO 925 | CS47: None | CV47: HACH 2100AN IS Turbidimeter | CW47: None | CZ47: OxiTop | DA47: None | DD47: SOP 45-16 | DE47: None | DH47: SOP 45-16 | DI47: None | DL47: Flow Cytometry (SG) | DM47: None | DP47: Flow Cytometry (SG/PI) | DQ47: None | DT47: Luminometer | DU47: None | DX47: Nanodrop2000 | DY47: None | EB47: Retsch AS200 control | EC47: None | EF47: =CONCATENATE(A47,B47) | EG47: =CONCATENATE(SamplesX!A47,SamplesX!B47) | EH47: =CONCATENATE(SamplesY!A47,SamplesY!B47) | EI47: =MATCH(EF47,EG1:EG1008,0) | EJ47: =MATCH(EF47,EH1:EH1008,0)
C48: =IF(ISNUMBER(EI48),INDIRECT("SamplesX!C"&EI48),IF(ISNUMBER(EJ48),INDIRECT("SamplesY!C"&EJ48),"")) | D48: =IF(ISNUMBER(EI48),INDIRECT("SamplesX!D"&EI48),IF(ISNUMBER(EJ48),INDIRECT("SamplesY!D"&EJ48),"")) | E48: =IF(ISNUMBER(EI48),INDIRECT("SamplesX!E"&EI48),IF(ISNUMBER(EJ48),INDIRECT("SamplesY!E"&EJ48),"")) | F48: =IF(ISNUMBER(EI48),INDIRECT("SamplesX!F"&EI48),IF(ISNUMBER(EJ48),INDIRECT("SamplesY!F"&EJ48),"")) | G48: =IF(ISNUMBER(EI48),INDIRECT("SamplesX!G"&EI48),IF(ISNUMBER(EJ48),INDIRECT("SamplesY!G"&EJ48),"")) | H48: =IF(ISNUMBER(EI48),INDIRECT("SamplesX!H"&EI48),IF(ISNUMBER(EJ48),INDIRECT("SamplesY!H"&EJ48),"")) | M48: None | P48: Shimadzu TOC-L | Q48: None | T48: Shimadzu TOC-L | U48: None | Y48: None | AB48: IC Anionen | AC48: None | AG48: None | AK48: None | AO48: None | AR48: IC Anionen | AS48: None | AV48: IC Kationen | AW48: None | BA48: None | BD48: IC Kationen | BE48: None | BH48: IC Kationen | BI48: None | BL48: IC Kationen | BM48: None | BQ48: None | BU48: None | BY48: None | CC48: None | CF48: Titration | CG48: None | CK48: None | CO48: None | CR48: WTW Multimeter 3430 with FDO 925 | CS48: None | CV48: HACH 2100AN IS Turbidimeter | CW48: None | CZ48: OxiTop | DA48: None | DD48: SOP 45-16 | DE48: None | DH48: SOP 45-16 | DI48: None | DL48: Flow Cytometry (SG) | DM48: None | DP48: Flow Cytometry (SG/PI) | DQ48: None | DT48: Luminometer | DU48: None | DX48: Nanodrop2000 | DY48: None | EB48: Retsch AS200 control | EC48: None | EF48: =CONCATENATE(A48,B48) | EG48: =CONCATENATE(SamplesX!A48,SamplesX!B48) | EH48: =CONCATENATE(SamplesY!A48,SamplesY!B48) | EI48: =MATCH(EF48,EG1:EG1008,0) | EJ48: =MATCH(EF48,EH1:EH1008,0)
C49: =IF(ISNUMBER(EI49),INDIRECT("SamplesX!C"&EI49),IF(ISNUMBER(EJ49),INDIRECT("SamplesY!C"&EJ49),"")) | D49: =IF(ISNUMBER(EI49),INDIRECT("SamplesX!D"&EI49),IF(ISNUMBER(EJ49),INDIRECT("SamplesY!D"&EJ49),"")) | E49: =IF(ISNUMBER(EI49),INDIRECT("SamplesX!E"&EI49),IF(ISNUMBER(EJ49),INDIRECT("SamplesY!E"&EJ49),"")) | F49: =IF(ISNUMBER(EI49),INDIRECT("SamplesX!F"&EI49),IF(ISNUMBER(EJ49),INDIRECT("SamplesY!F"&EJ49),"")) | G49: =IF(ISNUMBER(EI49),INDIRECT("SamplesX!G"&EI49),IF(ISNUMBER(EJ49),INDIRECT("SamplesY!G"&EJ49),"")) | H49: =IF(ISNUMBER(EI49),INDIRECT("SamplesX!H"&EI49),IF(ISNUMBER(EJ49),INDIRECT("SamplesY!H"&EJ49),"")) | M49: None | P49: Shimadzu TOC-L | Q49: None | T49: Shimadzu TOC-L | U49: None | Y49: None | AB49: IC Anionen | AC49: None | AG49: None | AK49: None | AO49: None | AR49: IC Anionen | AS49: None | AV49: IC Kationen | AW49: None | BA49: None | BD49: IC Kationen | BE49: None | BH49: IC Kationen | BI49: None | BL49: IC Kationen | BM49: None | BQ49: None | BU49: None | BY49: None | CC49: None | CF49: Titration | CG49: None | CK49: None | CO49: None | CR49: WTW Multimeter 3430 with FDO 925 | CS49: None | CV49: HACH 2100AN IS Turbidimeter | CW49: None | CZ49: OxiTop | DA49: None | DD49: SOP 45-16 | DE49: None | DH49: SOP 45-16 | DI49: None | DL49: Flow Cytometry (SG) | DM49: None | DP49: Flow Cytometry (SG/PI) | DQ49: None | DT49: Luminometer | DU49: None | DX49: Nanodrop2000 | DY49: None | EB49: Retsch AS200 control | EC49: None | EF49: =CONCATENATE(A49,B49) | EG49: =CONCATENATE(SamplesX!A49,SamplesX!B49) | EH49: =CONCATENATE(SamplesY!A49,SamplesY!B49) | EI49: =MATCH(EF49,EG1:EG1008,0) | EJ49: =MATCH(EF49,EH1:EH1008,0)
C50: =IF(ISNUMBER(EI50),INDIRECT("SamplesX!C"&EI50),IF(ISNUMBER(EJ50),INDIRECT("SamplesY!C"&EJ50),"")) | D50: =IF(ISNUMBER(EI50),INDIRECT("SamplesX!D"&EI50),IF(ISNUMBER(EJ50),INDIRECT("SamplesY!D"&EJ50),"")) | E50: =IF(ISNUMBER(EI50),INDIRECT("SamplesX!E"&EI50),IF(ISNUMBER(EJ50),INDIRECT("SamplesY!E"&EJ50),"")) | F50: =IF(ISNUMBER(EI50),INDIRECT("SamplesX!F"&EI50),IF(ISNUMBER(EJ50),INDIRECT("SamplesY!F"&EJ50),"")) | G50: =IF(ISNUMBER(EI50),INDIRECT("SamplesX!G"&EI50),IF(ISNUMBER(EJ50),INDIRECT("SamplesY!G"&EJ50),"")) | H50: =IF(ISNUMBER(EI50),INDIRECT("SamplesX!H"&EI50),IF(ISNUMBER(EJ50),INDIRECT("SamplesY!H"&EJ50),"")) | M50: None | P50: Shimadzu TOC-L | Q50: None | T50: Shimadzu TOC-L | U50: None | Y50: None | AB50: IC Anionen | AC50: None | AG50: None | AK50: None | AO50: None | AR50: IC Anionen | AS50: None | AV50: IC Kationen | AW50: None | BA50: None | BD50: IC Kationen | BE50: None | BH50: IC Kationen | BI50: None | BL50: IC Kationen | BM50: None | BQ50: None | BU50: None | BY50: None | CC50: None | CF50: Titration | CG50: None | CK50: None | CO50: None | CR50: WTW Multimeter 3430 with FDO 925 | CS50: None | CV50: HACH 2100AN IS Turbidimeter | CW50: None | CZ50: OxiTop | DA50: None | DD50: SOP 45-16 | DE50: None | DH50: SOP 45-16 | DI50: None | DL50: Flow Cytometry (SG) | DM50: None | DP50: Flow Cytometry (SG/PI) | DQ50: None | DT50: Luminometer | DU50: None | DX50: Nanodrop2000 | DY50: None | EB50: Retsch AS200 control | EC50: None | EF50: =CONCATENATE(A50,B50) | EG50: =CONCATENATE(SamplesX!A50,SamplesX!B50) | EH50: =CONCATENATE(SamplesY!A50,SamplesY!B50) | EI50: =MATCH(EF50,EG1:EG1008,0) | EJ50: =MATCH(EF50,EH1:EH1008,0)
C51: =IF(ISNUMBER(EI51),INDIRECT("SamplesX!C"&EI51),IF(ISNUMBER(EJ51),INDIRECT("SamplesY!C"&EJ51),"")) | D51: =IF(ISNUMBER(EI51),INDIRECT("SamplesX!D"&EI51),IF(ISNUMBER(EJ51),INDIRECT("SamplesY!D"&EJ51),"")) | E51: =IF(ISNUMBER(EI51),INDIRECT("SamplesX!E"&EI51),IF(ISNUMBER(EJ51),INDIRECT("SamplesY!E"&EJ51),"")) | F51: =IF(ISNUMBER(EI51),INDIRECT("SamplesX!F"&EI51),IF(ISNUMBER(EJ51),INDIRECT("SamplesY!F"&EJ51),"")) | G51: =IF(ISNUMBER(EI51),INDIRECT("SamplesX!G"&EI51),IF(ISNUMBER(EJ51),INDIRECT("SamplesY!G"&EJ51),"")) | H51: =IF(ISNUMBER(EI51),INDIRECT("SamplesX!H"&EI51),IF(ISNUMBER(EJ51),INDIRECT("SamplesY!H"&EJ51),"")) | M51: None | P51: Shimadzu TOC-L | Q51: None | T51: Shimadzu TOC-L | U51: None | Y51: None | AB51: IC Anionen | AC51: None | AG51: None | AK51: None | AO51: None | AR51: IC Anionen | AS51: None | AV51: IC Kationen | AW51: None | BA51: None | BD51: IC Kationen | BE51: None | BH51: IC Kationen | BI51: None | BL51: IC Kationen | BM51: None | BQ51: None | BU51: None | BY51: None | CC51: None | CF51: Titration | CG51: None | CK51: None | CO51: None | CR51: WTW Multimeter 3430 with FDO 925 | CS51: None | CV51: HACH 2100AN IS Turbidimeter | CW51: None | CZ51: OxiTop | DA51: None | DD51: SOP 45-16 | DE51: None | DH51: SOP 45-16 | DI51: None | DL51: Flow Cytometry (SG) | DM51: None | DP51: Flow Cytometry (SG/PI) | DQ51: None | DT51: Luminometer | DU51: None | DX51: Nanodrop2000 | DY51: None | EB51: Retsch AS200 control | EC51: None | EF51: =CONCATENATE(A51,B51) | EG51: =CONCATENATE(SamplesX!A51,SamplesX!B51) | EH51: =CONCATENATE(SamplesY!A51,SamplesY!B51) | EI51: =MATCH(EF51,EG1:EG1008,0) | EJ51: =MATCH(EF51,EH1:EH1008,0)
C52: =IF(ISNUMBER(EI52),INDIRECT("SamplesX!C"&EI52),IF(ISNUMBER(EJ52),INDIRECT("SamplesY!C"&EJ52),"")) | D52: =IF(ISNUMBER(EI52),INDIRECT("SamplesX!D"&EI52),IF(ISNUMBER(EJ52),INDIRECT("SamplesY!D"&EJ52),"")) | E52: =IF(ISNUMBER(EI52),INDIRECT("SamplesX!E"&EI52),IF(ISNUMBER(EJ52),INDIRECT("SamplesY!E"&EJ52),"")) | F52: =IF(ISNUMBER(EI52),INDIRECT("SamplesX!F"&EI52),IF(ISNUMBER(EJ52),INDIRECT("SamplesY!F"&EJ52),"")) | G52: =IF(ISNUMBER(EI52),INDIRECT("SamplesX!G"&EI52),IF(ISNUMBER(EJ52),INDIRECT("SamplesY!G"&EJ52),"")) | H52: =IF(ISNUMBER(EI52),INDIRECT("SamplesX!H"&EI52),IF(ISNUMBER(EJ52),INDIRECT("SamplesY!H"&EJ52),"")) | M52: None | P52: Shimadzu TOC-L | Q52: None | T52: Shimadzu TOC-L | U52: None | Y52: None | AB52: IC Anionen | AC52: None | AG52: None | AK52: None | AO52: None | AR52: IC Anionen | AS52: None | AV52: IC Kationen | AW52: None | BA52: None | BD52: IC Kationen | BE52: None | BH52: IC Kationen | BI52: None | BL52: IC Kationen | BM52: None | BQ52: None | BU52: None | BY52: None | CC52: None | CF52: Titration | CG52: None | CK52: None | CO52: None | CR52: WTW Multimeter 3430 with FDO 925 | CS52: None | CV52: HACH 2100AN IS Turbidimeter | CW52: None | CZ52: OxiTop | DA52: None | DD52: SOP 45-16 | DE52: None | DH52: SOP 45-16 | DI52: None | DL52: Flow Cytometry (SG) | DM52: None | DP52: Flow Cytometry (SG/PI) | DQ52: None | DT52: Luminometer | DU52: None | DX52: Nanodrop2000 | DY52: None | EB52: Retsch AS200 control | EC52: None | EF52: =CONCATENATE(A52,B52) | EG52: =CONCATENATE(SamplesX!A52,SamplesX!B52) | EH52: =CONCATENATE(SamplesY!A52,SamplesY!B52) | EI52: =MATCH(EF52,EG1:EG1008,0) | EJ52: =MATCH(EF52,EH1:EH1008,0)
C53: =IF(ISNUMBER(EI53),INDIRECT("SamplesX!C"&EI53),IF(ISNUMBER(EJ53),INDIRECT("SamplesY!C"&EJ53),"")) | D53: =IF(ISNUMBER(EI53),INDIRECT("SamplesX!D"&EI53),IF(ISNUMBER(EJ53),INDIRECT("SamplesY!D"&EJ53),"")) | E53: =IF(ISNUMBER(EI53),INDIRECT("SamplesX!E"&EI53),IF(ISNUMBER(EJ53),INDIRECT("SamplesY!E"&EJ53),"")) | F53: =IF(ISNUMBER(EI53),INDIRECT("SamplesX!F"&EI53),IF(ISNUMBER(EJ53),INDIRECT("SamplesY!F"&EJ53),"")) | G53: =IF(ISNUMBER(EI53),INDIRECT("SamplesX!G"&EI53),IF(ISNUMBER(EJ53),INDIRECT("SamplesY!G"&EJ53),"")) | H53: =IF(ISNUMBER(EI53),INDIRECT("SamplesX!H"&EI53),IF(ISNUMBER(EJ53),INDIRECT("SamplesY!H"&EJ53),"")) | M53: None | P53: Shimadzu TOC-L | Q53: None | T53: Shimadzu TOC-L | U53: None | Y53: None | AB53: IC Anionen | AC53: None | AG53: None | AK53: None | AO53: None | AR53: IC Anionen | AS53: None | AV53: IC Kationen | AW53: None | BA53: None | BD53: IC Kationen | BE53: None | BH53: IC Kationen | BI53: None | BL53: IC Kationen | BM53: None | BQ53: None | BU53: None | BY53: None | CC53: None | CF53: Titration | CG53: None | CK53: None | CO53: None | CR53: WTW Multimeter 3430 with FDO 925 | CS53: None | CV53: HACH 2100AN IS Turbidimeter | CW53: None | CZ53: OxiTop | DA53: None | DD53: SOP 45-16 | DE53: None | DH53: SOP 45-16 | DI53: None | DL53: Flow Cytometry (SG) | DM53: None | DP53: Flow Cytometry (SG/PI) | DQ53: None | DT53: Luminometer | DU53: None | DX53: Nanodrop2000 | DY53: None | EB53: Retsch AS200 control | EC53: None | EF53: =CONCATENATE(A53,B53) | EG53: =CONCATENATE(SamplesX!A53,SamplesX!B53) | EH53: =CONCATENATE(SamplesY!A53,SamplesY!B53) | EI53: =MATCH(EF53,EG1:EG1008,0) | EJ53: =MATCH(EF53,EH1:EH1008,0)
C54: =IF(ISNUMBER(EI54),INDIRECT("SamplesX!C"&EI54),IF(ISNUMBER(EJ54),INDIRECT("SamplesY!C"&EJ54),"")) | D54: =IF(ISNUMBER(EI54),INDIRECT("SamplesX!D"&EI54),IF(ISNUMBER(EJ54),INDIRECT("SamplesY!D"&EJ54),"")) | E54: =IF(ISNUMBER(EI54),INDIRECT("SamplesX!E"&EI54),IF(ISNUMBER(EJ54),INDIRECT("SamplesY!E"&EJ54),"")) | F54: =IF(ISNUMBER(EI54),INDIRECT("SamplesX!F"&EI54),IF(ISNUMBER(EJ54),INDIRECT("SamplesY!F"&EJ54),"")) | G54: =IF(ISNUMBER(EI54),INDIRECT("SamplesX!G"&EI54),IF(ISNUMBER(EJ54),INDIRECT("SamplesY!G"&EJ54),"")) | H54: =IF(ISNUMBER(EI54),INDIRECT("SamplesX!H"&EI54),IF(ISNUMBER(EJ54),INDIRECT("SamplesY!H"&EJ54),"")) | M54: None | P54: Shimadzu TOC-L | Q54: None | T54: Shimadzu TOC-L | U54: None | Y54: None | AB54: IC Anionen | AC54: None | AG54: None | AK54: None | AO54: None | AR54: IC Anionen | AS54: None | AV54: IC Kationen | AW54: None | BA54: None | BD54: IC Kationen | BE54: None | BH54: IC Kationen | BI54: None | BL54: IC Kationen | BM54: None | BQ54: None | BU54: None | BY54: None | CC54: None | CF54: Titration | CG54: None | CK54: None | CO54: None | CR54: WTW Multimeter 3430 with FDO 925 | CS54: None | CV54: HACH 2100AN IS Turbidimeter | CW54: None | CZ54: OxiTop | DA54: None | DD54: SOP 45-16 | DE54: None | DH54: SOP 45-16 | DI54: None | DL54: Flow Cytometry (SG) | DM54: None | DP54: Flow Cytometry (SG/PI) | DQ54: None | DT54: Luminometer | DU54: None | DX54: Nanodrop2000 | DY54: None | EB54: Retsch AS200 control | EC54: None | EF54: =CONCATENATE(A54,B54) | EG54: =CONCATENATE(SamplesX!A54,SamplesX!B54) | EH54: =CONCATENATE(SamplesY!A54,SamplesY!B54) | EI54: =MATCH(EF54,EG1:EG1008,0) | EJ54: =MATCH(EF54,EH1:EH1008,0)
C55: =IF(ISNUMBER(EI55),INDIRECT("SamplesX!C"&EI55),IF(ISNUMBER(EJ55),INDIRECT("SamplesY!C"&EJ55),"")) | D55: =IF(ISNUMBER(EI55),INDIRECT("SamplesX!D"&EI55),IF(ISNUMBER(EJ55),INDIRECT("SamplesY!D"&EJ55),"")) | E55: =IF(ISNUMBER(EI55),INDIRECT("SamplesX!E"&EI55),IF(ISNUMBER(EJ55),INDIRECT("SamplesY!E"&EJ55),"")) | F55: =IF(ISNUMBER(EI55),INDIRECT("SamplesX!F"&EI55),IF(ISNUMBER(EJ55),INDIRECT("SamplesY!F"&EJ55),"")) | G55: =IF(ISNUMBER(EI55),INDIRECT("SamplesX!G"&EI55),IF(ISNUMBER(EJ55),INDIRECT("SamplesY!G"&EJ55),"")) | H55: =IF(ISNUMBER(EI55),INDIRECT("SamplesX!H"&EI55),IF(ISNUMBER(EJ55),INDIRECT("SamplesY!H"&EJ55),"")) | M55: None | P55: Shimadzu TOC-L | Q55: None | T55: Shimadzu TOC-L | U55: None | Y55: None | AB55: IC Anionen | AC55: None | AG55: None | AK55: None | AO55: None | AR55: IC Anionen | AS55: None | AV55: IC Kationen | AW55: None | BA55: None | BD55: IC Kationen | BE55: None | BH55: IC Kationen | BI55: None | BL55: IC Kationen | BM55: None | BQ55: None | BU55: None | BY55: None | CC55: None | CF55: Titration | CG55: None | CK55: None | CO55: None | CR55: WTW Multimeter 3430 with FDO 925 | CS55: None | CV55: HACH 2100AN IS Turbidimeter | CW55: None | CZ55: OxiTop | DA55: None | DD55: SOP 45-16 | DE55: None | DH55: SOP 45-16 | DI55: None | DL55: Flow Cytometry (SG) | DM55: None | DP55: Flow Cytometry (SG/PI) | DQ55: None | DT55: Luminometer | DU55: None | DX55: Nanodrop2000 | DY55: None | EB55: Retsch AS200 control | EC55: None | EF55: =CONCATENATE(A55,B55) | EG55: =CONCATENATE(SamplesX!A55,SamplesX!B55) | EH55: =CONCATENATE(SamplesY!A55,SamplesY!B55) | EI55: =MATCH(EF55,EG1:EG1008,0) | EJ55: =MATCH(EF55,EH1:EH1008,0)
C56: =IF(ISNUMBER(EI56),INDIRECT("SamplesX!C"&EI56),IF(ISNUMBER(EJ56),INDIRECT("SamplesY!C"&EJ56),"")) | D56: =IF(ISNUMBER(EI56),INDIRECT("SamplesX!D"&EI56),IF(ISNUMBER(EJ56),INDIRECT("SamplesY!D"&EJ56),"")) | E56: =IF(ISNUMBER(EI56),INDIRECT("SamplesX!E"&EI56),IF(ISNUMBER(EJ56),INDIRECT("SamplesY!E"&EJ56),"")) | F56: =IF(ISNUMBER(EI56),INDIRECT("SamplesX!F"&EI56),IF(ISNUMBER(EJ56),INDIRECT("SamplesY!F"&EJ56),"")) | G56: =IF(ISNUMBER(EI56),INDIRECT("SamplesX!G"&EI56),IF(ISNUMBER(EJ56),INDIRECT("SamplesY!G"&EJ56),"")) | H56: =IF(ISNUMBER(EI56),INDIRECT("SamplesX!H"&EI56),IF(ISNUMBER(EJ56),INDIRECT("SamplesY!H"&EJ56),"")) | M56: None | P56: Shimadzu TOC-L | Q56: None | T56: Shimadzu TOC-L | U56: None | Y56: None | AB56: IC Anionen | AC56: None | AG56: None | AK56: None | AO56: None | AR56: IC Anionen | AS56: None | AV56: IC Kationen | AW56: None | BA56: None | BD56: IC Kationen | BE56: None | BH56: IC Kationen | BI56: None | BL56: IC Kationen | BM56: None | BQ56: None | BU56: None | BY56: None | CC56: None | CF56: Titration | CG56: None | CK56: None | CO56: None | CR56: WTW Multimeter 3430 with FDO 925 | CS56: None | CV56: HACH 2100AN IS Turbidimeter | CW56: None | CZ56: OxiTop | DA56: None | DD56: SOP 45-16 | DE56: None | DH56: SOP 45-16 | DI56: None | DL56: Flow Cytometry (SG) | DM56: None | DP56: Flow Cytometry (SG/PI) | DQ56: None | DT56: Luminometer | DU56: None | DX56: Nanodrop2000 | DY56: None | EB56: Retsch AS200 control | EC56: None | EF56: =CONCATENATE(A56,B56) | EG56: =CONCATENATE(SamplesX!A56,SamplesX!B56) | EH56: =CONCATENATE(SamplesY!A56,SamplesY!B56) | EI56: =MATCH(EF56,EG1:EG1008,0) | EJ56: =MATCH(EF56,EH1:EH1008,0)
C57: =IF(ISNUMBER(EI57),INDIRECT("SamplesX!C"&EI57),IF(ISNUMBER(EJ57),INDIRECT("SamplesY!C"&EJ57),"")) | D57: =IF(ISNUMBER(EI57),INDIRECT("SamplesX!D"&EI57),IF(ISNUMBER(EJ57),INDIRECT("SamplesY!D"&EJ57),"")) | E57: =IF(ISNUMBER(EI57),INDIRECT("SamplesX!E"&EI57),IF(ISNUMBER(EJ57),INDIRECT("SamplesY!E"&EJ57),"")) | F57: =IF(ISNUMBER(EI57),INDIRECT("SamplesX!F"&EI57),IF(ISNUMBER(EJ57),INDIRECT("SamplesY!F"&EJ57),"")) | G57: =IF(ISNUMBER(EI57),INDIRECT("SamplesX!G"&EI57),IF(ISNUMBER(EJ57),INDIRECT("SamplesY!G"&EJ57),"")) | H57: =IF(ISNUMBER(EI57),INDIRECT("SamplesX!H"&EI57),IF(ISNUMBER(EJ57),INDIRECT("SamplesY!H"&EJ57),"")) | M57: None | P57: Shimadzu TOC-L | Q57: None | T57: Shimadzu TOC-L | U57: None | Y57: None | AB57: IC Anionen | AC57: None | AG57: None | AK57: None | AO57: None | AR57: IC Anionen | AS57: None | AV57: IC Kationen | AW57: None | BA57: None | BD57: IC Kationen | BE57: None | BH57: IC Kationen | BI57: None | BL57: IC Kationen | BM57: None | BQ57: None | BU57: None | BY57: None | CC57: None | CF57: Titration | CG57: None | CK57: None | CO57: None | CR57: WTW Multimeter 3430 with FDO 925 | CS57: None | CV57: HACH 2100AN IS Turbidimeter | CW57: None | CZ57: OxiTop | DA57: None | DD57: SOP 45-16 | DE57: None | DH57: SOP 45-16 | DI57: None | DL57: Flow Cytometry (SG) | DM57: None | DP57: Flow Cytometry (SG/PI) | DQ57: None | DT57: Luminometer | DU57: None | DX57: Nanodrop2000 | DY57: None | EB57: Retsch AS200 control | EC57: None | EF57: =CONCATENATE(A57,B57) | EG57: =CONCATENATE(SamplesX!A57,SamplesX!B57) | EH57: =CONCATENATE(SamplesY!A57,SamplesY!B57) | EI57: =MATCH(EF57,EG1:EG1008,0) | EJ57: =MATCH(EF57,EH1:EH1008,0)
C58: =IF(ISNUMBER(EI58),INDIRECT("SamplesX!C"&EI58),IF(ISNUMBER(EJ58),INDIRECT("SamplesY!C"&EJ58),"")) | D58: =IF(ISNUMBER(EI58),INDIRECT("SamplesX!D"&EI58),IF(ISNUMBER(EJ58),INDIRECT("SamplesY!D"&EJ58),"")) | E58: =IF(ISNUMBER(EI58),INDIRECT("SamplesX!E"&EI58),IF(ISNUMBER(EJ58),INDIRECT("SamplesY!E"&EJ58),"")) | F58: =IF(ISNUMBER(EI58),INDIRECT("SamplesX!F"&EI58),IF(ISNUMBER(EJ58),INDIRECT("SamplesY!F"&EJ58),"")) | G58: =IF(ISNUMBER(EI58),INDIRECT("SamplesX!G"&EI58),IF(ISNUMBER(EJ58),INDIRECT("SamplesY!G"&EJ58),"")) | H58: =IF(ISNUMBER(EI58),INDIRECT("SamplesX!H"&EI58),IF(ISNUMBER(EJ58),INDIRECT("SamplesY!H"&EJ58),"")) | M58: None | P58: Shimadzu TOC-L | Q58: None | T58: Shimadzu TOC-L | U58: None | Y58: None | AB58: IC Anionen | AC58: None | AG58: None | AK58: None | AO58: None | AR58: IC Anionen | AS58: None | AV58: IC Kationen | AW58: None | BA58: None | BD58: IC Kationen | BE58: None | BH58: IC Kationen | BI58: None | BL58: IC Kationen | BM58: None | BQ58: None | BU58: None | BY58: None | CC58: None | CF58: Titration | CG58: None | CK58: None | CO58: None | CR58: WTW Multimeter 3430 with FDO 925 | CS58: None | CV58: HACH 2100AN IS Turbidimeter | CW58: None | CZ58: OxiTop | DA58: None | DD58: SOP 45-16 | DE58: None | DH58: SOP 45-16 | DI58: None | DL58: Flow Cytometry (SG) | DM58: None | DP58: Flow Cytometry (SG/PI) | DQ58: None | DT58: Luminometer | DU58: None | DX58: Nanodrop2000 | DY58: None | EB58: Retsch AS200 control | EC58: None | EF58: =CONCATENATE(A58,B58) | EG58: =CONCATENATE(SamplesX!A58,SamplesX!B58) | EH58: =CONCATENATE(SamplesY!A58,SamplesY!B58) | EI58: =MATCH(EF58,EG1:EG1008,0) | EJ58: =MATCH(EF58,EH1:EH1008,0)
C59: =IF(ISNUMBER(EI59),INDIRECT("SamplesX!C"&EI59),IF(ISNUMBER(EJ59),INDIRECT("SamplesY!C"&EJ59),"")) | D59: =IF(ISNUMBER(EI59),INDIRECT("SamplesX!D"&EI59),IF(ISNUMBER(EJ59),INDIRECT("SamplesY!D"&EJ59),"")) | E59: =IF(ISNUMBER(EI59),INDIRECT("SamplesX!E"&EI59),IF(ISNUMBER(EJ59),INDIRECT("SamplesY!E"&EJ59),"")) | F59: =IF(ISNUMBER(EI59),INDIRECT("SamplesX!F"&EI59),IF(ISNUMBER(EJ59),INDIRECT("SamplesY!F"&EJ59),"")) | G59: =IF(ISNUMBER(EI59),INDIRECT("SamplesX!G"&EI59),IF(ISNUMBER(EJ59),INDIRECT("SamplesY!G"&EJ59),"")) | H59: =IF(ISNUMBER(EI59),INDIRECT("SamplesX!H"&EI59),IF(ISNUMBER(EJ59),INDIRECT("SamplesY!H"&EJ59),"")) | M59: None | P59: Shimadzu TOC-L | Q59: None | T59: Shimadzu TOC-L | U59: None | Y59: None | AB59: IC Anionen | AC59: None | AG59: None | AK59: None | AO59: None | AR59: IC Anionen | AS59: None | AV59: IC Kationen | AW59: None | BA59: None | BD59: IC Kationen | BE59: None | BH59: IC Kationen | BI59: None | BL59: IC Kationen | BM59: None | BQ59: None | BU59: None | BY59: None | CC59: None | CF59: Titration | CG59: None | CK59: None | CO59: None | CR59: WTW Multimeter 3430 with FDO 925 | CS59: None | CV59: HACH 2100AN IS Turbidimeter | CW59: None | CZ59: OxiTop | DA59: None | DD59: SOP 45-16 | DE59: None | DH59: SOP 45-16 | DI59: None | DL59: Flow Cytometry (SG) | DM59: None | DP59: Flow Cytometry (SG/PI) | DQ59: None | DT59: Luminometer | DU59: None | DX59: Nanodrop2000 | DY59: None | EB59: Retsch AS200 control | EC59: None | EF59: =CONCATENATE(A59,B59) | EG59: =CONCATENATE(SamplesX!A59,SamplesX!B59) | EH59: =CONCATENATE(SamplesY!A59,SamplesY!B59) | EI59: =MATCH(EF59,EG1:EG1008,0) | EJ59: =MATCH(EF59,EH1:EH1008,0)
C60: =IF(ISNUMBER(EI60),INDIRECT("SamplesX!C"&EI60),IF(ISNUMBER(EJ60),INDIRECT("SamplesY!C"&EJ60),"")) | D60: =IF(ISNUMBER(EI60),INDIRECT("SamplesX!D"&EI60),IF(ISNUMBER(EJ60),INDIRECT("SamplesY!D"&EJ60),"")) | E60: =IF(ISNUMBER(EI60),INDIRECT("SamplesX!E"&EI60),IF(ISNUMBER(EJ60),INDIRECT("SamplesY!E"&EJ60),"")) | F60: =IF(ISNUMBER(EI60),INDIRECT("SamplesX!F"&EI60),IF(ISNUMBER(EJ60),INDIRECT("SamplesY!F"&EJ60),"")) | G60: =IF(ISNUMBER(EI60),INDIRECT("SamplesX!G"&EI60),IF(ISNUMBER(EJ60),INDIRECT("SamplesY!G"&EJ60),"")) | H60: =IF(ISNUMBER(EI60),INDIRECT("SamplesX!H"&EI60),IF(ISNUMBER(EJ60),INDIRECT("SamplesY!H"&EJ60),"")) | M60: None | P60: Shimadzu TOC-L | Q60: None | T60: Shimadzu TOC-L | U60: None | Y60: None | AB60: IC Anionen | AC60: None | AG60: None | AK60: None | AO60: None | AR60: IC Anionen | AS60: None | AV60: IC Kationen | AW60: None | BA60: None | BD60: IC Kationen | BE60: None | BH60: IC Kationen | BI60: None | BL60: IC Kationen | BM60: None | BQ60: None | BU60: None | BY60: None | CC60: None | CF60: Titration | CG60: None | CK60: None | CO60: None | CR60: WTW Multimeter 3430 with FDO 925 | CS60: None | CV60: HACH 2100AN IS Turbidimeter | CW60: None | CZ60: OxiTop | DA60: None | DD60: SOP 45-16 | DE60: None | DH60: SOP 45-16 | DI60: None | DL60: Flow Cytometry (SG) | DM60: None | DP60: Flow Cytometry (SG/PI) | DQ60: None | DT60: Luminometer | DU60: None | DX60: Nanodrop2000 | DY60: None | EB60: Retsch AS200 control | EC60: None | EF60: =CONCATENATE(A60,B60) | EG60: =CONCATENATE(SamplesX!A60,SamplesX!B60) | EH60: =CONCATENATE(SamplesY!A60,SamplesY!B60) | EI60: =MATCH(EF60,EG1:EG1008,0) | EJ60: =MATCH(EF60,EH1:EH1008,0)
C61: =IF(ISNUMBER(EI61),INDIRECT("SamplesX!C"&EI61),IF(ISNUMBER(EJ61),INDIRECT("SamplesY!C"&EJ61),"")) | D61: =IF(ISNUMBER(EI61),INDIRECT("SamplesX!D"&EI61),IF(ISNUMBER(EJ61),INDIRECT("SamplesY!D"&EJ61),"")) | E61: =IF(ISNUMBER(EI61),INDIRECT("SamplesX!E"&EI61),IF(ISNUMBER(EJ61),INDIRECT("SamplesY!E"&EJ61),"")) | F61: =IF(ISNUMBER(EI61),INDIRECT("SamplesX!F"&EI61),IF(ISNUMBER(EJ61),INDIRECT("SamplesY!F"&EJ61),"")) | G61: =IF(ISNUMBER(EI61),INDIRECT("SamplesX!G"&EI61),IF(ISNUMBER(EJ61),INDIRECT("SamplesY!G"&EJ61),"")) | H61: =IF(ISNUMBER(EI61),INDIRECT("SamplesX!H"&EI61),IF(ISNUMBER(EJ61),INDIRECT("SamplesY!H"&EJ61),"")) | M61: None | P61: Shimadzu TOC-L | Q61: None | T61: Shimadzu TOC-L | U61: None | Y61: None | AB61: IC Anionen | AC61: None | AG61: None | AK61: None | AO61: None | AR61: IC Anionen | AS61: None | AV61: IC Kationen | AW61: None | BA61: None | BD61: IC Kationen | BE61: None | BH61: IC Kationen | BI61: None | BL61: IC Kationen | BM61: None | BQ61: None | BU61: None | BY61: None | CC61: None | CF61: Titration | CG61: None | CK61: None | CO61: None | CR61: WTW Multimeter 3430 with FDO 925 | CS61: None | CV61: HACH 2100AN IS Turbidimeter | CW61: None | CZ61: OxiTop | DA61: None | DD61: SOP 45-16 | DE61: None | DH61: SOP 45-16 | DI61: None | DL61: Flow Cytometry (SG) | DM61: None | DP61: Flow Cytometry (SG/PI) | DQ61: None | DT61: Luminometer | DU61: None | DX61: Nanodrop2000 | DY61: None | EB61: Retsch AS200 control | EC61: None | EF61: =CONCATENATE(A61,B61) | EG61: =CONCATENATE(SamplesX!A61,SamplesX!B61) | EH61: =CONCATENATE(SamplesY!A61,SamplesY!B61) | EI61: =MATCH(EF61,EG1:EG1008,0) | EJ61: =MATCH(EF61,EH1:EH1008,0)
C62: =IF(ISNUMBER(EI62),INDIRECT("SamplesX!C"&EI62),IF(ISNUMBER(EJ62),INDIRECT("SamplesY!C"&EJ62),"")) | D62: =IF(ISNUMBER(EI62),INDIRECT("SamplesX!D"&EI62),IF(ISNUMBER(EJ62),INDIRECT("SamplesY!D"&EJ62),"")) | E62: =IF(ISNUMBER(EI62),INDIRECT("SamplesX!E"&EI62),IF(ISNUMBER(EJ62),INDIRECT("SamplesY!E"&EJ62),"")) | F62: =IF(ISNUMBER(EI62),INDIRECT("SamplesX!F"&EI62),IF(ISNUMBER(EJ62),INDIRECT("SamplesY!F"&EJ62),"")) | G62: =IF(ISNUMBER(EI62),INDIRECT("SamplesX!G"&EI62),IF(ISNUMBER(EJ62),INDIRECT("SamplesY!G"&EJ62),"")) | H62: =IF(ISNUMBER(EI62),INDIRECT("SamplesX!H"&EI62),IF(ISNUMBER(EJ62),INDIRECT("SamplesY!H"&EJ62),"")) | M62: None | P62: Shimadzu TOC-L | Q62: None | T62: Shimadzu TOC-L | U62: None | Y62: None | AB62: IC Anionen | AC62: None | AG62: None | AK62: None | AO62: None | AR62: IC Anionen | AS62: None | AV62: IC Kationen | AW62: None | BA62: None | BD62: IC Kationen | BE62: None | BH62: IC Kationen | BI62: None | BL62: IC Kationen | BM62: None | BQ62: None | BU62: None | BY62: None | CC62: None | CF62: Titration | CG62: None | CK62: None | CO62: None | CR62: WTW Multimeter 3430 with FDO 925 | CS62: None | CV62: HACH 2100AN IS Turbidimeter | CW62: None | CZ62: OxiTop | DA62: None | DD62: SOP 45-16 | DE62: None | DH62: SOP 45-16 | DI62: None | DL62: Flow Cytometry (SG) | DM62: None | DP62: Flow Cytometry (SG/PI) | DQ62: None | DT62: Luminometer | DU62: None | DX62: Nanodrop2000 | DY62: None | EB62: Retsch AS200 control | EC62: None | EF62: =CONCATENATE(A62,B62) | EG62: =CONCATENATE(SamplesX!A62,SamplesX!B62) | EH62: =CONCATENATE(SamplesY!A62,SamplesY!B62) | EI62: =MATCH(EF62,EG1:EG1008,0) | EJ62: =MATCH(EF62,EH1:EH1008,0)
C63: =IF(ISNUMBER(EI63),INDIRECT("SamplesX!C"&EI63),IF(ISNUMBER(EJ63),INDIRECT("SamplesY!C"&EJ63),"")) | D63: =IF(ISNUMBER(EI63),INDIRECT("SamplesX!D"&EI63),IF(ISNUMBER(EJ63),INDIRECT("SamplesY!D"&EJ63),"")) | E63: =IF(ISNUMBER(EI63),INDIRECT("SamplesX!E"&EI63),IF(ISNUMBER(EJ63),INDIRECT("SamplesY!E"&EJ63),"")) | F63: =IF(ISNUMBER(EI63),INDIRECT("SamplesX!F"&EI63),IF(ISNUMBER(EJ63),INDIRECT("SamplesY!F"&EJ63),"")) | G63: =IF(ISNUMBER(EI63),INDIRECT("SamplesX!G"&EI63),IF(ISNUMBER(EJ63),INDIRECT("SamplesY!G"&EJ63),"")) | H63: =IF(ISNUMBER(EI63),INDIRECT("SamplesX!H"&EI63),IF(ISNUMBER(EJ63),INDIRECT("SamplesY!H"&EJ63),"")) | M63: None | P63: Shimadzu TOC-L | Q63: None | T63: Shimadzu TOC-L | U63: None | Y63: None | AB63: IC Anionen | AC63: None | AG63: None | AK63: None | AO63: None | AR63: IC Anionen | AS63: None | AV63: IC Kationen | AW63: None | BA63: None | BD63: IC Kationen | BE63: None | BH63: IC Kationen | BI63: None | BL63: IC Kationen | BM63: None | BQ63: None | BU63: None | BY63: None | CC63: None | CF63: Titration | CG63: None | CK63: None | CO63: None | CR63: WTW Multimeter 3430 with FDO 925 | CS63: None | CV63: HACH 2100AN IS Turbidimeter | CW63: None | CZ63: OxiTop | DA63: None | DD63: SOP 45-16 | DE63: None | DH63: SOP 45-16 | DI63: None | DL63: Flow Cytometry (SG) | DM63: None | DP63: Flow Cytometry (SG/PI) | DQ63: None | DT63: Luminometer | DU63: None | DX63: Nanodrop2000 | DY63: None | EB63: Retsch AS200 control | EC63: None | EF63: =CONCATENATE(A63,B63) | EG63: =CONCATENATE(SamplesX!A63,SamplesX!B63) | EH63: =CONCATENATE(SamplesY!A63,SamplesY!B63) | EI63: =MATCH(EF63,EG1:EG1008,0) | EJ63: =MATCH(EF63,EH1:EH1008,0)
C64: =IF(ISNUMBER(EI64),INDIRECT("SamplesX!C"&EI64),IF(ISNUMBER(EJ64),INDIRECT("SamplesY!C"&EJ64),"")) | D64: =IF(ISNUMBER(EI64),INDIRECT("SamplesX!D"&EI64),IF(ISNUMBER(EJ64),INDIRECT("SamplesY!D"&EJ64),"")) | E64: =IF(ISNUMBER(EI64),INDIRECT("SamplesX!E"&EI64),IF(ISNUMBER(EJ64),INDIRECT("SamplesY!E"&EJ64),"")) | F64: =IF(ISNUMBER(EI64),INDIRECT("SamplesX!F"&EI64),IF(ISNUMBER(EJ64),INDIRECT("SamplesY!F"&EJ64),"")) | G64: =IF(ISNUMBER(EI64),INDIRECT("SamplesX!G"&EI64),IF(ISNUMBER(EJ64),INDIRECT("SamplesY!G"&EJ64),"")) | H64: =IF(ISNUMBER(EI64),INDIRECT("SamplesX!H"&EI64),IF(ISNUMBER(EJ64),INDIRECT("SamplesY!H"&EJ64),"")) | M64: None | P64: Shimadzu TOC-L | Q64: None | T64: Shimadzu TOC-L | U64: None | Y64: None | AB64: IC Anionen | AC64: None | AG64: None | AK64: None | AO64: None | AR64: IC Anionen | AS64: None | AV64: IC Kationen | AW64: None | BA64: None | BD64: IC Kationen | BE64: None | BH64: IC Kationen | BI64: None | BL64: IC Kationen | BM64: None | BQ64: None | BU64: None | BY64: None | CC64: None | CF64: Titration | CG64: None | CK64: None | CO64: None | CR64: WTW Multimeter 3430 with FDO 925 | CS64: None | CV64: HACH 2100AN IS Turbidimeter | CW64: None | CZ64: OxiTop | DA64: None | DD64: SOP 45-16 | DE64: None | DH64: SOP 45-16 | DI64: None | DL64: Flow Cytometry (SG) | DM64: None | DP64: Flow Cytometry (SG/PI) | DQ64: None | DT64: Luminometer | DU64: None | DX64: Nanodrop2000 | DY64: None | EB64: Retsch AS200 control | EC64: None | EF64: =CONCATENATE(A64,B64) | EG64: =CONCATENATE(SamplesX!A64,SamplesX!B64) | EH64: =CONCATENATE(SamplesY!A64,SamplesY!B64) | EI64: =MATCH(EF64,EG1:EG1008,0) | EJ64: =MATCH(EF64,EH1:EH1008,0)
C65: =IF(ISNUMBER(EI65),INDIRECT("SamplesX!C"&EI65),IF(ISNUMBER(EJ65),INDIRECT("SamplesY!C"&EJ65),"")) | D65: =IF(ISNUMBER(EI65),INDIRECT("SamplesX!D"&EI65),IF(ISNUMBER(EJ65),INDIRECT("SamplesY!D"&EJ65),"")) | E65: =IF(ISNUMBER(EI65),INDIRECT("SamplesX!E"&EI65),IF(ISNUMBER(EJ65),INDIRECT("SamplesY!E"&EJ65),"")) | F65: =IF(ISNUMBER(EI65),INDIRECT("SamplesX!F"&EI65),IF(ISNUMBER(EJ65),INDIRECT("SamplesY!F"&EJ65),"")) | G65: =IF(ISNUMBER(EI65),INDIRECT("SamplesX!G"&EI65),IF(ISNUMBER(EJ65),INDIRECT("SamplesY!G"&EJ65),"")) | H65: =IF(ISNUMBER(EI65),INDIRECT("SamplesX!H"&EI65),IF(ISNUMBER(EJ65),INDIRECT("SamplesY!H"&EJ65),"")) | M65: None | P65: Shimadzu TOC-L | Q65: None | T65: Shimadzu TOC-L | U65: None | Y65: None | AB65: IC Anionen | AC65: None | AG65: None | AK65: None | AO65: None | AR65: IC Anionen | AS65: None | AV65: IC Kationen | AW65: None | BA65: None | BD65: IC Kationen | BE65: None | BH65: IC Kationen | BI65: None | BL65: IC Kationen | BM65: None | BQ65: None | BU65: None | BY65: None | CC65: None | CF65: Titration | CG65: None | CK65: None | CO65: None | CR65: WTW Multimeter 3430 with FDO 925 | CS65: None | CV65: HACH 2100AN IS Turbidimeter | CW65: None | CZ65: OxiTop | DA65: None | DD65: SOP 45-16 | DE65: None | DH65: SOP 45-16 | DI65: None | DL65: Flow Cytometry (SG) | DM65: None | DP65: Flow Cytometry (SG/PI) | DQ65: None | DT65: Luminometer | DU65: None | DX65: Nanodrop2000 | DY65: None | EB65: Retsch AS200 control | EC65: None | EF65: =CONCATENATE(A65,B65) | EG65: =CONCATENATE(SamplesX!A65,SamplesX!B65) | EH65: =CONCATENATE(SamplesY!A65,SamplesY!B65) | EI65: =MATCH(EF65,EG1:EG1008,0) | EJ65: =MATCH(EF65,EH1:EH1008,0)
C66: =IF(ISNUMBER(EI66),INDIRECT("SamplesX!C"&EI66),IF(ISNUMBER(EJ66),INDIRECT("SamplesY!C"&EJ66),"")) | D66: =IF(ISNUMBER(EI66),INDIRECT("SamplesX!D"&EI66),IF(ISNUMBER(EJ66),INDIRECT("SamplesY!D"&EJ66),"")) | E66: =IF(ISNUMBER(EI66),INDIRECT("SamplesX!E"&EI66),IF(ISNUMBER(EJ66),INDIRECT("SamplesY!E"&EJ66),"")) | F66: =IF(ISNUMBER(EI66),INDIRECT("SamplesX!F"&EI66),IF(ISNUMBER(EJ66),INDIRECT("SamplesY!F"&EJ66),"")) | G66: =IF(ISNUMBER(EI66),INDIRECT("SamplesX!G"&EI66),IF(ISNUMBER(EJ66),INDIRECT("SamplesY!G"&EJ66),"")) | H66: =IF(ISNUMBER(EI66),INDIRECT("SamplesX!H"&EI66),IF(ISNUMBER(EJ66),INDIRECT("SamplesY!H"&EJ66),"")) | M66: None | P66: Shimadzu TOC-L | Q66: None | T66: Shimadzu TOC-L | U66: None | Y66: None | AB66: IC Anionen | AC66: None | AG66: None | AK66: None | AO66: None | AR66: IC Anionen | AS66: None | AV66: IC Kationen | AW66: None | BA66: None | BD66: IC Kationen | BE66: None | BH66: IC Kationen | BI66: None | BL66: IC Kationen | BM66: None | BQ66: None | BU66: None | BY66: None | CC66: None | CF66: Titration | CG66: None | CK66: None | CO66: None | CR66: WTW Multimeter 3430 with FDO 925 | CS66: None | CV66: HACH 2100AN IS Turbidimeter | CW66: None | CZ66: OxiTop | DA66: None | DD66: SOP 45-16 | DE66: None | DH66: SOP 45-16 | DI66: None | DL66: Flow Cytometry (SG) | DM66: None | DP66: Flow Cytometry (SG/PI) | DQ66: None | DT66: Luminometer | DU66: None | DX66: Nanodrop2000 | DY66: None | EB66: Retsch AS200 control | EC66: None | EF66: =CONCATENATE(A66,B66) | EG66: =CONCATENATE(SamplesX!A66,SamplesX!B66) | EH66: =CONCATENATE(SamplesY!A66,SamplesY!B66) | EI66: =MATCH(EF66,EG1:EG1008,0) | EJ66: =MATCH(EF66,EH1:EH1008,0)
C67: =IF(ISNUMBER(EI67),INDIRECT("SamplesX!C"&EI67),IF(ISNUMBER(EJ67),INDIRECT("SamplesY!C"&EJ67),"")) | D67: =IF(ISNUMBER(EI67),INDIRECT("SamplesX!D"&EI67),IF(ISNUMBER(EJ67),INDIRECT("SamplesY!D"&EJ67),"")) | E67: =IF(ISNUMBER(EI67),INDIRECT("SamplesX!E"&EI67),IF(ISNUMBER(EJ67),INDIRECT("SamplesY!E"&EJ67),"")) | F67: =IF(ISNUMBER(EI67),INDIRECT("SamplesX!F"&EI67),IF(ISNUMBER(EJ67),INDIRECT("SamplesY!F"&EJ67),"")) | G67: =IF(ISNUMBER(EI67),INDIRECT("SamplesX!G"&EI67),IF(ISNUMBER(EJ67),INDIRECT("SamplesY!G"&EJ67),"")) | H67: =IF(ISNUMBER(EI67),INDIRECT("SamplesX!H"&EI67),IF(ISNUMBER(EJ67),INDIRECT("SamplesY!H"&EJ67),"")) | M67: None | P67: Shimadzu TOC-L | Q67: None | T67: Shimadzu TOC-L | U67: None | Y67: None | AB67: IC Anionen | AC67: None | AG67: None | AK67: None | AO67: None | AR67: IC Anionen | AS67: None | AV67: IC Kationen | AW67: None | BA67: None | BD67: IC Kationen | BE67: None | BH67: IC Kationen | BI67: None | BL67: IC Kationen | BM67: None | BQ67: None | BU67: None | BY67: None | CC67: None | CF67: Titration | CG67: None | CK67: None | CO67: None | CR67: WTW Multimeter 3430 with FDO 925 | CS67: None | CV67: HACH 2100AN IS Turbidimeter | CW67: None | CZ67: OxiTop | DA67: None | DD67: SOP 45-16 | DE67: None | DH67: SOP 45-16 | DI67: None | DL67: Flow Cytometry (SG) | DM67: None | DP67: Flow Cytometry (SG/PI) | DQ67: None | DT67: Luminometer | DU67: None | DX67: Nanodrop2000 | DY67: None | EB67: Retsch AS200 control | EC67: None | EF67: =CONCATENATE(A67,B67) | EG67: =CONCATENATE(SamplesX!A67,SamplesX!B67) | EH67: =CONCATENATE(SamplesY!A67,SamplesY!B67) | EI67: =MATCH(EF67,EG1:EG1008,0) | EJ67: =MATCH(EF67,EH1:EH1008,0)
C68: =IF(ISNUMBER(EI68),INDIRECT("SamplesX!C"&EI68),IF(ISNUMBER(EJ68),INDIRECT("SamplesY!C"&EJ68),"")) | D68: =IF(ISNUMBER(EI68),INDIRECT("SamplesX!D"&EI68),IF(ISNUMBER(EJ68),INDIRECT("SamplesY!D"&EJ68),"")) | E68: =IF(ISNUMBER(EI68),INDIRECT("SamplesX!E"&EI68),IF(ISNUMBER(EJ68),INDIRECT("SamplesY!E"&EJ68),"")) | F68: =IF(ISNUMBER(EI68),INDIRECT("SamplesX!F"&EI68),IF(ISNUMBER(EJ68),INDIRECT("SamplesY!F"&EJ68),"")) | G68: =IF(ISNUMBER(EI68),INDIRECT("SamplesX!G"&EI68),IF(ISNUMBER(EJ68),INDIRECT("SamplesY!G"&EJ68),"")) | H68: =IF(ISNUMBER(EI68),INDIRECT("SamplesX!H"&EI68),IF(ISNUMBER(EJ68),INDIRECT("SamplesY!H"&EJ68),"")) | M68: None | P68: Shimadzu TOC-L | Q68: None | T68: Shimadzu TOC-L | U68: None | Y68: None | AB68: IC Anionen | AC68: None | AG68: None | AK68: None | AO68: None | AR68: IC Anionen | AS68: None | AV68: IC Kationen | AW68: None | BA68: None | BD68: IC Kationen | BE68: None | BH68: IC Kationen | BI68: None | BL68: IC Kationen | BM68: None | BQ68: None | BU68: None | BY68: None | CC68: None | CF68: Titration | CG68: None | CK68: None | CO68: None | CR68: WTW Multimeter 3430 with FDO 925 | CS68: None | CV68: HACH 2100AN IS Turbidimeter | CW68: None | CZ68: OxiTop | DA68: None | DD68: SOP 45-16 | DE68: None | DH68: SOP 45-16 | DI68: None | DL68: Flow Cytometry (SG) | DM68: None | DP68: Flow Cytometry (SG/PI) | DQ68: None | DT68: Luminometer | DU68: None | DX68: Nanodrop2000 | DY68: None | EB68: Retsch AS200 control | EC68: None | EF68: =CONCATENATE(A68,B68) | EG68: =CONCATENATE(SamplesX!A68,SamplesX!B68) | EH68: =CONCATENATE(SamplesY!A68,SamplesY!B68) | EI68: =MATCH(EF68,EG1:EG1008,0) | EJ68: =MATCH(EF68,EH1:EH1008,0)
C69: =IF(ISNUMBER(EI69),INDIRECT("SamplesX!C"&EI69),IF(ISNUMBER(EJ69),INDIRECT("SamplesY!C"&EJ69),"")) | D69: =IF(ISNUMBER(EI69),INDIRECT("SamplesX!D"&EI69),IF(ISNUMBER(EJ69),INDIRECT("SamplesY!D"&EJ69),"")) | E69: =IF(ISNUMBER(EI69),INDIRECT("SamplesX!E"&EI69),IF(ISNUMBER(EJ69),INDIRECT("SamplesY!E"&EJ69),"")) | F69: =IF(ISNUMBER(EI69),INDIRECT("SamplesX!F"&EI69),IF(ISNUMBER(EJ69),INDIRECT("SamplesY!F"&EJ69),"")) | G69: =IF(ISNUMBER(EI69),INDIRECT("SamplesX!G"&EI69),IF(ISNUMBER(EJ69),INDIRECT("SamplesY!G"&EJ69),"")) | H69: =IF(ISNUMBER(EI69),INDIRECT("SamplesX!H"&EI69),IF(ISNUMBER(EJ69),INDIRECT("SamplesY!H"&EJ69),"")) | M69: None | P69: Shimadzu TOC-L | Q69: None | T69: Shimadzu TOC-L | U69: None | Y69: None | AB69: IC Anionen | AC69: None | AG69: None | AK69: None | AO69: None | AR69: IC Anionen | AS69: None | AV69: IC Kationen | AW69: None | BA69: None | BD69: IC Kationen | BE69: None | BH69: IC Kationen | BI69: None | BL69: IC Kationen | BM69: None | BQ69: None | BU69: None | BY69: None | CC69: None | CF69: Titration | CG69: None | CK69: None | CO69: None | CR69: WTW Multimeter 3430 with FDO 925 | CS69: None | CV69: HACH 2100AN IS Turbidimeter | CW69: None | CZ69: OxiTop | DA69: None | DD69: SOP 45-16 | DE69: None | DH69: SOP 45-16 | DI69: None | DL69: Flow Cytometry (SG) | DM69: None | DP69: Flow Cytometry (SG/PI) | DQ69: None | DT69: Luminometer | DU69: None | DX69: Nanodrop2000 | DY69: None | EB69: Retsch AS200 control | EC69: None | EF69: =CONCATENATE(A69,B69) | EG69: =CONCATENATE(SamplesX!A69,SamplesX!B69) | EH69: =CONCATENATE(SamplesY!A69,SamplesY!B69) | EI69: =MATCH(EF69,EG1:EG1008,0) | EJ69: =MATCH(EF69,EH1:EH1008,0)
C70: =IF(ISNUMBER(EI70),INDIRECT("SamplesX!C"&EI70),IF(ISNUMBER(EJ70),INDIRECT("SamplesY!C"&EJ70),"")) | D70: =IF(ISNUMBER(EI70),INDIRECT("SamplesX!D"&EI70),IF(ISNUMBER(EJ70),INDIRECT("SamplesY!D"&EJ70),"")) | E70: =IF(ISNUMBER(EI70),INDIRECT("SamplesX!E"&EI70),IF(ISNUMBER(EJ70),INDIRECT("SamplesY!E"&EJ70),"")) | F70: =IF(ISNUMBER(EI70),INDIRECT("SamplesX!F"&EI70),IF(ISNUMBER(EJ70),INDIRECT("SamplesY!F"&EJ70),"")) | G70: =IF(ISNUMBER(EI70),INDIRECT("SamplesX!G"&EI70),IF(ISNUMBER(EJ70),INDIRECT("SamplesY!G"&EJ70),"")) | H70: =IF(ISNUMBER(EI70),INDIRECT("SamplesX!H"&EI70),IF(ISNUMBER(EJ70),INDIRECT("SamplesY!H"&EJ70),"")) | M70: None | P70: Shimadzu TOC-L | Q70: None | T70: Shimadzu TOC-L | U70: None | Y70: None | AB70: IC Anionen | AC70: None | AG70: None | AK70: None | AO70: None | AR70: IC Anionen | AS70: None | AV70: IC Kationen | AW70: None | BA70: None | BD70: IC Kationen | BE70: None | BH70: IC Kationen | BI70: None | BL70: IC Kationen | BM70: None | BQ70: None | BU70: None | BY70: None | CC70: None | CF70: Titration | CG70: None | CK70: None | CO70: None | CR70: WTW Multimeter 3430 with FDO 925 | CS70: None | CV70: HACH 2100AN IS Turbidimeter | CW70: None | CZ70: OxiTop | DA70: None | DD70: SOP 45-16 | DE70: None | DH70: SOP 45-16 | DI70: None | DL70: Flow Cytometry (SG) | DM70: None | DP70: Flow Cytometry (SG/PI) | DQ70: None | DT70: Luminometer | DU70: None | DX70: Nanodrop2000 | DY70: None | EB70: Retsch AS200 control | EC70: None | EF70: =CONCATENATE(A70,B70) | EG70: =CONCATENATE(SamplesX!A70,SamplesX!B70) | EH70: =CONCATENATE(SamplesY!A70,SamplesY!B70) | EI70: =MATCH(EF70,EG1:EG1008,0) | EJ70: =MATCH(EF70,EH1:EH1008,0)
C71: =IF(ISNUMBER(EI71),INDIRECT("SamplesX!C"&EI71),IF(ISNUMBER(EJ71),INDIRECT("SamplesY!C"&EJ71),"")) | D71: =IF(ISNUMBER(EI71),INDIRECT("SamplesX!D"&EI71),IF(ISNUMBER(EJ71),INDIRECT("SamplesY!D"&EJ71),"")) | E71: =IF(ISNUMBER(EI71),INDIRECT("SamplesX!E"&EI71),IF(ISNUMBER(EJ71),INDIRECT("SamplesY!E"&EJ71),"")) | F71: =IF(ISNUMBER(EI71),INDIRECT("SamplesX!F"&EI71),IF(ISNUMBER(EJ71),INDIRECT("SamplesY!F"&EJ71),"")) | G71: =IF(ISNUMBER(EI71),INDIRECT("SamplesX!G"&EI71),IF(ISNUMBER(EJ71),INDIRECT("SamplesY!G"&EJ71),"")) | H71: =IF(ISNUMBER(EI71),INDIRECT("SamplesX!H"&EI71),IF(ISNUMBER(EJ71),INDIRECT("SamplesY!H"&EJ71),"")) | M71: None | P71: Shimadzu TOC-L | Q71: None | T71: Shimadzu TOC-L | U71: None | Y71: None | AB71: IC Anionen | AC71: None | AG71: None | AK71: None | AO71: None | AR71: IC Anionen | AS71: None | AV71: IC Kationen | AW71: None | BA71: None | BD71: IC Kationen | BE71: None | BH71: IC Kationen | BI71: None | BL71: IC Kationen | BM71: None | BQ71: None | BU71: None | BY71: None | CC71: None | CF71: Titration | CG71: None | CK71: None | CO71: None | CR71: WTW Multimeter 3430 with FDO 925 | CS71: None | CV71: HACH 2100AN IS Turbidimeter | CW71: None | CZ71: OxiTop | DA71: None | DD71: SOP 45-16 | DE71: None | DH71: SOP 45-16 | DI71: None | DL71: Flow Cytometry (SG) | DM71: None | DP71: Flow Cytometry (SG/PI) | DQ71: None | DT71: Luminometer | DU71: None | DX71: Nanodrop2000 | DY71: None | EB71: Retsch AS200 control | EC71: None | EF71: =CONCATENATE(A71,B71) | EG71: =CONCATENATE(SamplesX!A71,SamplesX!B71) | EH71: =CONCATENATE(SamplesY!A71,SamplesY!B71) | EI71: =MATCH(EF71,EG1:EG1008,0) | EJ71: =MATCH(EF71,EH1:EH1008,0)
C72: =IF(ISNUMBER(EI72),INDIRECT("SamplesX!C"&EI72),IF(ISNUMBER(EJ72),INDIRECT("SamplesY!C"&EJ72),"")) | D72: =IF(ISNUMBER(EI72),INDIRECT("SamplesX!D"&EI72),IF(ISNUMBER(EJ72),INDIRECT("SamplesY!D"&EJ72),"")) | E72: =IF(ISNUMBER(EI72),INDIRECT("SamplesX!E"&EI72),IF(ISNUMBER(EJ72),INDIRECT("SamplesY!E"&EJ72),"")) | F72: =IF(ISNUMBER(EI72),INDIRECT("SamplesX!F"&EI72),IF(ISNUMBER(EJ72),INDIRECT("SamplesY!F"&EJ72),"")) | G72: =IF(ISNUMBER(EI72),INDIRECT("SamplesX!G"&EI72),IF(ISNUMBER(EJ72),INDIRECT("SamplesY!G"&EJ72),"")) | H72: =IF(ISNUMBER(EI72),INDIRECT("SamplesX!H"&EI72),IF(ISNUMBER(EJ72),INDIRECT("SamplesY!H"&EJ72),"")) | M72: None | P72: Shimadzu TOC-L | Q72: None | T72: Shimadzu TOC-L | U72: None | Y72: None | AB72: IC Anionen | AC72: None | AG72: None | AK72: None | AO72: None | AR72: IC Anionen | AS72: None | AV72: IC Kationen | AW72: None | BA72: None | BD72: IC Kationen | BE72: None | BH72: IC Kationen | BI72: None | BL72: IC Kationen | BM72: None | BQ72: None | BU72: None | BY72: None | CC72: None | CF72: Titration | CG72: None | CK72: None | CO72: None | CR72: WTW Multimeter 3430 with FDO 925 | CS72: None | CV72: HACH 2100AN IS Turbidimeter | CW72: None | CZ72: OxiTop | DA72: None | DD72: SOP 45-16 | DE72: None | DH72: SOP 45-16 | DI72: None | DL72: Flow Cytometry (SG) | DM72: None | DP72: Flow Cytometry (SG/PI) | DQ72: None | DT72: Luminometer | DU72: None | DX72: Nanodrop2000 | DY72: None | EB72: Retsch AS200 control | EC72: None | EF72: =CONCATENATE(A72,B72) | EG72: =CONCATENATE(SamplesX!A72,SamplesX!B72) | EH72: =CONCATENATE(SamplesY!A72,SamplesY!B72) | EI72: =MATCH(EF72,EG1:EG1008,0) | EJ72: =MATCH(EF72,EH1:EH1008,0)
C73: =IF(ISNUMBER(EI73),INDIRECT("SamplesX!C"&EI73),IF(ISNUMBER(EJ73),INDIRECT("SamplesY!C"&EJ73),"")) | D73: =IF(ISNUMBER(EI73),INDIRECT("SamplesX!D"&EI73),IF(ISNUMBER(EJ73),INDIRECT("SamplesY!D"&EJ73),"")) | E73: =IF(ISNUMBER(EI73),INDIRECT("SamplesX!E"&EI73),IF(ISNUMBER(EJ73),INDIRECT("SamplesY!E"&EJ73),"")) | F73: =IF(ISNUMBER(EI73),INDIRECT("SamplesX!F"&EI73),IF(ISNUMBER(EJ73),INDIRECT("SamplesY!F"&EJ73),"")) | G73: =IF(ISNUMBER(EI73),INDIRECT("SamplesX!G"&EI73),IF(ISNUMBER(EJ73),INDIRECT("SamplesY!G"&EJ73),"")) | H73: =IF(ISNUMBER(EI73),INDIRECT("SamplesX!H"&EI73),IF(ISNUMBER(EJ73),INDIRECT("SamplesY!H"&EJ73),"")) | M73: None | P73: Shimadzu TOC-L | Q73: None | T73: Shimadzu TOC-L | U73: None | Y73: None | AB73: IC Anionen | AC73: None | AG73: None | AK73: None | AO73: None | AR73: IC Anionen | AS73: None | AV73: IC Kationen | AW73: None | BA73: None | BD73: IC Kationen | BE73: None | BH73: IC Kationen | BI73: None | BL73: IC Kationen | BM73: None | BQ73: None | BU73: None | BY73: None | CC73: None | CF73: Titration | CG73: None | CK73: None | CO73: None | CR73: WTW Multimeter 3430 with FDO 925 | CS73: None | CV73: HACH 2100AN IS Turbidimeter | CW73: None | CZ73: OxiTop | DA73: None | DD73: SOP 45-16 | DE73: None | DH73: SOP 45-16 | DI73: None | DL73: Flow Cytometry (SG) | DM73: None | DP73: Flow Cytometry (SG/PI) | DQ73: None | DT73: Luminometer | DU73: None | DX73: Nanodrop2000 | DY73: None | EB73: Retsch AS200 control | EC73: None | EF73: =CONCATENATE(A73,B73) | EG73: =CONCATENATE(SamplesX!A73,SamplesX!B73) | EH73: =CONCATENATE(SamplesY!A73,SamplesY!B73) | EI73: =MATCH(EF73,EG1:EG1008,0) | EJ73: =MATCH(EF73,EH1:EH1008,0)
C74: =IF(ISNUMBER(EI74),INDIRECT("SamplesX!C"&EI74),IF(ISNUMBER(EJ74),INDIRECT("SamplesY!C"&EJ74),"")) | D74: =IF(ISNUMBER(EI74),INDIRECT("SamplesX!D"&EI74),IF(ISNUMBER(EJ74),INDIRECT("SamplesY!D"&EJ74),"")) | E74: =IF(ISNUMBER(EI74),INDIRECT("SamplesX!E"&EI74),IF(ISNUMBER(EJ74),INDIRECT("SamplesY!E"&EJ74),"")) | F74: =IF(ISNUMBER(EI74),INDIRECT("SamplesX!F"&EI74),IF(ISNUMBER(EJ74),INDIRECT("SamplesY!F"&EJ74),"")) | G74: =IF(ISNUMBER(EI74),INDIRECT("SamplesX!G"&EI74),IF(ISNUMBER(EJ74),INDIRECT("SamplesY!G"&EJ74),"")) | H74: =IF(ISNUMBER(EI74),INDIRECT("SamplesX!H"&EI74),IF(ISNUMBER(EJ74),INDIRECT("SamplesY!H"&EJ74),"")) | M74: None | P74: Shimadzu TOC-L | Q74: None | T74: Shimadzu TOC-L | U74: None | Y74: None | AB74: IC Anionen | AC74: None | AG74: None | AK74: None | AO74: None | AR74: IC Anionen | AS74: None | AV74: IC Kationen | AW74: None | BA74: None | BD74: IC Kationen | BE74: None | BH74: IC Kationen | BI74: None | BL74: IC Kationen | BM74: None | BQ74: None | BU74: None | BY74: None | CC74: None | CF74: Titration | CG74: None | CK74: None | CO74: None | CR74: WTW Multimeter 3430 with FDO 925 | CS74: None | CV74: HACH 2100AN IS Turbidimeter | CW74: None | CZ74: OxiTop | DA74: None | DD74: SOP 45-16 | DE74: None | DH74: SOP 45-16 | DI74: None | DL74: Flow Cytometry (SG) | DM74: None | DP74: Flow Cytometry (SG/PI) | DQ74: None | DT74: Luminometer | DU74: None | DX74: Nanodrop2000 | DY74: None | EB74: Retsch AS200 control | EC74: None | EF74: =CONCATENATE(A74,B74) | EG74: =CONCATENATE(SamplesX!A74,SamplesX!B74) | EH74: =CONCATENATE(SamplesY!A74,SamplesY!B74) | EI74: =MATCH(EF74,EG1:EG1008,0) | EJ74: =MATCH(EF74,EH1:EH1008,0)
C75: =IF(ISNUMBER(EI75),INDIRECT("SamplesX!C"&EI75),IF(ISNUMBER(EJ75),INDIRECT("SamplesY!C"&EJ75),"")) | D75: =IF(ISNUMBER(EI75),INDIRECT("SamplesX!D"&EI75),IF(ISNUMBER(EJ75),INDIRECT("SamplesY!D"&EJ75),"")) | E75: =IF(ISNUMBER(EI75),INDIRECT("SamplesX!E"&EI75),IF(ISNUMBER(EJ75),INDIRECT("SamplesY!E"&EJ75),"")) | F75: =IF(ISNUMBER(EI75),INDIRECT("SamplesX!F"&EI75),IF(ISNUMBER(EJ75),INDIRECT("SamplesY!F"&EJ75),"")) | G75: =IF(ISNUMBER(EI75),INDIRECT("SamplesX!G"&EI75),IF(ISNUMBER(EJ75),INDIRECT("SamplesY!G"&EJ75),"")) | H75: =IF(ISNUMBER(EI75),INDIRECT("SamplesX!H"&EI75),IF(ISNUMBER(EJ75),INDIRECT("SamplesY!H"&EJ75),"")) | M75: None | P75: Shimadzu TOC-L | Q75: None | T75: Shimadzu TOC-L | U75: None | Y75: None | AB75: IC Anionen | AC75: None | AG75: None | AK75: None | AO75: None | AR75: IC Anionen | AS75: None | AV75: IC Kationen | AW75: None | BA75: None | BD75: IC Kationen | BE75: None | BH75: IC Kationen | BI75: None | BL75: IC Kationen | BM75: None | BQ75: None | BU75: None | BY75: None | CC75: None | CF75: Titration | CG75: None | CK75: None | CO75: None | CR75: WTW Multimeter 3430 with FDO 925 | CS75: None | CV75: HACH 2100AN IS Turbidimeter | CW75: None | CZ75: OxiTop | DA75: None | DD75: SOP 45-16 | DE75: None | DH75: SOP 45-16 | DI75: None | DL75: Flow Cytometry (SG) | DM75: None | DP75: Flow Cytometry (SG/PI) | DQ75: None | DT75: Luminometer | DU75: None | DX75: Nanodrop2000 | DY75: None | EB75: Retsch AS200 control | EC75: None | EF75: =CONCATENATE(A75,B75) | EG75: =CONCATENATE(SamplesX!A75,SamplesX!B75) | EH75: =CONCATENATE(SamplesY!A75,SamplesY!B75) | EI75: =MATCH(EF75,EG1:EG1008,0) | EJ75: =MATCH(EF75,EH1:EH1008,0)
C76: =IF(ISNUMBER(EI76),INDIRECT("SamplesX!C"&EI76),IF(ISNUMBER(EJ76),INDIRECT("SamplesY!C"&EJ76),"")) | D76: =IF(ISNUMBER(EI76),INDIRECT("SamplesX!D"&EI76),IF(ISNUMBER(EJ76),INDIRECT("SamplesY!D"&EJ76),"")) | E76: =IF(ISNUMBER(EI76),INDIRECT("SamplesX!E"&EI76),IF(ISNUMBER(EJ76),INDIRECT("SamplesY!E"&EJ76),"")) | F76: =IF(ISNUMBER(EI76),INDIRECT("SamplesX!F"&EI76),IF(ISNUMBER(EJ76),INDIRECT("SamplesY!F"&EJ76),"")) | G76: =IF(ISNUMBER(EI76),INDIRECT("SamplesX!G"&EI76),IF(ISNUMBER(EJ76),INDIRECT("SamplesY!G"&EJ76),"")) | H76: =IF(ISNUMBER(EI76),INDIRECT("SamplesX!H"&EI76),IF(ISNUMBER(EJ76),INDIRECT("SamplesY!H"&EJ76),"")) | M76: None | P76: Shimadzu TOC-L | Q76: None | T76: Shimadzu TOC-L | U76: None | Y76: None | AB76: IC Anionen | AC76: None | AG76: None | AK76: None | AO76: None | AR76: IC Anionen | AS76: None | AV76: IC Kationen | AW76: None | BA76: None | BD76: IC Kationen | BE76: None | BH76: IC Kationen | BI76: None | BL76: IC Kationen | BM76: None | BQ76: None | BU76: None | BY76: None | CC76: None | CF76: Titration | CG76: None | CK76: None | CO76: None | CR76: WTW Multimeter 3430 with FDO 925 | CS76: None | CV76: HACH 2100AN IS Turbidimeter | CW76: None | CZ76: OxiTop | DA76: None | DD76: SOP 45-16 | DE76: None | DH76: SOP 45-16 | DI76: None | DL76: Flow Cytometry (SG) | DM76: None | DP76: Flow Cytometry (SG/PI) | DQ76: None | DT76: Luminometer | DU76: None | DX76: Nanodrop2000 | DY76: None | EB76: Retsch AS200 control | EC76: None | EF76: =CONCATENATE(A76,B76) | EG76: =CONCATENATE(SamplesX!A76,SamplesX!B76) | EH76: =CONCATENATE(SamplesY!A76,SamplesY!B76) | EI76: =MATCH(EF76,EG1:EG1008,0) | EJ76: =MATCH(EF76,EH1:EH1008,0)
C77: =IF(ISNUMBER(EI77),INDIRECT("SamplesX!C"&EI77),IF(ISNUMBER(EJ77),INDIRECT("SamplesY!C"&EJ77),"")) | D77: =IF(ISNUMBER(EI77),INDIRECT("SamplesX!D"&EI77),IF(ISNUMBER(EJ77),INDIRECT("SamplesY!D"&EJ77),"")) | E77: =IF(ISNUMBER(EI77),INDIRECT("SamplesX!E"&EI77),IF(ISNUMBER(EJ77),INDIRECT("SamplesY!E"&EJ77),"")) | F77: =IF(ISNUMBER(EI77),INDIRECT("SamplesX!F"&EI77),IF(ISNUMBER(EJ77),INDIRECT("SamplesY!F"&EJ77),"")) | G77: =IF(ISNUMBER(EI77),INDIRECT("SamplesX!G"&EI77),IF(ISNUMBER(EJ77),INDIRECT("SamplesY!G"&EJ77),"")) | H77: =IF(ISNUMBER(EI77),INDIRECT("SamplesX!H"&EI77),IF(ISNUMBER(EJ77),INDIRECT("SamplesY!H"&EJ77),"")) | M77: None | P77: Shimadzu TOC-L | Q77: None | T77: Shimadzu TOC-L | U77: None | Y77: None | AB77: IC Anionen | AC77: None | AG77: None | AK77: None | AO77: None | AR77: IC Anionen | AS77: None | AV77: IC Kationen | AW77: None | BA77: None | BD77: IC Kationen | BE77: None | BH77: IC Kationen | BI77: None | BL77: IC Kationen | BM77: None | BQ77: None | BU77: None | BY77: None | CC77: None | CF77: Titration | CG77: None | CK77: None | CO77: None | CR77: WTW Multimeter 3430 with FDO 925 | CS77: None | CV77: HACH 2100AN IS Turbidimeter | CW77: None | CZ77: OxiTop | DA77: None | DD77: SOP 45-16 | DE77: None | DH77: SOP 45-16 | DI77: None | DL77: Flow Cytometry (SG) | DM77: None | DP77: Flow Cytometry (SG/PI) | DQ77: None | DT77: Luminometer | DU77: None | DX77: Nanodrop2000 | DY77: None | EB77: Retsch AS200 control | EC77: None | EF77: =CONCATENATE(A77,B77) | EG77: =CONCATENATE(SamplesX!A77,SamplesX!B77) | EH77: =CONCATENATE(SamplesY!A77,SamplesY!B77) | EI77: =MATCH(EF77,EG1:EG1008,0) | EJ77: =MATCH(EF77,EH1:EH1008,0)
C78: =IF(ISNUMBER(EI78),INDIRECT("SamplesX!C"&EI78),IF(ISNUMBER(EJ78),INDIRECT("SamplesY!C"&EJ78),"")) | D78: =IF(ISNUMBER(EI78),INDIRECT("SamplesX!D"&EI78),IF(ISNUMBER(EJ78),INDIRECT("SamplesY!D"&EJ78),"")) | E78: =IF(ISNUMBER(EI78),INDIRECT("SamplesX!E"&EI78),IF(ISNUMBER(EJ78),INDIRECT("SamplesY!E"&EJ78),"")) | F78: =IF(ISNUMBER(EI78),INDIRECT("SamplesX!F"&EI78),IF(ISNUMBER(EJ78),INDIRECT("SamplesY!F"&EJ78),"")) | G78: =IF(ISNUMBER(EI78),INDIRECT("SamplesX!G"&EI78),IF(ISNUMBER(EJ78),INDIRECT("SamplesY!G"&EJ78),"")) | H78: =IF(ISNUMBER(EI78),INDIRECT("SamplesX!H"&EI78),IF(ISNUMBER(EJ78),INDIRECT("SamplesY!H"&EJ78),"")) | M78: None | P78: Shimadzu TOC-L | Q78: None | T78: Shimadzu TOC-L | U78: None | Y78: None | AB78: IC Anionen | AC78: None | AG78: None | AK78: None | AO78: None | AR78: IC Anionen | AS78: None | AV78: IC Kationen | AW78: None | BA78: None | BD78: IC Kationen | BE78: None | BH78: IC Kationen | BI78: None | BL78: IC Kationen | BM78: None | BQ78: None | BU78: None | BY78: None | CC78: None | CF78: Titration | CG78: None | CK78: None | CO78: None | CR78: WTW Multimeter 3430 with FDO 925 | CS78: None | CV78: HACH 2100AN IS Turbidimeter | CW78: None | CZ78: OxiTop | DA78: None | DD78: SOP 45-16 | DE78: None | DH78: SOP 45-16 | DI78: None | DL78: Flow Cytometry (SG) | DM78: None | DP78: Flow Cytometry (SG/PI) | DQ78: None | DT78: Luminometer | DU78: None | DX78: Nanodrop2000 | DY78: None | EB78: Retsch AS200 control | EC78: None | EF78: =CONCATENATE(A78,B78) | EG78: =CONCATENATE(SamplesX!A78,SamplesX!B78) | EH78: =CONCATENATE(SamplesY!A78,SamplesY!B78) | EI78: =MATCH(EF78,EG1:EG1008,0) | EJ78: =MATCH(EF78,EH1:EH1008,0)
C79: =IF(ISNUMBER(EI79),INDIRECT("SamplesX!C"&EI79),IF(ISNUMBER(EJ79),INDIRECT("SamplesY!C"&EJ79),"")) | D79: =IF(ISNUMBER(EI79),INDIRECT("SamplesX!D"&EI79),IF(ISNUMBER(EJ79),INDIRECT("SamplesY!D"&EJ79),"")) | E79: =IF(ISNUMBER(EI79),INDIRECT("SamplesX!E"&EI79),IF(ISNUMBER(EJ79),INDIRECT("SamplesY!E"&EJ79),"")) | F79: =IF(ISNUMBER(EI79),INDIRECT("SamplesX!F"&EI79),IF(ISNUMBER(EJ79),INDIRECT("SamplesY!F"&EJ79),"")) | G79: =IF(ISNUMBER(EI79),INDIRECT("SamplesX!G"&EI79),IF(ISNUMBER(EJ79),INDIRECT("SamplesY!G"&EJ79),"")) | H79: =IF(ISNUMBER(EI79),INDIRECT("SamplesX!H"&EI79),IF(ISNUMBER(EJ79),INDIRECT("SamplesY!H"&EJ79),"")) | M79: None | P79: Shimadzu TOC-L | Q79: None | T79: Shimadzu TOC-L | U79: None | Y79: None | AB79: IC Anionen | AC79: None | AG79: None | AK79: None | AO79: None | AR79: IC Anionen | AS79: None | AV79: IC Kationen | AW79: None | BA79: None | BD79: IC Kationen | BE79: None | BH79: IC Kationen | BI79: None | BL79: IC Kationen | BM79: None | BQ79: None | BU79: None | BY79: None | CC79: None | CF79: Titration | CG79: None | CK79: None | CO79: None | CR79: WTW Multimeter 3430 with FDO 925 | CS79: None | CV79: HACH 2100AN IS Turbidimeter | CW79: None | CZ79: OxiTop | DA79: None | DD79: SOP 45-16 | DE79: None | DH79: SOP 45-16 | DI79: None | DL79: Flow Cytometry (SG) | DM79: None | DP79: Flow Cytometry (SG/PI) | DQ79: None | DT79: Luminometer | DU79: None | DX79: Nanodrop2000 | DY79: None | EB79: Retsch AS200 control | EC79: None | EF79: =CONCATENATE(A79,B79) | EG79: =CONCATENATE(SamplesX!A79,SamplesX!B79) | EH79: =CONCATENATE(SamplesY!A79,SamplesY!B79) | EI79: =MATCH(EF79,EG1:EG1008,0) | EJ79: =MATCH(EF79,EH1:EH1008,0)
C80: =IF(ISNUMBER(EI80),INDIRECT("SamplesX!C"&EI80),IF(ISNUMBER(EJ80),INDIRECT("SamplesY!C"&EJ80),"")) | D80: =IF(ISNUMBER(EI80),INDIRECT("SamplesX!D"&EI80),IF(ISNUMBER(EJ80),INDIRECT("SamplesY!D"&EJ80),"")) | E80: =IF(ISNUMBER(EI80),INDIRECT("SamplesX!E"&EI80),IF(ISNUMBER(EJ80),INDIRECT("SamplesY!E"&EJ80),"")) | F80: =IF(ISNUMBER(EI80),INDIRECT("SamplesX!F"&EI80),IF(ISNUMBER(EJ80),INDIRECT("SamplesY!F"&EJ80),"")) | G80: =IF(ISNUMBER(EI80),INDIRECT("SamplesX!G"&EI80),IF(ISNUMBER(EJ80),INDIRECT("SamplesY!G"&EJ80),"")) | H80: =IF(ISNUMBER(EI80),INDIRECT("SamplesX!H"&EI80),IF(ISNUMBER(EJ80),INDIRECT("SamplesY!H"&EJ80),"")) | M80: None | P80: Shimadzu TOC-L | Q80: None | T80: Shimadzu TOC-L | U80: None | Y80: None | AB80: IC Anionen | AC80: None | AG80: None | AK80: None | AO80: None | AR80: IC Anionen | AS80: None | AV80: IC Kationen | AW80: None | BA80: None | BD80: IC Kationen | BE80: None | BH80: IC Kationen | BI80: None | BL80: IC Kationen | BM80: None | BQ80: None | BU80: None | BY80: None | CC80: None | CF80: Titration | CG80: None | CK80: None | CO80: None | CR80: WTW Multimeter 3430 with FDO 925 | CS80: None | CV80: HACH 2100AN IS Turbidimeter | CW80: None | CZ80: OxiTop | DA80: None | DD80: SOP 45-16 | DE80: None | DH80: SOP 45-16 | DI80: None | DL80: Flow Cytometry (SG) | DM80: None | DP80: Flow Cytometry (SG/PI) | DQ80: None | DT80: Luminometer | DU80: None | DX80: Nanodrop2000 | DY80: None | EB80: Retsch AS200 control | EC80: None | EF80: =CONCATENATE(A80,B80) | EG80: =CONCATENATE(SamplesX!A80,SamplesX!B80) | EH80: =CONCATENATE(SamplesY!A80,SamplesY!B80) | EI80: =MATCH(EF80,EG1:EG1008,0) | EJ80: =MATCH(EF80,EH1:EH1008,0)
C81: =IF(ISNUMBER(EI81),INDIRECT("SamplesX!C"&EI81),IF(ISNUMBER(EJ81),INDIRECT("SamplesY!C"&EJ81),"")) | D81: =IF(ISNUMBER(EI81),INDIRECT("SamplesX!D"&EI81),IF(ISNUMBER(EJ81),INDIRECT("SamplesY!D"&EJ81),"")) | E81: =IF(ISNUMBER(EI81),INDIRECT("SamplesX!E"&EI81),IF(ISNUMBER(EJ81),INDIRECT("SamplesY!E"&EJ81),"")) | F81: =IF(ISNUMBER(EI81),INDIRECT("SamplesX!F"&EI81),IF(ISNUMBER(EJ81),INDIRECT("SamplesY!F"&EJ81),"")) | G81: =IF(ISNUMBER(EI81),INDIRECT("SamplesX!G"&EI81),IF(ISNUMBER(EJ81),INDIRECT("SamplesY!G"&EJ81),"")) | H81: =IF(ISNUMBER(EI81),INDIRECT("SamplesX!H"&EI81),IF(ISNUMBER(EJ81),INDIRECT("SamplesY!H"&EJ81),"")) | M81: None | P81: Shimadzu TOC-L | Q81: None | T81: Shimadzu TOC-L | U81: None | Y81: None | AB81: IC Anionen | AC81: None | AG81: None | AK81: None | AO81: None | AR81: IC Anionen | AS81: None | AV81: IC Kationen | AW81: None | BA81: None | BD81: IC Kationen | BE81: None | BH81: IC Kationen | BI81: None | BL81: IC Kationen | BM81: None | BQ81: None | BU81: None | BY81: None | CC81: None | CF81: Titration | CG81: None | CK81: None | CO81: None | CR81: WTW Multimeter 3430 with FDO 925 | CS81: None | CV81: HACH 2100AN IS Turbidimeter | CW81: None | CZ81: OxiTop | DA81: None | DD81: SOP 45-16 | DE81: None | DH81: SOP 45-16 | DI81: None | DL81: Flow Cytometry (SG) | DM81: None | DP81: Flow Cytometry (SG/PI) | DQ81: None | DT81: Luminometer | DU81: None | DX81: Nanodrop2000 | DY81: None | EB81: Retsch AS200 control | EC81: None | EF81: =CONCATENATE(A81,B81) | EG81: =CONCATENATE(SamplesX!A81,SamplesX!B81) | EH81: =CONCATENATE(SamplesY!A81,SamplesY!B81) | EI81: =MATCH(EF81,EG1:EG1008,0) | EJ81: =MATCH(EF81,EH1:EH1008,0)
C82: =IF(ISNUMBER(EI82),INDIRECT("SamplesX!C"&EI82),IF(ISNUMBER(EJ82),INDIRECT("SamplesY!C"&EJ82),"")) | D82: =IF(ISNUMBER(EI82),INDIRECT("SamplesX!D"&EI82),IF(ISNUMBER(EJ82),INDIRECT("SamplesY!D"&EJ82),"")) | E82: =IF(ISNUMBER(EI82),INDIRECT("SamplesX!E"&EI82),IF(ISNUMBER(EJ82),INDIRECT("SamplesY!E"&EJ82),"")) | F82: =IF(ISNUMBER(EI82),INDIRECT("SamplesX!F"&EI82),IF(ISNUMBER(EJ82),INDIRECT("SamplesY!F"&EJ82),"")) | G82: =IF(ISNUMBER(EI82),INDIRECT("SamplesX!G"&EI82),IF(ISNUMBER(EJ82),INDIRECT("SamplesY!G"&EJ82),"")) | H82: =IF(ISNUMBER(EI82),INDIRECT("SamplesX!H"&EI82),IF(ISNUMBER(EJ82),INDIRECT("SamplesY!H"&EJ82),"")) | M82: None | P82: Shimadzu TOC-L | Q82: None | T82: Shimadzu TOC-L | U82: None | Y82: None | AB82: IC Anionen | AC82: None | AG82: None | AK82: None | AO82: None | AR82: IC Anionen | AS82: None | AV82: IC Kationen | AW82: None | BA82: None | BD82: IC Kationen | BE82: None | BH82: IC Kationen | BI82: None | BL82: IC Kationen | BM82: None | BQ82: None | BU82: None | BY82: None | CC82: None | CF82: Titration | CG82: None | CK82: None | CO82: None | CR82: WTW Multimeter 3430 with FDO 925 | CS82: None | CV82: HACH 2100AN IS Turbidimeter | CW82: None | CZ82: OxiTop | DA82: None | DD82: SOP 45-16 | DE82: None | DH82: SOP 45-16 | DI82: None | DL82: Flow Cytometry (SG) | DM82: None | DP82: Flow Cytometry (SG/PI) | DQ82: None | DT82: Luminometer | DU82: None | DX82: Nanodrop2000 | DY82: None | EB82: Retsch AS200 control | EC82: None | EF82: =CONCATENATE(A82,B82) | EG82: =CONCATENATE(SamplesX!A82,SamplesX!B82) | EH82: =CONCATENATE(SamplesY!A82,SamplesY!B82) | EI82: =MATCH(EF82,EG1:EG1008,0) | EJ82: =MATCH(EF82,EH1:EH1008,0)
C83: =IF(ISNUMBER(EI83),INDIRECT("SamplesX!C"&EI83),IF(ISNUMBER(EJ83),INDIRECT("SamplesY!C"&EJ83),"")) | D83: =IF(ISNUMBER(EI83),INDIRECT("SamplesX!D"&EI83),IF(ISNUMBER(EJ83),INDIRECT("SamplesY!D"&EJ83),"")) | E83: =IF(ISNUMBER(EI83),INDIRECT("SamplesX!E"&EI83),IF(ISNUMBER(EJ83),INDIRECT("SamplesY!E"&EJ83),"")) | F83: =IF(ISNUMBER(EI83),INDIRECT("SamplesX!F"&EI83),IF(ISNUMBER(EJ83),INDIRECT("SamplesY!F"&EJ83),"")) | G83: =IF(ISNUMBER(EI83),INDIRECT("SamplesX!G"&EI83),IF(ISNUMBER(EJ83),INDIRECT("SamplesY!G"&EJ83),"")) | H83: =IF(ISNUMBER(EI83),INDIRECT("SamplesX!H"&EI83),IF(ISNUMBER(EJ83),INDIRECT("SamplesY!H"&EJ83),"")) | M83: None | P83: Shimadzu TOC-L | Q83: None | T83: Shimadzu TOC-L | U83: None | Y83: None | AB83: IC Anionen | AC83: None | AG83: None | AK83: None | AO83: None | AR83: IC Anionen | AS83: None | AV83: IC Kationen | AW83: None | BA83: None | BD83: IC Kationen | BE83: None | BH83: IC Kationen | BI83: None | BL83: IC Kationen | BM83: None | BQ83: None | BU83: None | BY83: None | CC83: None | CF83: Titration | CG83: None | CK83: None | CO83: None | CR83: WTW Multimeter 3430 with FDO 925 | CS83: None | CV83: HACH 2100AN IS Turbidimeter | CW83: None | CZ83: OxiTop | DA83: None | DD83: SOP 45-16 | DE83: None | DH83: SOP 45-16 | DI83: None | DL83: Flow Cytometry (SG) | DM83: None | DP83: Flow Cytometry (SG/PI) | DQ83: None | DT83: Luminometer | DU83: None | DX83: Nanodrop2000 | DY83: None | EB83: Retsch AS200 control | EC83: None | EF83: =CONCATENATE(A83,B83) | EG83: =CONCATENATE(SamplesX!A83,SamplesX!B83) | EH83: =CONCATENATE(SamplesY!A83,SamplesY!B83) | EI83: =MATCH(EF83,EG1:EG1008,0) | EJ83: =MATCH(EF83,EH1:EH1008,0)
C84: =IF(ISNUMBER(EI84),INDIRECT("SamplesX!C"&EI84),IF(ISNUMBER(EJ84),INDIRECT("SamplesY!C"&EJ84),"")) | D84: =IF(ISNUMBER(EI84),INDIRECT("SamplesX!D"&EI84),IF(ISNUMBER(EJ84),INDIRECT("SamplesY!D"&EJ84),"")) | E84: =IF(ISNUMBER(EI84),INDIRECT("SamplesX!E"&EI84),IF(ISNUMBER(EJ84),INDIRECT("SamplesY!E"&EJ84),"")) | F84: =IF(ISNUMBER(EI84),INDIRECT("SamplesX!F"&EI84),IF(ISNUMBER(EJ84),INDIRECT("SamplesY!F"&EJ84),"")) | G84: =IF(ISNUMBER(EI84),INDIRECT("SamplesX!G"&EI84),IF(ISNUMBER(EJ84),INDIRECT("SamplesY!G"&EJ84),"")) | H84: =IF(ISNUMBER(EI84),INDIRECT("SamplesX!H"&EI84),IF(ISNUMBER(EJ84),INDIRECT("SamplesY!H"&EJ84),"")) | M84: None | P84: Shimadzu TOC-L | Q84: None | T84: Shimadzu TOC-L | U84: None | Y84: None | AB84: IC Anionen | AC84: None | AG84: None | AK84: None | AO84: None | AR84: IC Anionen | AS84: None | AV84: IC Kationen | AW84: None | BA84: None | BD84: IC Kationen | BE84: None | BH84: IC Kationen | BI84: None | BL84: IC Kationen | BM84: None | BQ84: None | BU84: None | BY84: None | CC84: None | CF84: Titration | CG84: None | CK84: None | CO84: None | CR84: WTW Multimeter 3430 with FDO 925 | CS84: None | CV84: HACH 2100AN IS Turbidimeter | CW84: None | CZ84: OxiTop | DA84: None | DD84: SOP 45-16 | DE84: None | DH84: SOP 45-16 | DI84: None | DL84: Flow Cytometry (SG) | DM84: None | DP84: Flow Cytometry (SG/PI) | DQ84: None | DT84: Luminometer | DU84: None | DX84: Nanodrop2000 | DY84: None | EB84: Retsch AS200 control | EC84: None | EF84: =CONCATENATE(A84,B84) | EG84: =CONCATENATE(SamplesX!A84,SamplesX!B84) | EH84: =CONCATENATE(SamplesY!A84,SamplesY!B84) | EI84: =MATCH(EF84,EG1:EG1008,0) | EJ84: =MATCH(EF84,EH1:EH1008,0)
C85: =IF(ISNUMBER(EI85),INDIRECT("SamplesX!C"&EI85),IF(ISNUMBER(EJ85),INDIRECT("SamplesY!C"&EJ85),"")) | D85: =IF(ISNUMBER(EI85),INDIRECT("SamplesX!D"&EI85),IF(ISNUMBER(EJ85),INDIRECT("SamplesY!D"&EJ85),"")) | E85: =IF(ISNUMBER(EI85),INDIRECT("SamplesX!E"&EI85),IF(ISNUMBER(EJ85),INDIRECT("SamplesY!E"&EJ85),"")) | F85: =IF(ISNUMBER(EI85),INDIRECT("SamplesX!F"&EI85),IF(ISNUMBER(EJ85),INDIRECT("SamplesY!F"&EJ85),"")) | G85: =IF(ISNUMBER(EI85),INDIRECT("SamplesX!G"&EI85),IF(ISNUMBER(EJ85),INDIRECT("SamplesY!G"&EJ85),"")) | H85: =IF(ISNUMBER(EI85),INDIRECT("SamplesX!H"&EI85),IF(ISNUMBER(EJ85),INDIRECT("SamplesY!H"&EJ85),"")) | M85: None | P85: Shimadzu TOC-L | Q85: None | T85: Shimadzu TOC-L | U85: None | Y85: None | AB85: IC Anionen | AC85: None | AG85: None | AK85: None | AO85: None | AR85: IC Anionen | AS85: None | AV85: IC Kationen | AW85: None | BA85: None | BD85: IC Kationen | BE85: None | BH85: IC Kationen | BI85: None | BL85: IC Kationen | BM85: None | BQ85: None | BU85: None | BY85: None | CC85: None | CF85: Titration | CG85: None | CK85: None | CO85: None | CR85: WTW Multimeter 3430 with FDO 925 | CS85: None | CV85: HACH 2100AN IS Turbidimeter | CW85: None | CZ85: OxiTop | DA85: None | DD85: SOP 45-16 | DE85: None | DH85: SOP 45-16 | DI85: None | DL85: Flow Cytometry (SG) | DM85: None | DP85: Flow Cytometry (SG/PI) | DQ85: None | DT85: Luminometer | DU85: None | DX85: Nanodrop2000 | DY85: None | EB85: Retsch AS200 control | EC85: None | EF85: =CONCATENATE(A85,B85) | EG85: =CONCATENATE(SamplesX!A85,SamplesX!B85) | EH85: =CONCATENATE(SamplesY!A85,SamplesY!B85) | EI85: =MATCH(EF85,EG1:EG1008,0) | EJ85: =MATCH(EF85,EH1:EH1008,0)
C86: =IF(ISNUMBER(EI86),INDIRECT("SamplesX!C"&EI86),IF(ISNUMBER(EJ86),INDIRECT("SamplesY!C"&EJ86),"")) | D86: =IF(ISNUMBER(EI86),INDIRECT("SamplesX!D"&EI86),IF(ISNUMBER(EJ86),INDIRECT("SamplesY!D"&EJ86),"")) | E86: =IF(ISNUMBER(EI86),INDIRECT("SamplesX!E"&EI86),IF(ISNUMBER(EJ86),INDIRECT("SamplesY!E"&EJ86),"")) | F86: =IF(ISNUMBER(EI86),INDIRECT("SamplesX!F"&EI86),IF(ISNUMBER(EJ86),INDIRECT("SamplesY!F"&EJ86),"")) | G86: =IF(ISNUMBER(EI86),INDIRECT("SamplesX!G"&EI86),IF(ISNUMBER(EJ86),INDIRECT("SamplesY!G"&EJ86),"")) | H86: =IF(ISNUMBER(EI86),INDIRECT("SamplesX!H"&EI86),IF(ISNUMBER(EJ86),INDIRECT("SamplesY!H"&EJ86),"")) | M86: None | P86: Shimadzu TOC-L | Q86: None | T86: Shimadzu TOC-L | U86: None | Y86: None | AB86: IC Anionen | AC86: None | AG86: None | AK86: None | AO86: None | AR86: IC Anionen | AS86: None | AV86: IC Kationen | AW86: None | BA86: None | BD86: IC Kationen | BE86: None | BH86: IC Kationen | BI86: None | BL86: IC Kationen | BM86: None | BQ86: None | BU86: None | BY86: None | CC86: None | CF86: Titration | CG86: None | CK86: None | CO86: None | CR86: WTW Multimeter 3430 with FDO 925 | CS86: None | CV86: HACH 2100AN IS Turbidimeter | CW86: None | CZ86: OxiTop | DA86: None | DD86: SOP 45-16 | DE86: None | DH86: SOP 45-16 | DI86: None | DL86: Flow Cytometry (SG) | DM86: None | DP86: Flow Cytometry (SG/PI) | DQ86: None | DT86: Luminometer | DU86: None | DX86: Nanodrop2000 | DY86: None | EB86: Retsch AS200 control | EC86: None | EF86: =CONCATENATE(A86,B86) | EG86: =CONCATENATE(SamplesX!A86,SamplesX!B86) | EH86: =CONCATENATE(SamplesY!A86,SamplesY!B86) | EI86: =MATCH(EF86,EG1:EG1008,0) | EJ86: =MATCH(EF86,EH1:EH1008,0)
C87: =IF(ISNUMBER(EI87),INDIRECT("SamplesX!C"&EI87),IF(ISNUMBER(EJ87),INDIRECT("SamplesY!C"&EJ87),"")) | D87: =IF(ISNUMBER(EI87),INDIRECT("SamplesX!D"&EI87),IF(ISNUMBER(EJ87),INDIRECT("SamplesY!D"&EJ87),"")) | E87: =IF(ISNUMBER(EI87),INDIRECT("SamplesX!E"&EI87),IF(ISNUMBER(EJ87),INDIRECT("SamplesY!E"&EJ87),"")) | F87: =IF(ISNUMBER(EI87),INDIRECT("SamplesX!F"&EI87),IF(ISNUMBER(EJ87),INDIRECT("SamplesY!F"&EJ87),"")) | G87: =IF(ISNUMBER(EI87),INDIRECT("SamplesX!G"&EI87),IF(ISNUMBER(EJ87),INDIRECT("SamplesY!G"&EJ87),"")) | H87: =IF(ISNUMBER(EI87),INDIRECT("SamplesX!H"&EI87),IF(ISNUMBER(EJ87),INDIRECT("SamplesY!H"&EJ87),"")) | M87: None | P87: Shimadzu TOC-L | Q87: None | T87: Shimadzu TOC-L | U87: None | Y87: None | AB87: IC Anionen | AC87: None | AG87: None | AK87: None | AO87: None | AR87: IC Anionen | AS87: None | AV87: IC Kationen | AW87: None | BA87: None | BD87: IC Kationen | BE87: None | BH87: IC Kationen | BI87: None | BL87: IC Kationen | BM87: None | BQ87: None | BU87: None | BY87: None | CC87: None | CF87: Titration | CG87: None | CK87: None | CO87: None | CR87: WTW Multimeter 3430 with FDO 925 | CS87: None | CV87: HACH 2100AN IS Turbidimeter | CW87: None | CZ87: OxiTop | DA87: None | DD87: SOP 45-16 | DE87: None | DH87: SOP 45-16 | DI87: None | DL87: Flow Cytometry (SG) | DM87: None | DP87: Flow Cytometry (SG/PI) | DQ87: None | DT87: Luminometer | DU87: None | DX87: Nanodrop2000 | DY87: None | EB87: Retsch AS200 control | EC87: None | EF87: =CONCATENATE(A87,B87) | EG87: =CONCATENATE(SamplesX!A87,SamplesX!B87) | EH87: =CONCATENATE(SamplesY!A87,SamplesY!B87) | EI87: =MATCH(EF87,EG1:EG1008,0) | EJ87: =MATCH(EF87,EH1:EH1008,0)
C88: =IF(ISNUMBER(EI88),INDIRECT("SamplesX!C"&EI88),IF(ISNUMBER(EJ88),INDIRECT("SamplesY!C"&EJ88),"")) | D88: =IF(ISNUMBER(EI88),INDIRECT("SamplesX!D"&EI88),IF(ISNUMBER(EJ88),INDIRECT("SamplesY!D"&EJ88),"")) | E88: =IF(ISNUMBER(EI88),INDIRECT("SamplesX!E"&EI88),IF(ISNUMBER(EJ88),INDIRECT("SamplesY!E"&EJ88),"")) | F88: =IF(ISNUMBER(EI88),INDIRECT("SamplesX!F"&EI88),IF(ISNUMBER(EJ88),INDIRECT("SamplesY!F"&EJ88),"")) | G88: =IF(ISNUMBER(EI88),INDIRECT("SamplesX!G"&EI88),IF(ISNUMBER(EJ88),INDIRECT("SamplesY!G"&EJ88),"")) | H88: =IF(ISNUMBER(EI88),INDIRECT("SamplesX!H"&EI88),IF(ISNUMBER(EJ88),INDIRECT("SamplesY!H"&EJ88),"")) | M88: None | P88: Shimadzu TOC-L | Q88: None | T88: Shimadzu TOC-L | U88: None | Y88: None | AB88: IC Anionen | AC88: None | AG88: None | AK88: None | AO88: None | AR88: IC Anionen | AS88: None | AV88: IC Kationen | AW88: None | BA88: None | BD88: IC Kationen | BE88: None | BH88: IC Kationen | BI88: None | BL88: IC Kationen | BM88: None | BQ88: None | BU88: None | BY88: None | CC88: None | CF88: Titration | CG88: None | CK88: None | CO88: None | CR88: WTW Multimeter 3430 with FDO 925 | CS88: None | CV88: HACH 2100AN IS Turbidimeter | CW88: None | CZ88: OxiTop | DA88: None | DD88: SOP 45-16 | DE88: None | DH88: SOP 45-16 | DI88: None | DL88: Flow Cytometry (SG) | DM88: None | DP88: Flow Cytometry (SG/PI) | DQ88: None | DT88: Luminometer | DU88: None | DX88: Nanodrop2000 | DY88: None | EB88: Retsch AS200 control | EC88: None | EF88: =CONCATENATE(A88,B88) | EG88: =CONCATENATE(SamplesX!A88,SamplesX!B88) | EH88: =CONCATENATE(SamplesY!A88,SamplesY!B88) | EI88: =MATCH(EF88,EG1:EG1008,0) | EJ88: =MATCH(EF88,EH1:EH1008,0)
C89: =IF(ISNUMBER(EI89),INDIRECT("SamplesX!C"&EI89),IF(ISNUMBER(EJ89),INDIRECT("SamplesY!C"&EJ89),"")) | D89: =IF(ISNUMBER(EI89),INDIRECT("SamplesX!D"&EI89),IF(ISNUMBER(EJ89),INDIRECT("SamplesY!D"&EJ89),"")) | E89: =IF(ISNUMBER(EI89),INDIRECT("SamplesX!E"&EI89),IF(ISNUMBER(EJ89),INDIRECT("SamplesY!E"&EJ89),"")) | F89: =IF(ISNUMBER(EI89),INDIRECT("SamplesX!F"&EI89),IF(ISNUMBER(EJ89),INDIRECT("SamplesY!F"&EJ89),"")) | G89: =IF(ISNUMBER(EI89),INDIRECT("SamplesX!G"&EI89),IF(ISNUMBER(EJ89),INDIRECT("SamplesY!G"&EJ89),"")) | H89: =IF(ISNUMBER(EI89),INDIRECT("SamplesX!H"&EI89),IF(ISNUMBER(EJ89),INDIRECT("SamplesY!H"&EJ89),"")) | M89: None | P89: Shimadzu TOC-L | Q89: None | T89: Shimadzu TOC-L | U89: None | Y89: None | AB89: IC Anionen | AC89: None | AG89: None | AK89: None | AO89: None | AR89: IC Anionen | AS89: None | AV89: IC Kationen | AW89: None | BA89: None | BD89: IC Kationen | BE89: None | BH89: IC Kationen | BI89: None | BL89: IC Kationen | BM89: None | BQ89: None | BU89: None | BY89: None | CC89: None | CF89: Titration | CG89: None | CK89: None | CO89: None | CR89: WTW Multimeter 3430 with FDO 925 | CS89: None | CV89: HACH 2100AN IS Turbidimeter | CW89: None | CZ89: OxiTop | DA89: None | DD89: SOP 45-16 | DE89: None | DH89: SOP 45-16 | DI89: None | DL89: Flow Cytometry (SG) | DM89: None | DP89: Flow Cytometry (SG/PI) | DQ89: None | DT89: Luminometer | DU89: None | DX89: Nanodrop2000 | DY89: None | EB89: Retsch AS200 control | EC89: None | EF89: =CONCATENATE(A89,B89) | EG89: =CONCATENATE(SamplesX!A89,SamplesX!B89) | EH89: =CONCATENATE(SamplesY!A89,SamplesY!B89) | EI89: =MATCH(EF89,EG1:EG1008,0) | EJ89: =MATCH(EF89,EH1:EH1008,0)
C90: =IF(ISNUMBER(EI90),INDIRECT("SamplesX!C"&EI90),IF(ISNUMBER(EJ90),INDIRECT("SamplesY!C"&EJ90),"")) | D90: =IF(ISNUMBER(EI90),INDIRECT("SamplesX!D"&EI90),IF(ISNUMBER(EJ90),INDIRECT("SamplesY!D"&EJ90),"")) | E90: =IF(ISNUMBER(EI90),INDIRECT("SamplesX!E"&EI90),IF(ISNUMBER(EJ90),INDIRECT("SamplesY!E"&EJ90),"")) | F90: =IF(ISNUMBER(EI90),INDIRECT("SamplesX!F"&EI90),IF(ISNUMBER(EJ90),INDIRECT("SamplesY!F"&EJ90),"")) | G90: =IF(ISNUMBER(EI90),INDIRECT("SamplesX!G"&EI90),IF(ISNUMBER(EJ90),INDIRECT("SamplesY!G"&EJ90),"")) | H90: =IF(ISNUMBER(EI90),INDIRECT("SamplesX!H"&EI90),IF(ISNUMBER(EJ90),INDIRECT("SamplesY!H"&EJ90),"")) | M90: None | P90: Shimadzu TOC-L | Q90: None | T90: Shimadzu TOC-L | U90: None | Y90: None | AB90: IC Anionen | AC90: None | AG90: None | AK90: None | AO90: None | AR90: IC Anionen | AS90: None | AV90: IC Kationen | AW90: None | BA90: None | BD90: IC Kationen | BE90: None | BH90: IC Kationen | BI90: None | BL90: IC Kationen | BM90: None | BQ90: None | BU90: None | BY90: None | CC90: None | CF90: Titration | CG90: None | CK90: None | CO90: None | CR90: WTW Multimeter 3430 with FDO 925 | CS90: None | CV90: HACH 2100AN IS Turbidimeter | CW90: None | CZ90: OxiTop | DA90: None | DD90: SOP 45-16 | DE90: None | DH90: SOP 45-16 | DI90: None | DL90: Flow Cytometry (SG) | DM90: None | DP90: Flow Cytometry (SG/PI) | DQ90: None | DT90: Luminometer | DU90: None | DX90: Nanodrop2000 | DY90: None | EB90: Retsch AS200 control | EC90: None | EF90: =CONCATENATE(A90,B90) | EG90: =CONCATENATE(SamplesX!A90,SamplesX!B90) | EH90: =CONCATENATE(SamplesY!A90,SamplesY!B90) | EI90: =MATCH(EF90,EG1:EG1008,0) | EJ90: =MATCH(EF90,EH1:EH1008,0)
C91: =IF(ISNUMBER(EI91),INDIRECT("SamplesX!C"&EI91),IF(ISNUMBER(EJ91),INDIRECT("SamplesY!C"&EJ91),"")) | D91: =IF(ISNUMBER(EI91),INDIRECT("SamplesX!D"&EI91),IF(ISNUMBER(EJ91),INDIRECT("SamplesY!D"&EJ91),"")) | E91: =IF(ISNUMBER(EI91),INDIRECT("SamplesX!E"&EI91),IF(ISNUMBER(EJ91),INDIRECT("SamplesY!E"&EJ91),"")) | F91: =IF(ISNUMBER(EI91),INDIRECT("SamplesX!F"&EI91),IF(ISNUMBER(EJ91),INDIRECT("SamplesY!F"&EJ91),"")) | G91: =IF(ISNUMBER(EI91),INDIRECT("SamplesX!G"&EI91),IF(ISNUMBER(EJ91),INDIRECT("SamplesY!G"&EJ91),"")) | H91: =IF(ISNUMBER(EI91),INDIRECT("SamplesX!H"&EI91),IF(ISNUMBER(EJ91),INDIRECT("SamplesY!H"&EJ91),"")) | M91: None | P91: Shimadzu TOC-L | Q91: None | T91: Shimadzu TOC-L | U91: None | Y91: None | AB91: IC Anionen | AC91: None | AG91: None | AK91: None | AO91: None | AR91: IC Anionen | AS91: None | AV91: IC Kationen | AW91: None | BA91: None | BD91: IC Kationen | BE91: None | BH91: IC Kationen | BI91: None | BL91: IC Kationen | BM91: None | BQ91: None | BU91: None | BY91: None | CC91: None | CF91: Titration | CG91: None | CK91: None | CO91: None | CR91: WTW Multimeter 3430 with FDO 925 | CS91: None | CV91: HACH 2100AN IS Turbidimeter | CW91: None | CZ91: OxiTop | DA91: None | DD91: SOP 45-16 | DE91: None | DH91: SOP 45-16 | DI91: None | DL91: Flow Cytometry (SG) | DM91: None | DP91: Flow Cytometry (SG/PI) | DQ91: None | DT91: Luminometer | DU91: None | DX91: Nanodrop2000 | DY91: None | EB91: Retsch AS200 control | EC91: None | EF91: =CONCATENATE(A91,B91) | EG91: =CONCATENATE(SamplesX!A91,SamplesX!B91) | EH91: =CONCATENATE(SamplesY!A91,SamplesY!B91) | EI91: =MATCH(EF91,EG1:EG1008,0) | EJ91: =MATCH(EF91,EH1:EH1008,0)
C92: =IF(ISNUMBER(EI92),INDIRECT("SamplesX!C"&EI92),IF(ISNUMBER(EJ92),INDIRECT("SamplesY!C"&EJ92),"")) | D92: =IF(ISNUMBER(EI92),INDIRECT("SamplesX!D"&EI92),IF(ISNUMBER(EJ92),INDIRECT("SamplesY!D"&EJ92),"")) | E92: =IF(ISNUMBER(EI92),INDIRECT("SamplesX!E"&EI92),IF(ISNUMBER(EJ92),INDIRECT("SamplesY!E"&EJ92),"")) | F92: =IF(ISNUMBER(EI92),INDIRECT("SamplesX!F"&EI92),IF(ISNUMBER(EJ92),INDIRECT("SamplesY!F"&EJ92),"")) | G92: =IF(ISNUMBER(EI92),INDIRECT("SamplesX!G"&EI92),IF(ISNUMBER(EJ92),INDIRECT("SamplesY!G"&EJ92),"")) | H92: =IF(ISNUMBER(EI92),INDIRECT("SamplesX!H"&EI92),IF(ISNUMBER(EJ92),INDIRECT("SamplesY!H"&EJ92),"")) | M92: None | P92: Shimadzu TOC-L | Q92: None | T92: Shimadzu TOC-L | U92: None | Y92: None | AB92: IC Anionen | AC92: None | AG92: None | AK92: None | AO92: None | AR92: IC Anionen | AS92: None | AV92: IC Kationen | AW92: None | BA92: None | BD92: IC Kationen | BE92: None | BH92: IC Kationen | BI92: None | BL92: IC Kationen | BM92: None | BQ92: None | BU92: None | BY92: None | CC92: None | CF92: Titration | CG92: None | CK92: None | CO92: None | CR92: WTW Multimeter 3430 with FDO 925 | CS92: None | CV92: HACH 2100AN IS Turbidimeter | CW92: None | CZ92: OxiTop | DA92: None | DD92: SOP 45-16 | DE92: None | DH92: SOP 45-16 | DI92: None | DL92: Flow Cytometry (SG) | DM92: None | DP92: Flow Cytometry (SG/PI) | DQ92: None | DT92: Luminometer | DU92: None | DX92: Nanodrop2000 | DY92: None | EB92: Retsch AS200 control | EC92: None | EF92: =CONCATENATE(A92,B92) | EG92: =CONCATENATE(SamplesX!A92,SamplesX!B92) | EH92: =CONCATENATE(SamplesY!A92,SamplesY!B92) | EI92: =MATCH(EF92,EG1:EG1008,0) | EJ92: =MATCH(EF92,EH1:EH1008,0)
C93: =IF(ISNUMBER(EI93),INDIRECT("SamplesX!C"&EI93),IF(ISNUMBER(EJ93),INDIRECT("SamplesY!C"&EJ93),"")) | D93: =IF(ISNUMBER(EI93),INDIRECT("SamplesX!D"&EI93),IF(ISNUMBER(EJ93),INDIRECT("SamplesY!D"&EJ93),"")) | E93: =IF(ISNUMBER(EI93),INDIRECT("SamplesX!E"&EI93),IF(ISNUMBER(EJ93),INDIRECT("SamplesY!E"&EJ93),"")) | F93: =IF(ISNUMBER(EI93),INDIRECT("SamplesX!F"&EI93),IF(ISNUMBER(EJ93),INDIRECT("SamplesY!F"&EJ93),"")) | G93: =IF(ISNUMBER(EI93),INDIRECT("SamplesX!G"&EI93),IF(ISNUMBER(EJ93),INDIRECT("SamplesY!G"&EJ93),"")) | H93: =IF(ISNUMBER(EI93),INDIRECT("SamplesX!H"&EI93),IF(ISNUMBER(EJ93),INDIRECT("SamplesY!H"&EJ93),"")) | M93: None | P93: Shimadzu TOC-L | Q93: None | T93: Shimadzu TOC-L | U93: None | Y93: None | AB93: IC Anionen | AC93: None | AG93: None | AK93: None | AO93: None | AR93: IC Anionen | AS93: None | AV93: IC Kationen | AW93: None | BA93: None | BD93: IC Kationen | BE93: None | BH93: IC Kationen | BI93: None | BL93: IC Kationen | BM93: None | BQ93: None | BU93: None | BY93: None | CC93: None | CF93: Titration | CG93: None | CK93: None | CO93: None | CR93: WTW Multimeter 3430 with FDO 925 | CS93: None | CV93: HACH 2100AN IS Turbidimeter | CW93: None | CZ93: OxiTop | DA93: None | DD93: SOP 45-16 | DE93: None | DH93: SOP 45-16 | DI93: None | DL93: Flow Cytometry (SG) | DM93: None | DP93: Flow Cytometry (SG/PI) | DQ93: None | DT93: Luminometer | DU93: None | DX93: Nanodrop2000 | DY93: None | EB93: Retsch AS200 control | EC93: None | EF93: =CONCATENATE(A93,B93) | EG93: =CONCATENATE(SamplesX!A93,SamplesX!B93) | EH93: =CONCATENATE(SamplesY!A93,SamplesY!B93) | EI93: =MATCH(EF93,EG1:EG1008,0) | EJ93: =MATCH(EF93,EH1:EH1008,0)
C94: =IF(ISNUMBER(EI94),INDIRECT("SamplesX!C"&EI94),IF(ISNUMBER(EJ94),INDIRECT("SamplesY!C"&EJ94),"")) | D94: =IF(ISNUMBER(EI94),INDIRECT("SamplesX!D"&EI94),IF(ISNUMBER(EJ94),INDIRECT("SamplesY!D"&EJ94),"")) | E94: =IF(ISNUMBER(EI94),INDIRECT("SamplesX!E"&EI94),IF(ISNUMBER(EJ94),INDIRECT("SamplesY!E"&EJ94),"")) | F94: =IF(ISNUMBER(EI94),INDIRECT("SamplesX!F"&EI94),IF(ISNUMBER(EJ94),INDIRECT("SamplesY!F"&EJ94),"")) | G94: =IF(ISNUMBER(EI94),INDIRECT("SamplesX!G"&EI94),IF(ISNUMBER(EJ94),INDIRECT("SamplesY!G"&EJ94),"")) | H94: =IF(ISNUMBER(EI94),INDIRECT("SamplesX!H"&EI94),IF(ISNUMBER(EJ94),INDIRECT("SamplesY!H"&EJ94),"")) | M94: None | P94: Shimadzu TOC-L | Q94: None | T94: Shimadzu TOC-L | U94: None | Y94: None | AB94: IC Anionen | AC94: None | AG94: None | AK94: None | AO94: None | AR94: IC Anionen | AS94: None | AV94: IC Kationen | AW94: None | BA94: None | BD94: IC Kationen | BE94: None | BH94: IC Kationen | BI94: None | BL94: IC Kationen | BM94: None | BQ94: None | BU94: None | BY94: None | CC94: None | CF94: Titration | CG94: None | CK94: None | CO94: None | CR94: WTW Multimeter 3430 with FDO 925 | CS94: None | CV94: HACH 2100AN IS Turbidimeter | CW94: None | CZ94: OxiTop | DA94: None | DD94: SOP 45-16 | DE94: None | DH94: SOP 45-16 | DI94: None | DL94: Flow Cytometry (SG) | DM94: None | DP94: Flow Cytometry (SG/PI) | DQ94: None | DT94: Luminometer | DU94: None | DX94: Nanodrop2000 | DY94: None | EB94: Retsch AS200 control | EC94: None | EF94: =CONCATENATE(A94,B94) | EG94: =CONCATENATE(SamplesX!A94,SamplesX!B94) | EH94: =CONCATENATE(SamplesY!A94,SamplesY!B94) | EI94: =MATCH(EF94,EG1:EG1008,0) | EJ94: =MATCH(EF94,EH1:EH1008,0)
C95: =IF(ISNUMBER(EI95),INDIRECT("SamplesX!C"&EI95),IF(ISNUMBER(EJ95),INDIRECT("SamplesY!C"&EJ95),"")) | D95: =IF(ISNUMBER(EI95),INDIRECT("SamplesX!D"&EI95),IF(ISNUMBER(EJ95),INDIRECT("SamplesY!D"&EJ95),"")) | E95: =IF(ISNUMBER(EI95),INDIRECT("SamplesX!E"&EI95),IF(ISNUMBER(EJ95),INDIRECT("SamplesY!E"&EJ95),"")) | F95: =IF(ISNUMBER(EI95),INDIRECT("SamplesX!F"&EI95),IF(ISNUMBER(EJ95),INDIRECT("SamplesY!F"&EJ95),"")) | G95: =IF(ISNUMBER(EI95),INDIRECT("SamplesX!G"&EI95),IF(ISNUMBER(EJ95),INDIRECT("SamplesY!G"&EJ95),"")) | H95: =IF(ISNUMBER(EI95),INDIRECT("SamplesX!H"&EI95),IF(ISNUMBER(EJ95),INDIRECT("SamplesY!H"&EJ95),"")) | M95: None | P95: Shimadzu TOC-L | Q95: None | T95: Shimadzu TOC-L | U95: None | Y95: None | AB95: IC Anionen | AC95: None | AG95: None | AK95: None | AO95: None | AR95: IC Anionen | AS95: None | AV95: IC Kationen | AW95: None | BA95: None | BD95: IC Kationen | BE95: None | BH95: IC Kationen | BI95: None | BL95: IC Kationen | BM95: None | BQ95: None | BU95: None | BY95: None | CC95: None | CF95: Titration | CG95: None | CK95: None | CO95: None | CR95: WTW Multimeter 3430 with FDO 925 | CS95: None | CV95: HACH 2100AN IS Turbidimeter | CW95: None | CZ95: OxiTop | DA95: None | DD95: SOP 45-16 | DE95: None | DH95: SOP 45-16 | DI95: None | DL95: Flow Cytometry (SG) | DM95: None | DP95: Flow Cytometry (SG/PI) | DQ95: None | DT95: Luminometer | DU95: None | DX95: Nanodrop2000 | DY95: None | EB95: Retsch AS200 control | EC95: None | EF95: =CONCATENATE(A95,B95) | EG95: =CONCATENATE(SamplesX!A95,SamplesX!B95) | EH95: =CONCATENATE(SamplesY!A95,SamplesY!B95) | EI95: =MATCH(EF95,EG1:EG1008,0) | EJ95: =MATCH(EF95,EH1:EH1008,0)
C96: =IF(ISNUMBER(EI96),INDIRECT("SamplesX!C"&EI96),IF(ISNUMBER(EJ96),INDIRECT("SamplesY!C"&EJ96),"")) | D96: =IF(ISNUMBER(EI96),INDIRECT("SamplesX!D"&EI96),IF(ISNUMBER(EJ96),INDIRECT("SamplesY!D"&EJ96),"")) | E96: =IF(ISNUMBER(EI96),INDIRECT("SamplesX!E"&EI96),IF(ISNUMBER(EJ96),INDIRECT("SamplesY!E"&EJ96),"")) | F96: =IF(ISNUMBER(EI96),INDIRECT("SamplesX!F"&EI96),IF(ISNUMBER(EJ96),INDIRECT("SamplesY!F"&EJ96),"")) | G96: =IF(ISNUMBER(EI96),INDIRECT("SamplesX!G"&EI96),IF(ISNUMBER(EJ96),INDIRECT("SamplesY!G"&EJ96),"")) | H96: =IF(ISNUMBER(EI96),INDIRECT("SamplesX!H"&EI96),IF(ISNUMBER(EJ96),INDIRECT("SamplesY!H"&EJ96),"")) | M96: None | P96: Shimadzu TOC-L | Q96: None | T96: Shimadzu TOC-L | U96: None | Y96: None | AB96: IC Anionen | AC96: None | AG96: None | AK96: None | AO96: None | AR96: IC Anionen | AS96: None | AV96: IC Kationen | AW96: None | BA96: None | BD96: IC Kationen | BE96: None | BH96: IC Kationen | BI96: None | BL96: IC Kationen | BM96: None | BQ96: None | BU96: None | BY96: None | CC96: None | CF96: Titration | CG96: None | CK96: None | CO96: None | CR96: WTW Multimeter 3430 with FDO 925 | CS96: None | CV96: HACH 2100AN IS Turbidimeter | CW96: None | CZ96: OxiTop | DA96: None | DD96: SOP 45-16 | DE96: None | DH96: SOP 45-16 | DI96: None | DL96: Flow Cytometry (SG) | DM96: None | DP96: Flow Cytometry (SG/PI) | DQ96: None | DT96: Luminometer | DU96: None | DX96: Nanodrop2000 | DY96: None | EB96: Retsch AS200 control | EC96: None | EF96: =CONCATENATE(A96,B96) | EG96: =CONCATENATE(SamplesX!A96,SamplesX!B96) | EH96: =CONCATENATE(SamplesY!A96,SamplesY!B96) | EI96: =MATCH(EF96,EG1:EG1008,0) | EJ96: =MATCH(EF96,EH1:EH1008,0)
C97: =IF(ISNUMBER(EI97),INDIRECT("SamplesX!C"&EI97),IF(ISNUMBER(EJ97),INDIRECT("SamplesY!C"&EJ97),"")) | D97: =IF(ISNUMBER(EI97),INDIRECT("SamplesX!D"&EI97),IF(ISNUMBER(EJ97),INDIRECT("SamplesY!D"&EJ97),"")) | E97: =IF(ISNUMBER(EI97),INDIRECT("SamplesX!E"&EI97),IF(ISNUMBER(EJ97),INDIRECT("SamplesY!E"&EJ97),"")) | F97: =IF(ISNUMBER(EI97),INDIRECT("SamplesX!F"&EI97),IF(ISNUMBER(EJ97),INDIRECT("SamplesY!F"&EJ97),"")) | G97: =IF(ISNUMBER(EI97),INDIRECT("SamplesX!G"&EI97),IF(ISNUMBER(EJ97),INDIRECT("SamplesY!G"&EJ97),"")) | H97: =IF(ISNUMBER(EI97),INDIRECT("SamplesX!H"&EI97),IF(ISNUMBER(EJ97),INDIRECT("SamplesY!H"&EJ97),"")) | M97: None | P97: Shimadzu TOC-L | Q97: None | T97: Shimadzu TOC-L | U97: None | Y97: None | AB97: IC Anionen | AC97: None | AG97: None | AK97: None | AO97: None | AR97: IC Anionen | AS97: None | AV97: IC Kationen | AW97: None | BA97: None | BD97: IC Kationen | BE97: None | BH97: IC Kationen | BI97: None | BL97: IC Kationen | BM97: None | BQ97: None | BU97: None | BY97: None | CC97: None | CF97: Titration | CG97: None | CK97: None | CO97: None | CR97: WTW Multimeter 3430 with FDO 925 | CS97: None | CV97: HACH 2100AN IS Turbidimeter | CW97: None | CZ97: OxiTop | DA97: None | DD97: SOP 45-16 | DE97: None | DH97: SOP 45-16 | DI97: None | DL97: Flow Cytometry (SG) | DM97: None | DP97: Flow Cytometry (SG/PI) | DQ97: None | DT97: Luminometer | DU97: None | DX97: Nanodrop2000 | DY97: None | EB97: Retsch AS200 control | EC97: None | EF97: =CONCATENATE(A97,B97) | EG97: =CONCATENATE(SamplesX!A97,SamplesX!B97) | EH97: =CONCATENATE(SamplesY!A97,SamplesY!B97) | EI97: =MATCH(EF97,EG1:EG1008,0) | EJ97: =MATCH(EF97,EH1:EH1008,0)
C98: =IF(ISNUMBER(EI98),INDIRECT("SamplesX!C"&EI98),IF(ISNUMBER(EJ98),INDIRECT("SamplesY!C"&EJ98),"")) | D98: =IF(ISNUMBER(EI98),INDIRECT("SamplesX!D"&EI98),IF(ISNUMBER(EJ98),INDIRECT("SamplesY!D"&EJ98),"")) | E98: =IF(ISNUMBER(EI98),INDIRECT("SamplesX!E"&EI98),IF(ISNUMBER(EJ98),INDIRECT("SamplesY!E"&EJ98),"")) | F98: =IF(ISNUMBER(EI98),INDIRECT("SamplesX!F"&EI98),IF(ISNUMBER(EJ98),INDIRECT("SamplesY!F"&EJ98),"")) | G98: =IF(ISNUMBER(EI98),INDIRECT("SamplesX!G"&EI98),IF(ISNUMBER(EJ98),INDIRECT("SamplesY!G"&EJ98),"")) | H98: =IF(ISNUMBER(EI98),INDIRECT("SamplesX!H"&EI98),IF(ISNUMBER(EJ98),INDIRECT("SamplesY!H"&EJ98),"")) | M98: None | P98: Shimadzu TOC-L | Q98: None | T98: Shimadzu TOC-L | U98: None | Y98: None | AB98: IC Anionen | AC98: None | AG98: None | AK98: None | AO98: None | AR98: IC Anionen | AS98: None | AV98: IC Kationen | AW98: None | BA98: None | BD98: IC Kationen | BE98: None | BH98: IC Kationen | BI98: None | BL98: IC Kationen | BM98: None | BQ98: None | BU98: None | BY98: None | CC98: None | CF98: Titration | CG98: None | CK98: None | CO98: None | CR98: WTW Multimeter 3430 with FDO 925 | CS98: None | CV98: HACH 2100AN IS Turbidimeter | CW98: None | CZ98: OxiTop | DA98: None | DD98: SOP 45-16 | DE98: None | DH98: SOP 45-16 | DI98: None | DL98: Flow Cytometry (SG) | DM98: None | DP98: Flow Cytometry (SG/PI) | DQ98: None | DT98: Luminometer | DU98: None | DX98: Nanodrop2000 | DY98: None | EB98: Retsch AS200 control | EC98: None | EF98: =CONCATENATE(A98,B98) | EG98: =CONCATENATE(SamplesX!A98,SamplesX!B98) | EH98: =CONCATENATE(SamplesY!A98,SamplesY!B98) | EI98: =MATCH(EF98,EG1:EG1008,0) | EJ98: =MATCH(EF98,EH1:EH1008,0)
C99: =IF(ISNUMBER(EI99),INDIRECT("SamplesX!C"&EI99),IF(ISNUMBER(EJ99),INDIRECT("SamplesY!C"&EJ99),"")) | D99: =IF(ISNUMBER(EI99),INDIRECT("SamplesX!D"&EI99),IF(ISNUMBER(EJ99),INDIRECT("SamplesY!D"&EJ99),"")) | E99: =IF(ISNUMBER(EI99),INDIRECT("SamplesX!E"&EI99),IF(ISNUMBER(EJ99),INDIRECT("SamplesY!E"&EJ99),"")) | F99: =IF(ISNUMBER(EI99),INDIRECT("SamplesX!F"&EI99),IF(ISNUMBER(EJ99),INDIRECT("SamplesY!F"&EJ99),"")) | G99: =IF(ISNUMBER(EI99),INDIRECT("SamplesX!G"&EI99),IF(ISNUMBER(EJ99),INDIRECT("SamplesY!G"&EJ99),"")) | H99: =IF(ISNUMBER(EI99),INDIRECT("SamplesX!H"&EI99),IF(ISNUMBER(EJ99),INDIRECT("SamplesY!H"&EJ99),"")) | M99: None | P99: Shimadzu TOC-L | Q99: None | T99: Shimadzu TOC-L | U99: None | Y99: None | AB99: IC Anionen | AC99: None | AG99: None | AK99: None | AO99: None | AR99: IC Anionen | AS99: None | AV99: IC Kationen | AW99: None | BA99: None | BD99: IC Kationen | BE99: None | BH99: IC Kationen | BI99: None | BL99: IC Kationen | BM99: None | BQ99: None | BU99: None | BY99: None | CC99: None | CF99: Titration | CG99: None | CK99: None | CO99: None | CR99: WTW Multimeter 3430 with FDO 925 | CS99: None | CV99: HACH 2100AN IS Turbidimeter | CW99: None | CZ99: OxiTop | DA99: None | DD99: SOP 45-16 | DE99: None | DH99: SOP 45-16 | DI99: None | DL99: Flow Cytometry (SG) | DM99: None | DP99: Flow Cytometry (SG/PI) | DQ99: None | DT99: Luminometer | DU99: None | DX99: Nanodrop2000 | DY99: None | EB99: Retsch AS200 control | EC99: None | EF99: =CONCATENATE(A99,B99) | EG99: =CONCATENATE(SamplesX!A99,SamplesX!B99) | EH99: =CONCATENATE(SamplesY!A99,SamplesY!B99) | EI99: =MATCH(EF99,EG1:EG1008,0) | EJ99: =MATCH(EF99,EH1:EH1008,0)
C100: =IF(ISNUMBER(EI100),INDIRECT("SamplesX!C"&EI100),IF(ISNUMBER(EJ100),INDIRECT("SamplesY!C"&EJ100),"")) | D100: =IF(ISNUMBER(EI100),INDIRECT("SamplesX!D"&EI100),IF(ISNUMBER(EJ100),INDIRECT("SamplesY!D"&EJ100),"")) | E100: =IF(ISNUMBER(EI100),INDIRECT("SamplesX!E"&EI100),IF(ISNUMBER(EJ100),INDIRECT("SamplesY!E"&EJ100),"")) | F100: =IF(ISNUMBER(EI100),INDIRECT("SamplesX!F"&EI100),IF(ISNUMBER(EJ100),INDIRECT("SamplesY!F"&EJ100),"")) | G100: =IF(ISNUMBER(EI100),INDIRECT("SamplesX!G"&EI100),IF(ISNUMBER(EJ100),INDIRECT("SamplesY!G"&EJ100),"")) | H100: =IF(ISNUMBER(EI100),INDIRECT("SamplesX!H"&EI100),IF(ISNUMBER(EJ100),INDIRECT("SamplesY!H"&EJ100),"")) | M100: None | P100: Shimadzu TOC-L | Q100: None | T100: Shimadzu TOC-L | U100: None | Y100: None | AB100: IC Anionen | AC100: None | AG100: None | AK100: None | AO100: None | AR100: IC Anionen | AS100: None | AV100: IC Kationen | AW100: None | BA100: None | BD100: IC Kationen | BE100: None | BH100: IC Kationen | BI100: None | BL100: IC Kationen | BM100: None | BQ100: None | BU100: None | BY100: None | CC100: None | CF100: Titration | CG100: None | CK100: None | CO100: None | CR100: WTW Multimeter 3430 with FDO 925 | CS100: None | CV100: HACH 2100AN IS Turbidimeter | CW100: None | CZ100: OxiTop | DA100: None | DD100: SOP 45-16 | DE100: None | DH100: SOP 45-16 | DI100: None | DL100: Flow Cytometry (SG) | DM100: None | DP100: Flow Cytometry (SG/PI) | DQ100: None | DT100: Luminometer | DU100: None | DX100: Nanodrop2000 | DY100: None | EB100: Retsch AS200 control | EC100: None | EF100: =CONCATENATE(A100,B100) | EG100: =CONCATENATE(SamplesX!A100,SamplesX!B100) | EH100: =CONCATENATE(SamplesY!A100,SamplesY!B100) | EI100: =MATCH(EF100,EG1:EG1008,0) | EJ100: =MATCH(EF100,EH1:EH1008,0)
...

Sheet SamplesX
A1: =IF(ISBLANK('C:\code\laboratoryspreadsheet\labspreadsheet\demo\remote_central\[LabSamples2019.xlsx]Hob'!A1)," ",'C:\code\laboratoryspreadsheet\labspreadsheet\demo\remote_central\[LabSamples2019.xlsx]Hob'!A1) | B1: =IF(ISBLANK('C:\code\laboratoryspreadsheet\labspreadsheet\demo\remote_central\[LabSamples2019.xlsx]Hob'!B1)," ",'C:\code\laboratoryspreadsheet\labspreadsheet\demo\remote_central\[LabSamples2019.xlsx]Hob'!B1) | C1: =IF(ISBLANK('C:\code\laboratoryspreadsheet\labspreadsheet\demo\remote_central\[LabSamples2019.xlsx]Hob'!C1)," ",'C:\code\laboratoryspreadsheet\labspreadsheet\demo\remote_central\[LabSamples2019.xlsx]Hob'!C1) | D1: =IF(ISBLANK('C:\code\laboratoryspreadsheet\labspreadsheet\demo\remote_central\[LabSamples2019.xlsx]Hob'!D1)," ",'C:\code\laboratoryspreadsheet\labspreadsheet\demo\remote_central\[LabSamples2019.xlsx]Hob'!D1) | E1: =IF(ISBLANK('C:\code\laboratoryspreadsheet\labspreadsheet\demo\remote_central\[LabSamples2019.xlsx]Hob'!E1)," ",'C:\code\laboratoryspreadsheet\labspreadsheet\demo\remote_central\[LabSamples2019.xlsx]Hob'!E1) | F1: =IF(ISBLANK('C:\code\laboratoryspreadsheet\labspreadsheet\demo\remote_central\[LabSamples2019.xlsx]Hob'!F1)," ",'C:\code\laboratoryspreadsheet\labspreadsheet\demo\remote_central\[LabSamples2019.xlsx]Hob'!F1) | G1: =IF(ISBLANK('C:\code\laboratoryspreadsheet\labspreadsheet\demo\remote_central\[LabSamples2019.xlsx]Hob'!G1)," ",'C:\code\laboratoryspreadsheet\labspreadsheet\demo\remote_central\[LabSamples2019.xlsx]Hob'!G1) | H1: =IF(ISBLANK('C:\code\laboratoryspreadsheet\labspreadsheet\demo\remote_central\[LabSamples2019.xlsx]Hob'!H1)," ",'C:\code\laboratoryspreadsheet\labspreadsheet\demo\remote_central\[LabSamples2019.xlsx]Hob'!H1)
A2: =IF(ISBLANK('C:\code\laboratoryspreadsheet\labspreadsheet\demo\remote_central\[LabSamples2019.xlsx]Hob'!A2)," ",'C:\code\laboratoryspreadsheet\labspreadsheet\demo\remote_central\[LabSamples2019.xlsx]Hob'!A2) | B2: =IF(ISBLANK('C:\code\laboratoryspreadsheet\labspreadsheet\demo\remote_central\[LabSamples2019.xlsx]Hob'!B2)," ",'C:\code\laboratoryspreadsheet\labspreadsheet\demo\remote_central\[LabSamples2019.xlsx]Hob'!B2) | C2: =IF(ISBLANK('C:\code\laboratoryspreadsheet\labspreadsheet\demo\remote_central\[LabSamples2019.xlsx]Hob'!C2)," ",'C:\code\laboratoryspreadsheet\labspreadsheet\demo\remote_central\[LabSamples2019.xlsx]Hob'!C2) | D2: =IF(ISBLANK('C:\code\laboratoryspreadsheet\labspreadsheet\demo\remote_central\[LabSamples2019.xlsx]Hob'!D2)," ",'C:\code\laboratoryspreadsheet\labspreadsheet\demo\remote_central\[LabSamples2019.xlsx]Hob'!D2) | E2: =IF(ISBLANK('C:\code\laboratoryspreadsheet\labspreadsheet\demo\remote_central\[LabSamples2019.xlsx]Hob'!E2)," ",'C:\code\laboratoryspreadsheet\labspreadsheet\demo\remote_central\[LabSamples2019.xlsx]Hob'!E2) | F2: =IF(ISBLANK('C:\code\laboratoryspreadsheet\labspreadsheet\demo\remote_central\[LabSamples2019.xlsx]Hob'!F2)," ",'C:\code\laboratoryspreadsheet\labspreadsheet\demo\remote_central\[LabSamples2019.xlsx]Hob'!F2) | G2: =IF(ISBLANK('C:\code\laboratoryspreadsheet\labspreadsheet\demo\remote_central\[LabSamples2019.xlsx]Hob'!G2)," ",'C:\code\laboratoryspreadsheet\labspreadsheet\demo\remote_central\[LabSamples2019.xlsx]Hob'!G2) | H2: =IF(ISBLANK('C:\code\laboratoryspreadsheet\labspreadsheet\demo\remote_central\[LabSamples2019.xlsx]Hob'!H2)," ",'C:\code\laboratoryspreadsheet\labspreadsheet\demo\remote_central\[LabSamples2019.xlsx]Hob'!H2)
A3: =IF(ISBLANK('C:\code\laboratoryspreadsheet\labspreadsheet\demo\remote_central\[LabSamples2019.xlsx]Hob'!A3)," ",'C:\code\laboratoryspreadsheet\labspreadsheet\demo\remote_central\[LabSamples2019.xlsx]Hob'!A3) | B3: =IF(ISBLANK('C:\code\laboratoryspreadsheet\labspreadsheet\demo\remote_central\[LabSamples2019.xlsx]Hob'!B3)," ",'C:\code\laboratoryspreadsheet\labspreadsheet\demo\remote_central\[LabSamples2019.xlsx]Hob'!B3) | C3: =IF(ISBLANK('C:\code\laboratoryspreadsheet\labspreadsheet\demo\remote_central\[LabSamples2019.xlsx]Hob'!C3)," ",'C:\code\laboratoryspreadsheet\labspreadsheet\demo\remote_central\[LabSamples2019.xlsx]Hob'!C3) | D3: =IF(ISBLANK('C:\code\laboratoryspreadsheet\labspreadsheet\demo\remote_central\[LabSamples2019.xlsx]Hob'!D3)," ",'C:\code\laboratoryspreadsheet\labspreadsheet\demo\remote_central\[LabSamples2019.xlsx]Hob'!D3) | E3: =IF(ISBLANK('C:\code\laboratoryspreadsheet\labspreadsheet\demo\remote_central\[LabSamples2019.xlsx]Hob'!E3)," ",'C:\code\laboratoryspreadsheet\labspreadsheet\demo\remote_central\[LabSamples2019.xlsx]Hob'!E3) | F3: =IF(ISBLANK('C:\code\laboratoryspreadsheet\labspreadsheet\demo\remote_central\[LabSamples2019.xlsx]Hob'!F3)," ",'C:\code\laboratoryspreadsheet\labspreadsheet\demo\remote_central\[LabSamples2019.xlsx]Hob'!F3) | G3: =IF(ISBLANK('C:\code\laboratoryspreadsheet\labspreadsheet\demo\remote_central\[LabSamples2019.xlsx]Hob'!G3)," ",'C:\code\laboratoryspreadsheet\labspreadsheet\demo\remote_central\[LabSamples2019.xlsx]Hob'!G3) | H3: =IF(ISBLANK('C:\code\laboratoryspreadsheet\labspreadsheet\demo\remote_central\[LabSamples2019.xlsx]Hob'!H3)," ",'C:\code\laboratoryspreadsheet\labspreadsheet\demo\remote_central\[LabSamples2019.xlsx]Hob'!H3)
A4: =IF(ISBLANK('C:\code\laboratoryspreadsheet\labspreadsheet\demo\remote_central\[LabSamples2019.xlsx]Hob'!A4)," ",'C:\code\laboratoryspreadsheet\labspreadsheet\demo\remote_central\[LabSamples2019.xlsx]Hob'!A4) | B4: =IF(ISBLANK('C:\code\laboratoryspreadsheet\labspreadsheet\demo\remote_central\[LabSamples2019.xlsx]Hob'!B4)," ",'C:\code\laboratoryspreadsheet\labspreadsheet\demo\remote_central\[LabSamples2019.xlsx]Hob'!B4) | C4: =IF(ISBLANK('C:\code\laboratoryspreadsheet\labspreadsheet\demo\remote_central\[LabSamples2019.xlsx]Hob'!C4)," ",'C:\code\laboratoryspreadsheet\labspreadsheet\demo\remote_central\[LabSamples2019.xlsx]Hob'!C4) | D4: =IF(ISBLANK('C:\code\laboratoryspreadsheet\labspreadsheet\demo\remote_central\[LabSamples2019.xlsx]Hob'!D4)," ",'C:\code\laboratoryspreadsheet\labspreadsheet\demo\remote_central\[LabSamples2019.xlsx]Hob'!D4) | E4: =IF(ISBLANK('C:\code\laboratoryspreadsheet\labspreadsheet\demo\remote_central\[LabSamples2019.xlsx]Hob'!E4)," ",'C:\code\laboratoryspreadsheet\labspreadsheet\demo\remote_central\[LabSamples2019.xlsx]Hob'!E4) | F4: =IF(ISBLANK('C:\code\laboratoryspreadsheet\labspreadsheet\demo\remote_central\[LabSamples2019.xlsx]Hob'!F4)," ",'C:\code\laboratoryspreadsheet\labspreadsheet\demo\remote_central\[LabSamples2019.xlsx]Hob'!F4) | G4: =IF(ISBLANK('C:\code\laboratoryspreadsheet\labspreadsheet\demo\remote_central\[LabSamples2019.xlsx]Hob'!G4)," ",'C:\code\laboratoryspreadsheet\labspreadsheet\demo\remote_central\[LabSamples2019.xlsx]Hob'!G4) | H4: =IF(ISBLANK('C:\code\laboratoryspreadsheet\labspreadsheet\demo\remote_central\[LabSamples2019.xlsx]Hob'!H4)," ",'C:\code\laboratoryspreadsheet\labspreadsheet\demo\remote_central\[LabSamples2019.xlsx]Hob'!H4)
A5: =IF(ISBLANK('C:\code\laboratoryspreadsheet\labspreadsheet\demo\remote_central\[LabSamples2019.xlsx]Hob'!A5)," ",'C:\code\laboratoryspreadsheet\labspreadsheet\demo\remote_central\[LabSamples2019.xlsx]Hob'!A5) | B5: =IF(ISBLANK('C:\code\laboratoryspreadsheet\labspreadsheet\demo\remote_central\[LabSamples2019.xlsx]Hob'!B5)," ",'C:\code\laboratoryspreadsheet\labspreadsheet\demo\remote_central\[LabSamples2019.xlsx]Hob'!B5) | C5: =IF(ISBLANK('C:\code\laboratoryspreadsheet\labspreadsheet\demo\remote_central\[LabSamples2019.xlsx]Hob'!C5)," ",'C:\code\laboratoryspreadsheet\labspreadsheet\demo\remote_central\[LabSamples2019.xlsx]Hob'!C5) | D5: =IF(ISBLANK('C:\code\laboratoryspreadsheet\labspreadsheet\demo\remote_central\[LabSamples2019.xlsx]Hob'!D5)," ",'C:\code\laboratoryspreadsheet\labspreadsheet\demo\remote_central\[LabSamples2019.xlsx]Hob'!D5) | E5: =IF(ISBLANK('C:\code\laboratoryspreadsheet\labspreadsheet\demo\remote_central\[LabSamples2019.xlsx]Hob'!E5)," ",'C:\code\laboratoryspreadsheet\labspreadsheet\demo\remote_central\[LabSamples2019.xlsx]Hob'!E5) | F5: =IF(ISBLANK('C:\code\laboratoryspreadsheet\labspreadsheet\demo\remote_central\[LabSamples2019.xlsx]Hob'!F5)," ",'C:\code\laboratoryspreadsheet\labspreadsheet\demo\remote_central\[LabSamples2019.xlsx]Hob'!F5) | G5: =IF(ISBLANK('C:\code\laboratoryspreadsheet\labspreadsheet\demo\remote_central\[LabSamples2019.xlsx]Hob'!G5)," ",'C:\code\laboratoryspreadsheet\labspreadsheet\demo\remote_central\[LabSamples2019.xlsx]Hob'!G5) | H5: =IF(ISBLANK('C:\code\laboratoryspreadsheet\labspreadsheet\demo\remote_central\[LabSamples2019.xlsx]Hob'!H5)," ",'C:\code\laboratoryspreadsheet\labspreadsheet\demo\remote_central\[LabSamples2019.xlsx]Hob'!H5)
A6: =IF(ISBLANK('C:\code\laboratoryspreadsheet\labspreadsheet\demo\remote_central\[LabSamples2019.xlsx]Hob'!A6)," ",'C:\code\laboratoryspreadsheet\labspreadsheet\demo\remote_central\[LabSamples2019.xlsx]Hob'!A6) | B6: =IF(ISBLANK('C:\code\laboratoryspreadsheet\labspreadsheet\demo\remote_central\[LabSamples2019.xlsx]Hob'!B6)," ",'C:\code\laboratoryspreadsheet\labspreadsheet\demo\remote_central\[LabSamples2019.xlsx]Hob'!B6) | C6: =IF(ISBLANK('C:\code\laboratoryspreadsheet\labspreadsheet\demo\remote_central\[LabSamples2019.xlsx]Hob'!C6)," ",'C:\code\laboratoryspreadsheet\labspreadsheet\demo\remote_central\[LabSamples2019.xlsx]Hob'!C6) | D6: =IF(ISBLANK('C:\code\laboratoryspreadsheet\labspreadsheet\demo\remote_central\[LabSamples2019.xlsx]Hob'!D6)," ",'C:\code\laboratoryspreadsheet\labspreadsheet\demo\remote_central\[LabSamples2019.xlsx]Hob'!D6) | E6: =IF(ISBLANK('C:\code\laboratoryspreadsheet\labspreadsheet\demo\remote_central\[LabSamples2019.xlsx]Hob'!E6)," ",'C:\code\laboratoryspreadsheet\labspreadsheet\demo\remote_central\[LabSamples2019.xlsx]Hob'!E6) | F6: =IF(ISBLANK('C:\code\laboratoryspreadsheet\labspreadsheet\demo\remote_central\[LabSamples2019.xlsx]Hob'!F6)," ",'C:\code\laboratoryspreadsheet\labspreadsheet\demo\remote_central\[LabSamples2019.xlsx]Hob'!F6) | G6: =IF(ISBLANK('C:\code\laboratoryspreadsheet\labspreadsheet\demo\remote_central\[LabSamples2019.xlsx]Hob'!G6)," ",'C:\code\laboratoryspreadsheet\labspreadsheet\demo\remote_central\[LabSamples2019.xlsx]Hob'!G6) | H6: =IF(ISBLANK('C:\code\laboratoryspreadsheet\labspreadsheet\demo\remote_central\[LabSamples2019.xlsx]Hob'!H6)," ",'C:\code\laboratoryspreadsheet\labspreadsheet\demo\remote_central\[LabSamples2019.xlsx]Hob'!H6)
A7: =IF(ISBLANK('C:\code\laboratoryspreadsheet\labspreadsheet\demo\remote_central\[LabSamples2019.xlsx]Hob'!A7)," ",'C:\code\laboratoryspreadsheet\labspreadsheet\demo\remote_central\[LabSamples2019.xlsx]Hob'!A7) | B7: =IF(ISBLANK('C:\code\laboratoryspreadsheet\labspreadsheet\demo\remote_central\[LabSamples2019.xlsx]Hob'!B7)," ",'C:\code\laboratoryspreadsheet\labspreadsheet\demo\remote_central\[LabSamples2019.xlsx]Hob'!B7) | C7: =IF(ISBLANK('C:\code\laboratoryspreadsheet\labspreadsheet\demo\remote_central\[LabSamples2019.xlsx]Hob'!C7)," ",'C:\code\laboratoryspreadsheet\labspreadsheet\demo\remote_central\[LabSamples2019.xlsx]Hob'!C7) | D7: =IF(ISBLANK('C:\code\laboratoryspreadsheet\labspreadsheet\demo\remote_central\[LabSamples2019.xlsx]Hob'!D7)," ",'C:\code\laboratoryspreadsheet\labspreadsheet\demo\remote_central\[LabSamples2019.xlsx]Hob'!D7) | E7: =IF(ISBLANK('C:\code\laboratoryspreadsheet\labspreadsheet\demo\remote_central\[LabSamples2019.xlsx]Hob'!E7)," ",'C:\code\laboratoryspreadsheet\labspreadsheet\demo\remote_central\[LabSamples2019.xlsx]Hob'!E7) | F7: =IF(ISBLANK('C:\code\laboratoryspreadsheet\labspreadsheet\demo\remote_central\[LabSamples2019.xlsx]Hob'!F7)," ",'C:\code\laboratoryspreadsheet\labspreadsheet\demo\remote_central\[LabSamples2019.xlsx]Hob'!F7) | G7: =IF(ISBLANK('C:\code\laboratoryspreadsheet\labspreadsheet\demo\remote_central\[LabSamples2019.xlsx]Hob'!G7)," ",'C:\code\laboratoryspreadsheet\labspreadsheet\demo\remote_central\[LabSamples2019.xlsx]Hob'!G7) | H7: =IF(ISBLANK('C:\code\laboratoryspreadsheet\labspreadsheet\demo\remote_central\[LabSamples2019.xlsx]Hob'!H7)," ",'C:\code\laboratoryspreadsheet\labspreadsheet\demo\remote_central\[LabSamples2019.xlsx]Hob'!H7)
A8: =IF(ISBLANK('C:\code\laboratoryspreadsheet\labspreadsheet\demo\remote_central\[LabSamples2019.xlsx]Hob'!A8)," ",'C:\code\laboratoryspreadsheet\labspreadsheet\demo\remote_central\[LabSamples2019.xlsx]Hob'!A8) | B8: =IF(ISBLANK('C:\code\laboratoryspreadsheet\labspreadsheet\demo\remote_central\[LabSamples2019.xlsx]Hob'!B8)," ",'C:\code\laboratoryspreadsheet\labspreadsheet\demo\remote_central\[LabSamples2019.xlsx]Hob'!B8) | C8: =IF(ISBLANK('C:\code\laboratoryspreadsheet\labspreadsheet\demo\remote_central\[LabSamples2019.xlsx]Hob'!C8)," ",'C:\code\laboratoryspreadsheet\labspreadsheet\demo\remote_central\[LabSamples2019.xlsx]Hob'!C8) | D8: =IF(ISBLANK('C:\code\laboratoryspreadsheet\labspreadsheet\demo\remote_central\[LabSamples2019.xlsx]Hob'!D8)," ",'C:\code\laboratoryspreadsheet\labspreadsheet\demo\remote_central\[LabSamples2019.xlsx]Hob'!D8) | E8: =IF(ISBLANK('C:\code\laboratoryspreadsheet\labspreadsheet\demo\remote_central\[LabSamples2019.xlsx]Hob'!E8)," ",'C:\code\laboratoryspreadsheet\labspreadsheet\demo\remote_central\[LabSamples2019.xlsx]Hob'!E8) | F8: =IF(ISBLANK('C:\code\laboratoryspreadsheet\labspreadsheet\demo\remote_central\[LabSamples2019.xlsx]Hob'!F8)," ",'C:\code\laboratoryspreadsheet\labspreadsheet\demo\remote_central\[LabSamples2019.xlsx]Hob'!F8) | G8: =IF(ISBLANK('C:\code\laboratoryspreadsheet\labspreadsheet\demo\remote_central\[LabSamples2019.xlsx]Hob'!G8)," ",'C:\code\laboratoryspreadsheet\labspreadsheet\demo\remote_central\[LabSamples2019.xlsx]Hob'!G8) | H8: =IF(ISBLANK('C:\code\laboratoryspreadsheet\labspreadsheet\demo\remote_central\[LabSamples2019.xlsx]Hob'!H8)," ",'C:\code\laboratoryspreadsheet\labspreadsheet\demo\remote_central\[LabSamples2019.xlsx]Hob'!H8)
A9: =IF(ISBLANK('C:\code\laboratoryspreadsheet\labspreadsheet\demo\remote_central\[LabSamples2019.xlsx]Hob'!A9)," ",'C:\code\laboratoryspreadsheet\labspreadsheet\demo\remote_central\[LabSamples2019.xlsx]Hob'!A9) | B9: =IF(ISBLANK('C:\code\laboratoryspreadsheet\labspreadsheet\demo\remote_central\[LabSamples2019.xlsx]Hob'!B9)," ",'C:\code\laboratoryspreadsheet\labspreadsheet\demo\remote_central\[LabSamples2019.xlsx]Hob'!B9) | C9: =IF(ISBLANK('C:\code\laboratoryspreadsheet\labspreadsheet\demo\remote_central\[LabSamples2019.xlsx]Hob'!C9)," ",'C:\code\laboratoryspreadsheet\labspreadsheet\demo\remote_central\[LabSamples2019.xlsx]Hob'!C9) | D9: =IF(ISBLANK('C:\code\laboratoryspreadsheet\labspreadsheet\demo\remote_central\[LabSamples2019.xlsx]Hob'!D9)," ",'C:\code\laboratoryspreadsheet\labspreadsheet\demo\remote_central\[LabSamples2019.xlsx]Hob'!D9) | E9: =IF(ISBLANK('C:\code\laboratoryspreadsheet\labspreadsheet\demo\remote_central\[LabSamples2019.xlsx]Hob'!E9)," ",'C:\code\laboratoryspreadsheet\labspreadsheet\demo\remote_central\[LabSamples2019.xlsx]Hob'!E9) | F9: =IF(ISBLANK('C:\code\laboratoryspreadsheet\labspreadsheet\demo\remote_central\[LabSamples2019.xlsx]Hob'!F9)," ",'C:\code\laboratoryspreadsheet\labspreadsheet\demo\remote_central\[LabSamples2019.xlsx]Hob'!F9) | G9: =IF(ISBLANK('C:\code\laboratoryspreadsheet\labspreadsheet\demo\remote_central\[LabSamples2019.xlsx]Hob'!G9)," ",'C:\code\laboratoryspreadsheet\labspreadsheet\demo\remote_central\[LabSamples2019.xlsx]Hob'!G9) | H9: =IF(ISBLANK('C:\code\laboratoryspreadsheet\labspreadsheet\demo\remote_central\[LabSamples2019.xlsx]Hob'!H9)," ",'C:\code\laboratoryspreadsheet\labspreadsheet\demo\remote_central\[LabSamples2019.xlsx]Hob'!H9)
A10: =IF(ISBLANK('C:\code\laboratoryspreadsheet\labspreadsheet\demo\remote_central\[LabSamples2019.xlsx]Hob'!A10)," ",'C:\code\laboratoryspreadsheet\labspreadsheet\demo\remote_central\[LabSamples2019.xlsx]Hob'!A10) | B10: =IF(ISBLANK('C:\code\laboratoryspreadsheet\labspreadsheet\demo\remote_central\[LabSamples2019.xlsx]Hob'!B10)," ",'C:\code\laboratoryspreadsheet\labspreadsheet\demo\remote_central\[LabSamples2019.xlsx]Hob'!B10) | C10: =IF(ISBLANK('C:\code\laboratoryspreadsheet\labspreadsheet\demo\remote_central\[LabSamples2019.xlsx]Hob'!C10)," ",'C:\code\laboratoryspreadsheet\labspreadsheet\demo\remote_central\[LabSamples2019.xlsx]Hob'!C10) | D10: =IF(ISBLANK('C:\code\laboratoryspreadsheet\labspreadsheet\demo\remote_central\[LabSamples2019.xlsx]Hob'!D10)," ",'C:\code\laboratoryspreadsheet\labspreadsheet\demo\remote_central\[LabSamples2019.xlsx]Hob'!D10) | E10: =IF(ISBLANK('C:\code\laboratoryspreadsheet\labspreadsheet\demo\remote_central\[LabSamples2019.xlsx]Hob'!E10)," ",'C:\code\laboratoryspreadsheet\labspreadsheet\demo\remote_central\[LabSamples2019.xlsx]Hob'!E10) | F10: =IF(ISBLANK('C:\code\laboratoryspreadsheet\labspreadsheet\demo\remote_central\[LabSamples2019.xlsx]Hob'!F10)," ",'C:\code\laboratoryspreadsheet\labspreadsheet\demo\remote_central\[LabSamples2019.xlsx]Hob'!F10) | G10: =IF(ISBLANK('C:\code\laboratoryspreadsheet\labspreadsheet\demo\remote_central\[LabSamples2019.xlsx]Hob'!G10)," ",'C:\code\laboratoryspreadsheet\labspreadsheet\demo\remote_central\[LabSamples2019.xlsx]Hob'!G10) | H10: =IF(ISBLANK('C:\code\laboratoryspreadsheet\labspreadsheet\demo\remote_central\[LabSamples2019.xlsx]Hob'!H10)," ",'C:\code\laboratoryspreadsheet\labspreadsheet\demo\remote_central\[LabSamples2019.xlsx]Hob'!H10)
A11: =IF(ISBLANK('C:\code\laboratoryspreadsheet\labspreadsheet\demo\remote_central\[LabSamples2019.xlsx]Hob'!A11)," ",'C:\code\laboratoryspreadsheet\labspreadsheet\demo\remote_central\[LabSamples2019.xlsx]Hob'!A11) | B11: =IF(ISBLANK('C:\code\laboratoryspreadsheet\labspreadsheet\demo\remote_central\[LabSamples2019.xlsx]Hob'!B11)," ",'C:\code\laboratoryspreadsheet\labspreadsheet\demo\remote_central\[LabSamples2019.xlsx]Hob'!B11) | C11: =IF(ISBLANK('C:\code\laboratoryspreadsheet\labspreadsheet\demo\remote_central\[LabSamples2019.xlsx]Hob'!C11)," ",'C:\code\laboratoryspreadsheet\labspreadsheet\demo\remote_central\[LabSamples2019.xlsx]Hob'!C11) | D11: =IF(ISBLANK('C:\code\laboratoryspreadsheet\labspreadsheet\demo\remote_central\[LabSamples2019.xlsx]Hob'!D11)," ",'C:\code\laboratoryspreadsheet\labspreadsheet\demo\remote_central\[LabSamples2019.xlsx]Hob'!D11) | E11: =IF(ISBLANK('C:\code\laboratoryspreadsheet\labspreadsheet\demo\remote_central\[LabSamples2019.xlsx]Hob'!E11)," ",'C:\code\laboratoryspreadsheet\labspreadsheet\demo\remote_central\[LabSamples2019.xlsx]Hob'!E11) | F11: =IF(ISBLANK('C:\code\laboratoryspreadsheet\labspreadsheet\demo\remote_central\[LabSamples2019.xlsx]Hob'!F11)," ",'C:\code\laboratoryspreadsheet\labspreadsheet\demo\remote_central\[LabSamples2019.xlsx]Hob'!F11) | G11: =IF(ISBLANK('C:\code\laboratoryspreadsheet\labspreadsheet\demo\remote_central\[LabSamples2019.xlsx]Hob'!G11)," ",'C:\code\laboratoryspreadsheet\labspreadsheet\demo\remote_central\[LabSamples2019.xlsx]Hob'!G11) | H11: =IF(ISBLANK('C:\code\laboratoryspreadsheet\labspreadsheet\demo\remote_central\[LabSamples2019.xlsx]Hob'!H11)," ",'C:\code\laboratoryspreadsheet\labspreadsheet\demo\remote_central\[LabSamples2019.xlsx]Hob'!H11)
A12: =IF(ISBLANK('C:\code\laboratoryspreadsheet\labspreadsheet\demo\remote_central\[LabSamples2019.xlsx]Hob'!A12)," ",'C:\code\laboratoryspreadsheet\labspreadsheet\demo\remote_central\[LabSamples2019.xlsx]Hob'!A12) | B12: =IF(ISBLANK('C:\code\laboratoryspreadsheet\labspreadsheet\demo\remote_central\[LabSamples2019.xlsx]Hob'!B12)," ",'C:\code\laboratoryspreadsheet\labspreadsheet\demo\remote_central\[LabSamples2019.xlsx]Hob'!B12) | C12: =IF(ISBLANK('C:\code\laboratoryspreadsheet\labspreadsheet\demo\remote_central\[LabSamples2019.xlsx]Hob'!C12)," ",'C:\code\laboratoryspreadsheet\labspreadsheet\demo\remote_central\[LabSamples2019.xlsx]Hob'!C12) | D12: =IF(ISBLANK('C:\code\laboratoryspreadsheet\labspreadsheet\demo\remote_central\[LabSamples2019.xlsx]Hob'!D12)," ",'C:\code\laboratoryspreadsheet\labspreadsheet\demo\remote_central\[LabSamples2019.xlsx]Hob'!D12) | E12: =IF(ISBLANK('C:\code\laboratoryspreadsheet\labspreadsheet\demo\remote_central\[LabSamples2019.xlsx]Hob'!E12)," ",'C:\code\laboratoryspreadsheet\labspreadsheet\demo\remote_central\[LabSamples2019.xlsx]Hob'!E12) | F12: =IF(ISBLANK('C:\code\laboratoryspreadsheet\labspreadsheet\demo\remote_central\[LabSamples2019.xlsx]Hob'!F12)," ",'C:\code\laboratoryspreadsheet\labspreadsheet\demo\remote_central\[LabSamples2019.xlsx]Hob'!F12) | G12: =IF(ISBLANK('C:\code\laboratoryspreadsheet\labspreadsheet\demo\remote_central\[LabSamples2019.xlsx]Hob'!G12)," ",'C:\code\laboratoryspreadsheet\labspreadsheet\demo\remote_central\[LabSamples2019.xlsx]Hob'!G12) | H12: =IF(ISBLANK('C:\code\laboratoryspreadsheet\labspreadsheet\demo\remote_central\[LabSamples2019.xlsx]Hob'!H12)," ",'C:\code\laboratoryspreadsheet\labspreadsheet\demo\remote_central\[LabSamples2019.xlsx]Hob'!H12)
... A1007: =IF(ISBLANK('C:\code\laboratoryspreadsheet\labspreadsheet\demo\remote_central\[LabSamples2019.xlsx]Hob'!A1007)," ",'C:\code\laboratoryspreadsheet\labspreadsheet\demo\remote_central\[LabSamples2019.xlsx]Hob'!A1007) | B1007: =IF(ISBLANK('C:\code\laboratoryspreadsheet\labspreadsheet\demo\remote_central\[LabSamples2019.xlsx]Hob'!B1007)," ",'C:\code\laboratoryspreadsheet\labspreadsheet\demo\remote_central\[LabSamples2019.xlsx]Hob'!B1007) | C1007: =IF(ISBLANK('C:\code\laboratoryspreadsheet\labspreadsheet\demo\remote_central\[LabSamples2019.xlsx]Hob'!C1007)," ",'C:\code\laboratoryspreadsheet\labspreadsheet\demo\remote_central\[LabSamples2019.xlsx]Hob'!C1007) | D1007: =IF(ISBLANK('C:\code\laboratoryspreadsheet\labspreadsheet\demo\remote_central\[LabSamples2019.xlsx]Hob'!D1007)," ",'C:\code\laboratoryspreadsheet\labspreadsheet\demo\remote_central\[LabSamples2019.xlsx]Hob'!D1007) | E1007: =IF(ISBLANK('C:\code\laboratoryspreadsheet\labspreadsheet\demo\remote_central\[LabSamples2019.xlsx]Hob'!E1007)," ",'C:\code\laboratoryspreadsheet\labspreadsheet\demo\remote_central\[LabSamples2019.xlsx]Hob'!E1007) | F1007: =IF(ISBLANK('C:\code\laboratoryspreadsheet\labspreadsheet\demo\remote_central\[LabSamples2019.xlsx]Hob'!F1007)," ",'C:\code\laboratoryspreadsheet\labspreadsheet\demo\remote_central\[LabSamples2019.xlsx]Hob'!F1007) | G1007: =IF(ISBLANK('C:\code\laboratoryspreadsheet\labspreadsheet\demo\remote_central\[LabSamples2019.xlsx]Hob'!G1007)," ",'C:\code\laboratoryspreadsheet\labspreadsheet\demo\remote_central\[LabSamples2019.xlsx]Hob'!G1007) | H1007: =IF(ISBLANK('C:\code\laboratoryspreadsheet\labspreadsheet\demo\remote_central\[LabSamples2019.xlsx]Hob'!H1007)," ",'C:\code\laboratoryspreadsheet\labspreadsheet\demo\remote_central\[LabSamples2019.xlsx]Hob'!H1007)

Sheet SamplesY
A1: =IF(ISBLANK('C:\code\laboratoryspreadsheet\labspreadsheet\demo\remote_Hobbit\[LabSamples2019_Hob_extra.xlsx]extra_Hob'!A1)," ",'C:\code\laboratoryspreadsheet\labspreadsheet\demo\remote_Hobbit\[LabSamples2019_Hob_extra.xlsx]extra_Hob'!A1) | B1: =IF(ISBLANK('C:\code\laboratoryspreadsheet\labspreadsheet\demo\remote_Hobbit\[LabSamples2019_Hob_extra.xlsx]extra_Hob'!B1)," ",'C:\code\laboratoryspreadsheet\labspreadsheet\demo\remote_Hobbit\[LabSamples2019_Hob_extra.xlsx]extra_Hob'!B1) | C1: =IF(ISBLANK('C:\code\laboratoryspreadsheet\labspreadsheet\demo\remote_Hobbit\[LabSamples2019_Hob_extra.xlsx]extra_Hob'!C1)," ",'C:\code\laboratoryspreadsheet\labspreadsheet\demo\remote_Hobbit\[LabSamples2019_Hob_extra.xlsx]extra_Hob'!C1) | D1: =IF(ISBLANK('C:\code\laboratoryspreadsheet\labspreadsheet\demo\remote_Hobbit\[LabSamples2019_Hob_extra.xlsx]extra_Hob'!D1)," ",'C:\code\laboratoryspreadsheet\labspreadsheet\demo\remote_Hobbit\[LabSamples2019_Hob_extra.xlsx]extra_Hob'!D1) | E1: =IF(ISBLANK('C:\code\laboratoryspreadsheet\labspreadsheet\demo\remote_Hobbit\[LabSamples2019_Hob_extra.xlsx]extra_Hob'!E1)," ",'C:\code\laboratoryspreadsheet\labspreadsheet\demo\remote_Hobbit\[LabSamples2019_Hob_extra.xlsx]extra_Hob'!E1) | F1: =IF(ISBLANK('C:\code\laboratoryspreadsheet\labspreadsheet\demo\remote_Hobbit\[LabSamples2019_Hob_extra.xlsx]extra_Hob'!F1)," ",'C:\code\laboratoryspreadsheet\labspreadsheet\demo\remote_Hobbit\[LabSamples2019_Hob_extra.xlsx]extra_Hob'!F1) | G1: =IF(ISBLANK('C:\code\laboratoryspreadsheet\labspreadsheet\demo\remote_Hobbit\[LabSamples2019_Hob_extra.xlsx]extra_Hob'!G1)," ",'C:\code\laboratoryspreadsheet\labspreadsheet\demo\remote_Hobbit\[LabSamples2019_Hob_extra.xlsx]extra_Hob'!G1) | H1: =IF(ISBLANK('C:\code\laboratoryspreadsheet\labspreadsheet\demo\remote_Hobbit\[LabSamples2019_Hob_extra.xlsx]extra_Hob'!H1)," ",'C:\code\laboratoryspreadsheet\labspreadsheet\demo\remote_Hobbit\[LabSamples2019_Hob_extra.xlsx]extra_Hob'!H1)
A2: =IF(ISBLANK('C:\code\laboratoryspreadsheet\labspreadsheet\demo\remote_Hobbit\[LabSamples2019_Hob_extra.xlsx]extra_Hob'!A2)," ",'C:\code\laboratoryspreadsheet\labspreadsheet\demo\remote_Hobbit\[LabSamples2019_Hob_extra.xlsx]extra_Hob'!A2) | B2: =IF(ISBLANK('C:\code\laboratoryspreadsheet\labspreadsheet\demo\remote_Hobbit\[LabSamples2019_Hob_extra.xlsx]extra_Hob'!B2)," ",'C:\code\laboratoryspreadsheet\labspreadsheet\demo\remote_Hobbit\[LabSamples2019_Hob_extra.xlsx]extra_Hob'!B2) | C2: =IF(ISBLANK('C:\code\laboratoryspreadsheet\labspreadsheet\demo\remote_Hobbit\[LabSamples2019_Hob_extra.xlsx]extra_Hob'!C2)," ",'C:\code\laboratoryspreadsheet\labspreadsheet\demo\remote_Hobbit\[LabSamples2019_Hob_extra.xlsx]extra_Hob'!C2) | D2: =IF(ISBLANK('C:\code\laboratoryspreadsheet\labspreadsheet\demo\remote_Hobbit\[LabSamples2019_Hob_extra.xlsx]extra_Hob'!D2)," ",'C:\code\laboratoryspreadsheet\labspreadsheet\demo\remote_Hobbit\[LabSamples2019_Hob_extra.xlsx]extra_Hob'!D2) | E2: =IF(ISBLANK('C:\code\laboratoryspreadsheet\labspreadsheet\demo\remote_Hobbit\[LabSamples2019_Hob_extra.xlsx]extra_Hob'!E2)," ",'C:\code\laboratoryspreadsheet\labspreadsheet\demo\remote_Hobbit\[LabSamples2019_Hob_extra.xlsx]extra_Hob'!E2) | F2: =IF(ISBLANK('C:\code\laboratoryspreadsheet\labspreadsheet\demo\remote_Hobbit\[LabSamples2019_Hob_extra.xlsx]extra_Hob'!F2)," ",'C:\code\laboratoryspreadsheet\labspreadsheet\demo\remote_Hobbit\[LabSamples2019_Hob_extra.xlsx]extra_Hob'!F2) | G2: =IF(ISBLANK('C:\code\laboratoryspreadsheet\labspreadsheet\demo\remote_Hobbit\[LabSamples2019_Hob_extra.xlsx]extra_Hob'!G2)," ",'C:\code\laboratoryspreadsheet\labspreadsheet\demo\remote_Hobbit\[LabSamples2019_Hob_extra.xlsx]extra_Hob'!G2) | H2: =IF(ISBLANK('C:\code\laboratoryspreadsheet\labspreadsheet\demo\remote_Hobbit\[LabSamples2019_Hob_extra.xlsx]extra_Hob'!H2)," ",'C:\code\laboratoryspreadsheet\labspreadsheet\demo\remote_Hobbit\[LabSamples2019_Hob_extra.xlsx]extra_Hob'!H2)
A3: =IF(ISBLANK('C:\code\laboratoryspreadsheet\labspreadsheet\demo\remote_Hobbit\[LabSamples2019_Hob_extra.xlsx]extra_Hob'!A3)," ",'C:\code\laboratoryspreadsheet\labspreadsheet\demo\remote_Hobbit\[LabSamples2019_Hob_extra.xlsx]extra_Hob'!A3) | B3: =IF(ISBLANK('C:\code\laboratoryspreadsheet\labspreadsheet\demo\remote_Hobbit\[LabSamples2019_Hob_extra.xlsx]extra_Hob'!B3)," ",'C:\code\laboratoryspreadsheet\labspreadsheet\demo\remote_Hobbit\[LabSamples2019_Hob_extra.xlsx]extra_Hob'!B3) | C3: =IF(ISBLANK('C:\code\laboratoryspreadsheet\labspreadsheet\demo\remote_Hobbit\[LabSamples2019_Hob_extra.xlsx]extra_Hob'!C3)," ",'C:\code\laboratoryspreadsheet\labspreadsheet\demo\remote_Hobbit\[LabSamples2019_Hob_extra.xlsx]extra_Hob'!C3) | D3: =IF(ISBLANK('C:\code\laboratoryspreadsheet\labspreadsheet\demo\remote_Hobbit\[LabSamples2019_Hob_extra.xlsx]extra_Hob'!D3)," ",'C:\code\laboratoryspreadsheet\labspreadsheet\demo\remote_Hobbit\[LabSamples2019_Hob_extra.xlsx]extra_Hob'!D3) | E3: =IF(ISBLANK('C:\code\laboratoryspreadsheet\labspreadsheet\demo\remote_Hobbit\[LabSamples2019_Hob_extra.xlsx]extra_Hob'!E3)," ",'C:\code\laboratoryspreadsheet\labspreadsheet\demo\remote_Hobbit\[LabSamples2019_Hob_extra.xlsx]extra_Hob'!E3) | F3: =IF(ISBLANK('C:\code\laboratoryspreadsheet\labspreadsheet\demo\remote_Hobbit\[LabSamples2019_Hob_extra.xlsx]extra_Hob'!F3)," ",'C:\code\laboratoryspreadsheet\labspreadsheet\demo\remote_Hobbit\[LabSamples2019_Hob_extra.xlsx]extra_Hob'!F3) | G3: =IF(ISBLANK('C:\code\laboratoryspreadsheet\labspreadsheet\demo\remote_Hobbit\[LabSamples2019_Hob_extra.xlsx]extra_Hob'!G3)," ",'C:\code\laboratoryspreadsheet\labspreadsheet\demo\remote_Hobbit\[LabSamples2019_Hob_extra.xlsx]extra_Hob'!G3) | H3: =IF(ISBLANK('C:\code\laboratoryspreadsheet\labspreadsheet\demo\remote_Hobbit\[LabSamples2019_Hob_extra.xlsx]extra_Hob'!H3)," ",'C:\code\laboratoryspreadsheet\labspreadsheet\demo\remote_Hobbit\[LabSamples2019_Hob_extra.xlsx]extra_Hob'!H3)
A4: =IF(ISBLANK('C:\code\laboratoryspreadsheet\labspreadsheet\demo\remote_Hobbit\[LabSamples2019_Hob_extra.xlsx]extra_Hob'!A4)," ",'C:\code\laboratoryspreadsheet\labspreadsheet\demo\remote_Hobbit\[LabSamples2019_Hob_extra.xlsx]extra_Hob'!A4) | B4: =IF(ISBLANK('C:\code\laboratoryspreadsheet\labspreadsheet\demo\remote_Hobbit\[LabSamples2019_Hob_extra.xlsx]extra_Hob'!B4)," ",'C:\code\laboratoryspreadsheet\labspreadsheet\demo\remote_Hobbit\[LabSamples2019_Hob_extra.xlsx]extra_Hob'!B4) | C4: =IF(ISBLANK('C:\code\laboratoryspreadsheet\labspreadsheet\demo\remote_Hobbit\[LabSamples2019_Hob_extra.xlsx]extra_Hob'!C4)," ",'C:\code\laboratoryspreadsheet\labspreadsheet\demo\remote_Hobbit\[LabSamples2019_Hob_extra.xlsx]extra_Hob'!C4) | D4: =IF(ISBLANK('C:\code\laboratoryspreadsheet\labspreadsheet\demo\remote_Hobbit\[LabSamples2019_Hob_extra.xlsx]extra_Hob'!D4)," ",'C:\code\laboratoryspreadsheet\labspreadsheet\demo\remote_Hobbit\[LabSamples2019_Hob_extra.xlsx]extra_Hob'!D4) | E4: =IF(ISBLANK('C:\code\laboratoryspreadsheet\labspreadsheet\demo\remote_Hobbit\[LabSamples2019_Hob_extra.xlsx]extra_Hob'!E4)," ",'C:\code\laboratoryspreadsheet\labspreadsheet\demo\remote_Hobbit\[LabSamples2019_Hob_extra.xlsx]extra_Hob'!E4) | F4: =IF(ISBLANK('C:\code\laboratoryspreadsheet\labspreadsheet\demo\remote_Hobbit\[LabSamples2019_Hob_extra.xlsx]extra_Hob'!F4)," ",'C:\code\laboratoryspreadsheet\labspreadsheet\demo\remote_Hobbit\[LabSamples2019_Hob_extra.xlsx]extra_Hob'!F4) | G4: =IF(ISBLANK('C:\code\laboratoryspreadsheet\labspreadsheet\demo\remote_Hobbit\[LabSamples2019_Hob_extra.xlsx]extra_Hob'!G4)," ",'C:\code\laboratoryspreadsheet\labspreadsheet\demo\remote_Hobbit\[LabSamples2019_Hob_extra.xlsx]extra_Hob'!G4) | H4: =IF(ISBLANK('C:\code\laboratoryspreadsheet\labspreadsheet\demo\remote_Hobbit\[LabSamples2019_Hob_extra.xlsx]extra_Hob'!H4)," ",'C:\code\laboratoryspreadsheet\labspreadsheet\demo\remote_Hobbit\[LabSamples2019_Hob_extra.xlsx]extra_Hob'!H4)
A5: =IF(ISBLANK('C:\code\laboratoryspreadsheet\labspreadsheet\demo\remote_Hobbit\[LabSamples2019_Hob_extra.xlsx]extra_Hob'!A5)," ",'C:\code\laboratoryspreadsheet\labspreadsheet\demo\remote_Hobbit\[LabSamples2019_Hob_extra.xlsx]extra_Hob'!A5) | B5: =IF(ISBLANK('C:\code\laboratoryspreadsheet\labspreadsheet\demo\remote_Hobbit\[LabSamples2019_Hob_extra.xlsx]extra_Hob'!B5)," ",'C:\code\laboratoryspreadsheet\labspreadsheet\demo\remote_Hobbit\[LabSamples2019_Hob_extra.xlsx]extra_Hob'!B5) | C5: =IF(ISBLANK('C:\code\laboratoryspreadsheet\labspreadsheet\demo\remote_Hobbit\[LabSamples2019_Hob_extra.xlsx]extra_Hob'!C5)," ",'C:\code\laboratoryspreadsheet\labspreadsheet\demo\remote_Hobbit\[LabSamples2019_Hob_extra.xlsx]extra_Hob'!C5) | D5: =IF(ISBLANK('C:\code\laboratoryspreadsheet\labspreadsheet\demo\remote_Hobbit\[LabSamples2019_Hob_extra.xlsx]extra_Hob'!D5)," ",'C:\code\laboratoryspreadsheet\labspreadsheet\demo\remote_Hobbit\[LabSamples2019_Hob_extra.xlsx]extra_Hob'!D5) | E5: =IF(ISBLANK('C:\code\laboratoryspreadsheet\labspreadsheet\demo\remote_Hobbit\[LabSamples2019_Hob_extra.xlsx]extra_Hob'!E5)," ",'C:\code\laboratoryspreadsheet\labspreadsheet\demo\remote_Hobbit\[LabSamples2019_Hob_extra.xlsx]extra_Hob'!E5) | F5: =IF(ISBLANK('C:\code\laboratoryspreadsheet\labspreadsheet\demo\remote_Hobbit\[LabSamples2019_Hob_extra.xlsx]extra_Hob'!F5)," ",'C:\code\laboratoryspreadsheet\labspreadsheet\demo\remote_Hobbit\[LabSamples2019_Hob_extra.xlsx]extra_Hob'!F5) | G5: =IF(ISBLANK('C:\code\laboratoryspreadsheet\labspreadsheet\demo\remote_Hobbit\[LabSamples2019_Hob_extra.xlsx]extra_Hob'!G5)," ",'C:\code\laboratoryspreadsheet\labspreadsheet\demo\remote_Hobbit\[LabSamples2019_Hob_extra.xlsx]extra_Hob'!G5) | H5: =IF(ISBLANK('C:\code\laboratoryspreadsheet\labspreadsheet\demo\remote_Hobbit\[LabSamples2019_Hob_extra.xlsx]extra_Hob'!H5)," ",'C:\code\laboratoryspreadsheet\labspreadsheet\demo\remote_Hobbit\[LabSamples2019_Hob_extra.xlsx]extra_Hob'!H5)
A6: =IF(ISBLANK('C:\code\laboratoryspreadsheet\labspreadsheet\demo\remote_Hobbit\[LabSamples2019_Hob_extra.xlsx]extra_Hob'!A6)," ",'C:\code\laboratoryspreadsheet\labspreadsheet\demo\remote_Hobbit\[LabSamples2019_Hob_extra.xlsx]extra_Hob'!A6) | B6: =IF(ISBLANK('C:\code\laboratoryspreadsheet\labspreadsheet\demo\remote_Hobbit\[LabSamples2019_Hob_extra.xlsx]extra_Hob'!B6)," ",'C:\code\laboratoryspreadsheet\labspreadsheet\demo\remote_Hobbit\[LabSamples2019_Hob_extra.xlsx]extra_Hob'!B6) | C6: =IF(ISBLANK('C:\code\laboratoryspreadsheet\labspreadsheet\demo\remote_Hobbit\[LabSamples2019_Hob_extra.xlsx]extra_Hob'!C6)," ",'C:\code\laboratoryspreadsheet\labspreadsheet\demo\remote_Hobbit\[LabSamples2019_Hob_extra.xlsx]extra_Hob'!C6) | D6: =IF(ISBLANK('C:\code\laboratoryspreadsheet\labspreadsheet\demo\remote_Hobbit\[LabSamples2019_Hob_extra.xlsx]extra_Hob'!D6)," ",'C:\code\laboratoryspreadsheet\labspreadsheet\demo\remote_Hobbit\[LabSamples2019_Hob_extra.xlsx]extra_Hob'!D6) | E6: =IF(ISBLANK('C:\code\laboratoryspreadsheet\labspreadsheet\demo\remote_Hobbit\[LabSamples2019_Hob_extra.xlsx]extra_Hob'!E6)," ",'C:\code\laboratoryspreadsheet\labspreadsheet\demo\remote_Hobbit\[LabSamples2019_Hob_extra.xlsx]extra_Hob'!E6) | F6: =IF(ISBLANK('C:\code\laboratoryspreadsheet\labspreadsheet\demo\remote_Hobbit\[LabSamples2019_Hob_extra.xlsx]extra_Hob'!F6)," ",'C:\code\laboratoryspreadsheet\labspreadsheet\demo\remote_Hobbit\[LabSamples2019_Hob_extra.xlsx]extra_Hob'!F6) | G6: =IF(ISBLANK('C:\code\laboratoryspreadsheet\labspreadsheet\demo\remote_Hobbit\[LabSamples2019_Hob_extra.xlsx]extra_Hob'!G6)," ",'C:\code\laboratoryspreadsheet\labspreadsheet\demo\remote_Hobbit\[LabSamples2019_Hob_extra.xlsx]extra_Hob'!G6) | H6: =IF(ISBLANK('C:\code\laboratoryspreadsheet\labspreadsheet\demo\remote_Hobbit\[LabSamples2019_Hob_extra.xlsx]extra_Hob'!H6)," ",'C:\code\laboratoryspreadsheet\labspreadsheet\demo\remote_Hobbit\[LabSamples2019_Hob_extra.xlsx]extra_Hob'!H6)
A7: =IF(ISBLANK('C:\code\laboratoryspreadsheet\labspreadsheet\demo\remote_Hobbit\[LabSamples2019_Hob_extra.xlsx]extra_Hob'!A7)," ",'C:\code\laboratoryspreadsheet\labspreadsheet\demo\remote_Hobbit\[LabSamples2019_Hob_extra.xlsx]extra_Hob'!A7) | B7: =IF(ISBLANK('C:\code\laboratoryspreadsheet\labspreadsheet\demo\remote_Hobbit\[LabSamples2019_Hob_extra.xlsx]extra_Hob'!B7)," ",'C:\code\laboratoryspreadsheet\labspreadsheet\demo\remote_Hobbit\[LabSamples2019_Hob_extra.xlsx]extra_Hob'!B7) | C7: =IF(ISBLANK('C:\code\laboratoryspreadsheet\labspreadsheet\demo\remote_Hobbit\[LabSamples2019_Hob_extra.xlsx]extra_Hob'!C7)," ",'C:\code\laboratoryspreadsheet\labspreadsheet\demo\remote_Hobbit\[LabSamples2019_Hob_extra.xlsx]extra_Hob'!C7) | D7: =IF(ISBLANK('C:\code\laboratoryspreadsheet\labspreadsheet\demo\remote_Hobbit\[LabSamples2019_Hob_extra.xlsx]extra_Hob'!D7)," ",'C:\code\laboratoryspreadsheet\labspreadsheet\demo\remote_Hobbit\[LabSamples2019_Hob_extra.xlsx]extra_Hob'!D7) | E7: =IF(ISBLANK('C:\code\laboratoryspreadsheet\labspreadsheet\demo\remote_Hobbit\[LabSamples2019_Hob_extra.xlsx]extra_Hob'!E7)," ",'C:\code\laboratoryspreadsheet\labspreadsheet\demo\remote_Hobbit\[LabSamples2019_Hob_extra.xlsx]extra_Hob'!E7) | F7: =IF(ISBLANK('C:\code\laboratoryspreadsheet\labspreadsheet\demo\remote_Hobbit\[LabSamples2019_Hob_extra.xlsx]extra_Hob'!F7)," ",'C:\code\laboratoryspreadsheet\labspreadsheet\demo\remote_Hobbit\[LabSamples2019_Hob_extra.xlsx]extra_Hob'!F7) | G7: =IF(ISBLANK('C:\code\laboratoryspreadsheet\labspreadsheet\demo\remote_Hobbit\[LabSamples2019_Hob_extra.xlsx]extra_Hob'!G7)," ",'C:\code\laboratoryspreadsheet\labspreadsheet\demo\remote_Hobbit\[LabSamples2019_Hob_extra.xlsx]extra_Hob'!G7) | H7: =IF(ISBLANK('C:\code\laboratoryspreadsheet\labspreadsheet\demo\remote_Hobbit\[LabSamples2019_Hob_extra.xlsx]extra_Hob'!H7)," ",'C:\code\laboratoryspreadsheet\labspreadsheet\demo\remote_Hobbit\[LabSamples2019_Hob_extra.xlsx]extra_Hob'!H7)
A8: =IF(ISBLANK('C:\code\laboratoryspreadsheet\labspreadsheet\demo\remote_Hobbit\[LabSamples2019_Hob_extra.xlsx]extra_Hob'!A8)," ",'C:\code\laboratoryspreadsheet\labspreadsheet\demo\remote_Hobbit\[LabSamples2019_Hob_extra.xlsx]extra_Hob'!A8) | B8: =IF(ISBLANK('C:\code\laboratoryspreadsheet\labspreadsheet\demo\remote_Hobbit\[LabSamples2019_Hob_extra.xlsx]extra_Hob'!B8)," ",'C:\code\laboratoryspreadsheet\labspreadsheet\demo\remote_Hobbit\[LabSamples2019_Hob_extra.xlsx]extra_Hob'!B8) | C8: =IF(ISBLANK('C:\code\laboratoryspreadsheet\labspreadsheet\demo\remote_Hobbit\[LabSamples2019_Hob_extra.xlsx]extra_Hob'!C8)," ",'C:\code\laboratoryspreadsheet\labspreadsheet\demo\remote_Hobbit\[LabSamples2019_Hob_extra.xlsx]extra_Hob'!C8) | D8: =IF(ISBLANK('C:\code\laboratoryspreadsheet\labspreadsheet\demo\remote_Hobbit\[LabSamples2019_Hob_extra.xlsx]extra_Hob'!D8)," ",'C:\code\laboratoryspreadsheet\labspreadsheet\demo\remote_Hobbit\[LabSamples2019_Hob_extra.xlsx]extra_Hob'!D8) | E8: =IF(ISBLANK('C:\code\laboratoryspreadsheet\labspreadsheet\demo\remote_Hobbit\[LabSamples2019_Hob_extra.xlsx]extra_Hob'!E8)," ",'C:\code\laboratoryspreadsheet\labspreadsheet\demo\remote_Hobbit\[LabSamples2019_Hob_extra.xlsx]extra_Hob'!E8) | F8: =IF(ISBLANK('C:\code\laboratoryspreadsheet\labspreadsheet\demo\remote_Hobbit\[LabSamples2019_Hob_extra.xlsx]extra_Hob'!F8)," ",'C:\code\laboratoryspreadsheet\labspreadsheet\demo\remote_Hobbit\[LabSamples2019_Hob_extra.xlsx]extra_Hob'!F8) | G8: =IF(ISBLANK('C:\code\laboratoryspreadsheet\labspreadsheet\demo\remote_Hobbit\[LabSamples2019_Hob_extra.xlsx]extra_Hob'!G8)," ",'C:\code\laboratoryspreadsheet\labspreadsheet\demo\remote_Hobbit\[LabSamples2019_Hob_extra.xlsx]extra_Hob'!G8) | H8: =IF(ISBLANK('C:\code\laboratoryspreadsheet\labspreadsheet\demo\remote_Hobbit\[LabSamples2019_Hob_extra.xlsx]extra_Hob'!H8)," ",'C:\code\laboratoryspreadsheet\labspreadsheet\demo\remote_Hobbit\[LabSamples2019_Hob_extra.xlsx]extra_Hob'!H8)
A9: =IF(ISBLANK('C:\code\laboratoryspreadsheet\labspreadsheet\demo\remote_Hobbit\[LabSamples2019_Hob_extra.xlsx]extra_Hob'!A9)," ",'C:\code\laboratoryspreadsheet\labspreadsheet\demo\remote_Hobbit\[LabSamples2019_Hob_extra.xlsx]extra_Hob'!A9) | B9: =IF(ISBLANK('C:\code\laboratoryspreadsheet\labspreadsheet\demo\remote_Hobbit\[LabSamples2019_Hob_extra.xlsx]extra_Hob'!B9)," ",'C:\code\laboratoryspreadsheet\labspreadsheet\demo\remote_Hobbit\[LabSamples2019_Hob_extra.xlsx]extra_Hob'!B9) | C9: =IF(ISBLANK('C:\code\laboratoryspreadsheet\labspreadsheet\demo\remote_Hobbit\[LabSamples2019_Hob_extra.xlsx]extra_Hob'!C9)," ",'C:\code\laboratoryspreadsheet\labspreadsheet\demo\remote_Hobbit\[LabSamples2019_Hob_extra.xlsx]extra_Hob'!C9) | D9: =IF(ISBLANK('C:\code\laboratoryspreadsheet\labspreadsheet\demo\remote_Hobbit\[LabSamples2019_Hob_extra.xlsx]extra_Hob'!D9)," ",'C:\code\laboratoryspreadsheet\labspreadsheet\demo\remote_Hobbit\[LabSamples2019_Hob_extra.xlsx]extra_Hob'!D9) | E9: =IF(ISBLANK('C:\code\laboratoryspreadsheet\labspreadsheet\demo\remote_Hobbit\[LabSamples2019_Hob_extra.xlsx]extra_Hob'!E9)," ",'C:\code\laboratoryspreadsheet\labspreadsheet\demo\remote_Hobbit\[LabSamples2019_Hob_extra.xlsx]extra_Hob'!E9) | F9: =IF(ISBLANK('C:\code\laboratoryspreadsheet\labspreadsheet\demo\remote_Hobbit\[LabSamples2019_Hob_extra.xlsx]extra_Hob'!F9)," ",'C:\code\laboratoryspreadsheet\labspreadsheet\demo\remote_Hobbit\[LabSamples2019_Hob_extra.xlsx]extra_Hob'!F9) | G9: =IF(ISBLANK('C:\code\laboratoryspreadsheet\labspreadsheet\demo\remote_Hobbit\[LabSamples2019_Hob_extra.xlsx]extra_Hob'!G9)," ",'C:\code\laboratoryspreadsheet\labspreadsheet\demo\remote_Hobbit\[LabSamples2019_Hob_extra.xlsx]extra_Hob'!G9) | H9: =IF(ISBLANK('C:\code\laboratoryspreadsheet\labspreadsheet\demo\remote_Hobbit\[LabSamples2019_Hob_extra.xlsx]extra_Hob'!H9)," ",'C:\code\laboratoryspreadsheet\labspreadsheet\demo\remote_Hobbit\[LabSamples2019_Hob_extra.xlsx]extra_Hob'!H9)
A10: =IF(ISBLANK('C:\code\laboratoryspreadsheet\labspreadsheet\demo\remote_Hobbit\[LabSamples2019_Hob_extra.xlsx]extra_Hob'!A10)," ",'C:\code\laboratoryspreadsheet\labspreadsheet\demo\remote_Hobbit\[LabSamples2019_Hob_extra.xlsx]extra_Hob'!A10) | B10: =IF(ISBLANK('C:\code\laboratoryspreadsheet\labspreadsheet\demo\remote_Hobbit\[LabSamples2019_Hob_extra.xlsx]extra_Hob'!B10)," ",'C:\code\laboratoryspreadsheet\labspreadsheet\demo\remote_Hobbit\[LabSamples2019_Hob_extra.xlsx]extra_Hob'!B10) | C10: =IF(ISBLANK('C:\code\laboratoryspreadsheet\labspreadsheet\demo\remote_Hobbit\[LabSamples2019_Hob_extra.xlsx]extra_Hob'!C10)," ",'C:\code\laboratoryspreadsheet\labspreadsheet\demo\remote_Hobbit\[LabSamples2019_Hob_extra.xlsx]extra_Hob'!C10) | D10: =IF(ISBLANK('C:\code\laboratoryspreadsheet\labspreadsheet\demo\remote_Hobbit\[LabSamples2019_Hob_extra.xlsx]extra_Hob'!D10)," ",'C:\code\laboratoryspreadsheet\labspreadsheet\demo\remote_Hobbit\[LabSamples2019_Hob_extra.xlsx]extra_Hob'!D10) | E10: =IF(ISBLANK('C:\code\laboratoryspreadsheet\labspreadsheet\demo\remote_Hobbit\[LabSamples2019_Hob_extra.xlsx]extra_Hob'!E10)," ",'C:\code\laboratoryspreadsheet\labspreadsheet\demo\remote_Hobbit\[LabSamples2019_Hob_extra.xlsx]extra_Hob'!E10) | F10: =IF(ISBLANK('C:\code\laboratoryspreadsheet\labspreadsheet\demo\remote_Hobbit\[LabSamples2019_Hob_extra.xlsx]extra_Hob'!F10)," ",'C:\code\laboratoryspreadsheet\labspreadsheet\demo\remote_Hobbit\[LabSamples2019_Hob_extra.xlsx]extra_Hob'!F10) | G10: =IF(ISBLANK('C:\code\laboratoryspreadsheet\labspreadsheet\demo\remote_Hobbit\[LabSamples2019_Hob_extra.xlsx]extra_Hob'!G10)," ",'C:\code\laboratoryspreadsheet\labspreadsheet\demo\remote_Hobbit\[LabSamples2019_Hob_extra.xlsx]extra_Hob'!G10) | H10: =IF(ISBLANK('C:\code\laboratoryspreadsheet\labspreadsheet\demo\remote_Hobbit\[LabSamples2019_Hob_extra.xlsx]extra_Hob'!H10)," ",'C:\code\laboratoryspreadsheet\labspreadsheet\demo\remote_Hobbit\[LabSamples2019_Hob_extra.xlsx]extra_Hob'!H10)
