Workbook

Sheet Huettenabwasser
A1: Huettenabwasser | B1: 2026
A2: Responsible: | B2: =HYPERLINK("mailto:Kai.Udert@eawag.ch?subject=[Lab results]", "Kai.Udert@eawag.ch")
A3: Samples: | B3: =HYPERLINK("Q:\Abteilungsprojekte\eng\EngData\AOS\Allgemein\LabSamples2026.xlsx#Huettenabwasser!A1","LabSamples2026.xlsx")
A5: Sample ID | C5: Site | G5: Sample | I5: Comment | J5: Communication Lab | K5: DOC | O5: TOC | S5: DIC | W5: TIC | AA5: Nsol | AE5: Ntot | AI5: Cl | AM5: NO2-N | AQ5: Br | AU5: NO3-N | AY5: PO4-P | BC5: SO4 | BG5: Na | BK5: NH4-N | BO5: K | BS5: Ca | BW5: Mg | CA5: Ptot | CE5: Urea | CI5: CODsol | CM5: CODtot | CQ5: Alkalinity | CU5: Conductivity | CY5: pH | DC5: Turbidity | DG5: TSS | DK5: VSS | DO5: Lactic Acid | DS5: Formic Acid | DW5: Acetic Acid | EA5: Propionic Acid | EE5: Isobutyric Acid | EI5: Butyric Acid | EM5: Isovaleric Acid | EQ5: Valeric Acid | EU5: Micropollutants | EZ5: ConcatID | FA5: ConcatID_X | FC5: MatchX
A6: Project ID | B6: Number | C6: Room | D6: Area | E6: Setup | F6: Component | G6: Date | H6: Time | K6: Final value | L6: Method | M6: Filtration | N6: Dilution | O6: Final value | P6: Method | Q6: Filtration | R6: Dilution | S6: Final value | T6: Method | U6: Filtration | V6: Dilution | W6: Final value | X6: Method | Y6: Filtration | Z6: Dilution | AA6: Final value | AB6: Method | AC6: Filtration | AD6: Dilution | AE6: Final value | AF6: Method | AG6: Filtration | AH6: Dilution | AI6: Final value | AJ6: Method | AK6: Filtration | AL6: Dilution | AM6: Final value | AN6: Method | AO6: Filtration | AP6: Dilution | AQ6: Final value | AR6: Method | AS6: Filtration | AT6: Dilution | AU6: Final value | AV6: Method | AW6: Filtration | AX6: Dilution | AY6: Final value | AZ6: Method | BA6: Filtration | BB6: Dilution | BC6: Final value | BD6: Method | BE6: Filtration | BF6: Dilution | BG6: Final value | BH6: Method | BI6: Filtration | BJ6: Dilution | BK6: Final value | BL6: Method | BM6: Filtration | BN6: Dilution | BO6: Final value | BP6: Method | BQ6: Filtration | BR6: Dilution | BS6: Final value | BT6: Method | BU6: Filtration | BV6: Dilution | BW6: Final value | BX6: Method | BY6: Filtration | BZ6: Dilution | CA6: Final value | CB6: Method | CC6: Filtration | CD6: Dilution | CE6: Final value | CF6: Method | CG6: Filtration | CH6: Dilution | CI6: Final value | CJ6: Method | CK6: Filtration | CL6: Dilution | CM6: Final value | CN6: Method | CO6: Filtration | CP6: Dilution | CQ6: Final value | CR6: Method | CS6: Filtration | CT6: Dilution | CU6: Final value | CV6: Method | CW6: Filtration | CX6: Dilution | CY6: Final value | CZ6: Method | DA6: Filtration | DB6: Dilution | DC6: Final value | DD6: Method | DE6: Filtration | DF6: Dilution | DG6: Final value | DH6: Method | DI6: Filtration | DJ6: Dilution | DK6: Final value | DL6: Method | DM6: Filtration | DN6: Dilution | DO6: Final value | DP6: Method | DQ6: Filtration | DR6: Dilution | DS6: Final value | DT6: Method | DU6: Filtration | DV6: Dilution | DW6: Final value | DX6: Method | DY6: Filtration | DZ6: Dilution | EA6: Final value | EB6: Method | EC6: Filtration | ED6: Dilution | EE6: Final value | EF6: Method | EG6: Filtration | EH6: Dilution | EI6: Final value | EJ6: Method | EK6: Filtration | EL6: Dilution | EM6: Final value | EN6: Method | EO6: Filtration | EP6: Dilution | EQ6: Final value | ER6: Method | ES6: Filtration | ET6: Dilution | EU6: Final value | EV6: Method | EW6: Filtration | EX6: Dilution
A7: [##] | B7: [yysss] | G7: [dd.mm.yyyy] | H7: [HH:MM:SS] | K7: mg/L | O7: mg/L | S7: mg/L | W7: mg/L | AA7: mg/L | AE7: mg/L | AI7: mg/L | AM7: mg/L | AQ7: mg/L | AU7: mg/L | AY7: mg/L | BC7: mg/L | BG7: mg/L | BK7: mg/L | BO7: mg/L | BS7: mg/L | BW7: mg/L | CA7: mg/L | CE7: mgN/L | CI7: mg/L | CM7: mg/L | CQ7: mmol/L | CU7: microS/cm | CY7: 1 | DC7: NTU | DG7: mg/L | DK7: mg/L | DO7: mg/L | DS7: mg/L | DW7: mg/L | EA7: mg/L | EE7: mg/L | EI7: mg/L | EM7: mg/L | EQ7: mg/L | EU7: ng/L
A8: Text | B8: Text | C8: Dropdown | D8: Dropdown | E8: Dropdown | F8: Dropdown | G8: Text | H8: Text | K8: Text | L8: Dropdown | M8: Dropdown | N8: Text | O8: Text | P8: Dropdown | Q8: Dropdown | R8: Text | S8: Text | T8: Dropdown | U8: Dropdown | V8: Text | W8: Text | X8: Dropdown | Y8: Dropdown | Z8: Text | AA8: Text | AB8: Dropdown | AC8: Dropdown | AD8: Text | AE8: Text | AF8: Dropdown | AG8: Dropdown | AH8: Text | AI8: Text | AJ8: Dropdown | AK8: Dropdown | AL8: Text | AM8: Text | AN8: Dropdown | AO8: Dropdown | AP8: Text | AQ8: Text | AR8: Dropdown | AS8: Dropdown | AT8: Text | AU8: Text | AV8: Dropdown | AW8: Dropdown | AX8: Text | AY8: Text | AZ8: Dropdown | BA8: Dropdown | BB8: Text | BC8: Text | BD8: Dropdown | BE8: Dropdown | BF8: Text | BG8: Text | BH8: Dropdown | BI8: Dropdown | BJ8: Text | BK8: Text | BL8: Dropdown | BM8: Dropdown | BN8: Text | BO8: Text | BP8: Dropdown | BQ8: Dropdown | BR8: Text | BS8: Text | BT8: Dropdown | BU8: Dropdown | BV8: Text | BW8: Text | BX8: Dropdown | BY8: Dropdown | BZ8: Text | CA8: Text | CB8: Dropdown | CC8: Dropdown | CD8: Text | CE8: Text | CF8: Dropdown | CG8: Dropdown | CH8: Text | CI8: Text | CJ8: Dropdown | CK8: Dropdown | CL8: Text | CM8: Text | CN8: Dropdown | CO8: Dropdown | CP8: Text | CQ8: Text | CR8: Dropdown | CS8: Dropdown | CT8: Text | CU8: Text | CV8: Dropdown | CW8: Dropdown | CX8: Text | CY8: Text | CZ8: Dropdown | DA8: Dropdown | DB8: Text | DC8: Text | DD8: Dropdown | DE8: Dropdown | DF8: Text | DG8: Text | DH8: Dropdown | DI8: Dropdown | DJ8: Text | DK8: Text | DL8: Dropdown | DM8: Dropdown | DN8: Text | DO8: Text | DP8: Dropdown | DQ8: Dropdown | DR8: Text | DS8: Text | DT8: Dropdown | DU8: Dropdown | DV8: Text | DW8: Text | DX8: Dropdown | DY8: Dropdown | DZ8: Text | EA8: Text | EB8: Dropdown | EC8: Dropdown | ED8: Text | EE8: Text | EF8: Dropdown | EG8: Dropdown | EH8: Text | EI8: Text | EJ8: Dropdown | EK8: Dropdown | EL8: Text | EM8: Text | EN8: Dropdown | EO8: Dropdown | EP8: Text | EQ8: Text | ER8: Dropdown | ES8: Dropdown | ET8: Text | EU8: Text | EV8: Dropdown | EW8: Dropdown | EX8: Text
C9: =IF(ISNUMBER(FC9),INDIRECT("SamplesX!C"&FC9),IF(ISNUMBER(FD9),INDIRECT("SamplesY!C"&FD9),"")) | D9: =IF(ISNUMBER(FC9),INDIRECT("SamplesX!D"&FC9),IF(ISNUMBER(FD9),INDIRECT("SamplesY!D"&FD9),"")) | E9: =IF(ISNUMBER(FC9),INDIRECT("SamplesX!E"&FC9),IF(ISNUMBER(FD9),INDIRECT("SamplesY!E"&FD9),"")) | F9: =IF(ISNUMBER(FC9),INDIRECT("SamplesX!F"&FC9),IF(ISNUMBER(FD9),INDIRECT("SamplesY!F"&FD9),"")) | G9: =IF(ISNUMBER(FC9),INDIRECT("SamplesX!G"&FC9),IF(ISNUMBER(FD9),INDIRECT("SamplesY!G"&FD9),"")) | H9: =IF(ISNUMBER(FC9),INDIRECT("SamplesX!H"&FC9),IF(ISNUMBER(FD9),INDIRECT("SamplesY!H"&FD9),"")) | I9: =IF(ISNUMBER(FC9),IF(INDEX('Q:\Abteilungsprojekte\eng\EngData\AOS\Allgemein\[LabSamples2026.xlsx]Huettenabwasser'!M:M,FC9)="","",INDEX('Q:\Abteilungsprojekte\eng\EngData\AOS\Allgemein\[LabSamples2026.xlsx]Huettenabwasser'!M:M,FC9)),"") | J9: =IF(ISNUMBER(FC9),IF(INDEX('Q:\Abteilungsprojekte\eng\EngData\AOS\Allgemein\[LabSamples2026.xlsx]Huettenabwasser'!N:N,FC9)="","",INDEX('Q:\Abteilungsprojekte\eng\EngData\AOS\Allgemein\[LabSamples2026.xlsx]Huettenabwasser'!N:N,FC9)),"") | L9: Shimadzu TOC-L | M9: None | P9: Shimadzu TOC-L | Q9: None | T9: Shimadzu TOC-L | U9: None | X9: Shimadzu TOC-L | Y9: None | AC9: None | AG9: None | AJ9: IC Anionen | AK9: None | AO9: None | AR9: IC Anionen | AS9: None | AW9: None | BA9: None | BD9: IC Anionen | BE9: None | BH9: IC Kationen | BI9: None | BM9: None | BP9: IC Kationen | BQ9: None | BT9: IC Kationen | BU9: None | BX9: IC Kationen | BY9: None | CC9: None | CG9: None | CK9: None | CO9: None | CR9: SOP 45-34 | CS9: None | CW9: None | DA9: None | DE9: None | DH9: SOP 45-09 | DI9: None | DL9: SOP 45-09 | DM9: None | DP9: IC Organic Acids | DQ9: None | DT9: IC Organic Acids | DU9: None | DX9: IC Organic Acids | DY9: None | EB9: IC Organic Acids | EC9: None | EF9: IC Organic Acids | EG9: None | EJ9: IC Organic Acids | EK9: None | EN9: IC Organic Acids | EO9: None | ER9: IC Organic Acids | ES9: None | EV9: LC-MS | EW9: None | EZ9: =TEXT(A9,"@") & TEXT(B9,"@") | FA9: =TEXT(SamplesX!A9,"@") & TEXT(SamplesX!B9,"@") | FC9: =MATCH(EZ9,FA1:FA1008,0)
C10: =IF(ISNUMBER(FC10),INDIRECT("SamplesX!C"&FC10),IF(ISNUMBER(FD10),INDIRECT("SamplesY!C"&FD10),"")) | D10: =IF(ISNUMBER(FC10),INDIRECT("SamplesX!D"&FC10),IF(ISNUMBER(FD10),INDIRECT("SamplesY!D"&FD10),"")) | E10: =IF(ISNUMBER(FC10),INDIRECT("SamplesX!E"&FC10),IF(ISNUMBER(FD10),INDIRECT("SamplesY!E"&FD10),"")) | F10: =IF(ISNUMBER(FC10),INDIRECT("SamplesX!F"&FC10),IF(ISNUMBER(FD10),INDIRECT("SamplesY!F"&FD10),"")) | G10: =IF(ISNUMBER(FC10),INDIRECT("SamplesX!G"&FC10),IF(ISNUMBER(FD10),INDIRECT("SamplesY!G"&FD10),"")) | H10: =IF(ISNUMBER(FC10),INDIRECT("SamplesX!H"&FC10),IF(ISNUMBER(FD10),INDIRECT("SamplesY!H"&FD10),"")) | I10: =IF(ISNUMBER(FC10),IF(INDEX('Q:\Abteilungsprojekte\eng\EngData\AOS\Allgemein\[LabSamples2026.xlsx]Huettenabwasser'!M:M,FC10)="","",INDEX('Q:\Abteilungsprojekte\eng\EngData\AOS\Allgemein\[LabSamples2026.xlsx]Huettenabwasser'!M:M,FC10)),"") | J10: =IF(ISNUMBER(FC10),IF(INDEX('Q:\Abteilungsprojekte\eng\EngData\AOS\Allgemein\[LabSamples2026.xlsx]Huettenabwasser'!N:N,FC10)="","",INDEX('Q:\Abteilungsprojekte\eng\EngData\AOS\Allgemein\[LabSamples2026.xlsx]Huettenabwasser'!N:N,FC10)),"") | L10: Shimadzu TOC-L | M10: None | P10: Shimadzu TOC-L | Q10: None | T10: Shimadzu TOC-L | U10: None | X10: Shimadzu TOC-L | Y10: None | AC10: None | AG10: None | AJ10: IC Anionen | AK10: None | AO10: None | AR10: IC Anionen | AS10: None | AW10: None | BA10: None | BD10: IC Anionen | BE10: None | BH10: IC Kationen | BI10: None | BM10: None | BP10: IC Kationen | BQ10: None | BT10: IC Kationen | BU10: None | BX10: IC Kationen | BY10: None | CC10: None | CG10: None | CK10: None | CO10: None | CR10: SOP 45-34 | CS10: None | CW10: None | DA10: None | DE10: None | DH10: SOP 45-09 | DI10: None | DL10: SOP 45-09 | DM10: None | DP10: IC Organic Acids | DQ10: None | DT10: IC Organic Acids | DU10: None | DX10: IC Organic Acids | DY10: None | EB10: IC Organic Acids | EC10: None | EF10: IC Organic Acids | EG10: None | EJ10: IC Organic Acids | EK10: None | EN10: IC Organic Acids | EO10: None | ER10: IC Organic Acids | ES10: None | EV10: LC-MS | EW10: None | EZ10: =TEXT(A10,"@") & TEXT(B10,"@") | FA10: =TEXT(SamplesX!A10,"@") & TEXT(SamplesX!B10,"@") | FC10: =MATCH(EZ10,FA1:FA1008,0)
C11: =IF(ISNUMBER(FC11),INDIRECT("SamplesX!C"&FC11),IF(ISNUMBER(FD11),INDIRECT("SamplesY!C"&FD11),"")) | D11: =IF(ISNUMBER(FC11),INDIRECT("SamplesX!D"&FC11),IF(ISNUMBER(FD11),INDIRECT("SamplesY!D"&FD11),"")) | E11: =IF(ISNUMBER(FC11),INDIRECT("SamplesX!E"&FC11),IF(ISNUMBER(FD11),INDIRECT("SamplesY!E"&FD11),"")) | F11: =IF(ISNUMBER(FC11),INDIRECT("SamplesX!F"&FC11),IF(ISNUMBER(FD11),INDIRECT("SamplesY!F"&FD11),"")) | G11: =IF(ISNUMBER(FC11),INDIRECT("SamplesX!G"&FC11),IF(ISNUMBER(FD11),INDIRECT("SamplesY!G"&FD11),"")) | H11: =IF(ISNUMBER(FC11),INDIRECT("SamplesX!H"&FC11),IF(ISNUMBER(FD11),INDIRECT("SamplesY!H"&FD11),"")) | I11: =IF(ISNUMBER(FC11),IF(INDEX('Q:\Abteilungsprojekte\eng\EngData\AOS\Allgemein\[LabSamples2026.xlsx]Huettenabwasser'!M:M,FC11)="","",INDEX('Q:\Abteilungsprojekte\eng\EngData\AOS\Allgemein\[LabSamples2026.xlsx]Huettenabwasser'!M:M,FC11)),"") | J11: =IF(ISNUMBER(FC11),IF(INDEX('Q:\Abteilungsprojekte\eng\EngData\AOS\Allgemein\[LabSamples2026.xlsx]Huettenabwasser'!N:N,FC11)="","",INDEX('Q:\Abteilungsprojekte\eng\EngData\AOS\Allgemein\[LabSamples2026.xlsx]Huettenabwasser'!N:N,FC11)),"") | L11: Shimadzu TOC-L | M11: None | P11: Shimadzu TOC-L | Q11: None | T11: Shimadzu TOC-L | U11: None | X11: Shimadzu TOC-L | Y11: None | AC11: None | AG11: None | AJ11: IC Anionen | AK11: None | AO11: None | AR11: IC Anionen | AS11: None | AW11: None | BA11: None | BD11: IC Anionen | BE11: None | BH11: IC Kationen | BI11: None | BM11: None | BP11: IC Kationen | BQ11: None | BT11: IC Kationen | BU11: None | BX11: IC Kationen | BY11: None | CC11: None | CG11: None | CK11: None | CO11: None | CR11: SOP 45-34 | CS11: None | CW11: None | DA11: None | DE11: None | DH11: SOP 45-09 | DI11: None | DL11: SOP 45-09 | DM11: None | DP11: IC Organic Acids | DQ11: None | DT11: IC Organic Acids | DU11: None | DX11: IC Organic Acids | DY11: None | EB11: IC Organic Acids | EC11: None | EF11: IC Organic Acids | EG11: None | EJ11: IC Organic Acids | EK11: None | EN11: IC Organic Acids | EO11: None | ER11: IC Organic Acids | ES11: None | EV11: LC-MS | EW11: None | EZ11: =TEXT(A11,"@") & TEXT(B11,"@") | FA11: =TEXT(SamplesX!A11,"@") & TEXT(SamplesX!B11,"@") | FC11: =MATCH(EZ11,FA1:FA1008,0)
C12: =IF(ISNUMBER(FC12),INDIRECT("SamplesX!C"&FC12),IF(ISNUMBER(FD12),INDIRECT("SamplesY!C"&FD12),"")) | D12: =IF(ISNUMBER(FC12),INDIRECT("SamplesX!D"&FC12),IF(ISNUMBER(FD12),INDIRECT("SamplesY!D"&FD12),"")) | E12: =IF(ISNUMBER(FC12),INDIRECT("SamplesX!E"&FC12),IF(ISNUMBER(FD12),INDIRECT("SamplesY!E"&FD12),"")) | F12: =IF(ISNUMBER(FC12),INDIRECT("SamplesX!F"&FC12),IF(ISNUMBER(FD12),INDIRECT("SamplesY!F"&FD12),"")) | G12: =IF(ISNUMBER(FC12),INDIRECT("SamplesX!G"&FC12),IF(ISNUMBER(FD12),INDIRECT("SamplesY!G"&FD12),"")) | H12: =IF(ISNUMBER(FC12),INDIRECT("SamplesX!H"&FC12),IF(ISNUMBER(FD12),INDIRECT("SamplesY!H"&FD12),"")) | I12: =IF(ISNUMBER(FC12),IF(INDEX('Q:\Abteilungsprojekte\eng\EngData\AOS\Allgemein\[LabSamples2026.xlsx]Huettenabwasser'!M:M,FC12)="","",INDEX('Q:\Abteilungsprojekte\eng\EngData\AOS\Allgemein\[LabSamples2026.xlsx]Huettenabwasser'!M:M,FC12)),"") | J12: =IF(ISNUMBER(FC12),IF(INDEX('Q:\Abteilungsprojekte\eng\EngData\AOS\Allgemein\[LabSamples2026.xlsx]Huettenabwasser'!N:N,FC12)="","",INDEX('Q:\Abteilungsprojekte\eng\EngData\AOS\Allgemein\[LabSamples2026.xlsx]Huettenabwasser'!N:N,FC12)),"") | L12: Shimadzu TOC-L | M12: None | P12: Shimadzu TOC-L | Q12: None | T12: Shimadzu TOC-L | U12: None | X12: Shimadzu TOC-L | Y12: None | AC12: None | AG12: None | AJ12: IC Anionen | AK12: None | AO12: None | AR12: IC Anionen | AS12: None | AW12: None | BA12: None | BD12: IC Anionen | BE12: None | BH12: IC Kationen | BI12: None | BM12: None | BP12: IC Kationen | BQ12: None | BT12: IC Kationen | BU12: None | BX12: IC Kationen | BY12: None | CC12: None | CG12: None | CK12: None | CO12: None | CR12: SOP 45-34 | CS12: None | CW12: None | DA12: None | DE12: None | DH12: SOP 45-09 | DI12: None | DL12: SOP 45-09 | DM12: None | DP12: IC Organic Acids | DQ12: None | DT12: IC Organic Acids | DU12: None | DX12: IC Organic Acids | DY12: None | EB12: IC Organic Acids | EC12: None | EF12: IC Organic Acids | EG12: None | EJ12: IC Organic Acids | EK12: None | EN12: IC Organic Acids | EO12: None | ER12: IC Organic Acids | ES12: None | EV12: LC-MS | EW12: None | EZ12: =TEXT(A12,"@") & TEXT(B12,"@") | FA12: =TEXT(SamplesX!A12,"@") & TEXT(SamplesX!B12,"@") | FC12: =MATCH(EZ12,FA1:FA1008,0)
C13: =IF(ISNUMBER(FC13),INDIRECT("SamplesX!C"&FC13),IF(ISNUMBER(FD13),INDIRECT("SamplesY!C"&FD13),"")) | D13: =IF(ISNUMBER(FC13),INDIRECT("SamplesX!D"&FC13),IF(ISNUMBER(FD13),INDIRECT("SamplesY!D"&FD13),"")) | E13: =IF(ISNUMBER(FC13),INDIRECT("SamplesX!E"&FC13),IF(ISNUMBER(FD13),INDIRECT("SamplesY!E"&FD13),"")) | F13: =IF(ISNUMBER(FC13),INDIRECT("SamplesX!F"&FC13),IF(ISNUMBER(FD13),INDIRECT("SamplesY!F"&FD13),"")) | G13: =IF(ISNUMBER(FC13),INDIRECT("SamplesX!G"&FC13),IF(ISNUMBER(FD13),INDIRECT("SamplesY!G"&FD13),"")) | H13: =IF(ISNUMBER(FC13),INDIRECT("SamplesX!H"&FC13),IF(ISNUMBER(FD13),INDIRECT("SamplesY!H"&FD13),"")) | I13: =IF(ISNUMBER(FC13),IF(INDEX('Q:\Abteilungsprojekte\eng\EngData\AOS\Allgemein\[LabSamples2026.xlsx]Huettenabwasser'!M:M,FC13)="","",INDEX('Q:\Abteilungsprojekte\eng\EngData\AOS\Allgemein\[LabSamples2026.xlsx]Huettenabwasser'!M:M,FC13)),"") | J13: =IF(ISNUMBER(FC13),IF(INDEX('Q:\Abteilungsprojekte\eng\EngData\AOS\Allgemein\[LabSamples2026.xlsx]Huettenabwasser'!N:N,FC13)="","",INDEX('Q:\Abteilungsprojekte\eng\EngData\AOS\Allgemein\[LabSamples2026.xlsx]Huettenabwasser'!N:N,FC13)),"") | L13: Shimadzu TOC-L | M13: None | P13: Shimadzu TOC-L | Q13: None | T13: Shimadzu TOC-L | U13: None | X13: Shimadzu TOC-L | Y13: None | AC13: None | AG13: None | AJ13: IC Anionen | AK13: None | AO13: None | AR13: IC Anionen | AS13: None | AW13: None | BA13: None | BD13: IC Anionen | BE13: None | BH13: IC Kationen | BI13: None | BM13: None | BP13: IC Kationen | BQ13: None | BT13: IC Kationen | BU13: None | BX13: IC Kationen | BY13: None | CC13: None | CG13: None | CK13: None | CO13: None | CR13: SOP 45-34 | CS13: None | CW13: None | DA13: None | DE13: None | DH13: SOP 45-09 | DI13: None | DL13: SOP 45-09 | DM13: None | DP13: IC Organic Acids | DQ13: None | DT13: IC Organic Acids | DU13: None | DX13: IC Organic Acids | DY13: None | EB13: IC Organic Acids | EC13: None | EF13: IC Organic Acids | EG13: None | EJ13: IC Organic Acids | EK13: None | EN13: IC Organic Acids | EO13: None | ER13: IC Organic Acids | ES13: None | EV13: LC-MS | EW13: None | EZ13: =TEXT(A13,"@") & TEXT(B13,"@") | FA13: =TEXT(SamplesX!A13,"@") & TEXT(SamplesX!B13,"@") | FC13: =MATCH(EZ13,FA1:FA1008,0)
C14: =IF(ISNUMBER(FC14),INDIRECT("SamplesX!C"&FC14),IF(ISNUMBER(FD14),INDIRECT("SamplesY!C"&FD14),"")) | D14: =IF(ISNUMBER(FC14),INDIRECT("SamplesX!D"&FC14),IF(ISNUMBER(FD14),INDIRECT("SamplesY!D"&FD14),"")) | E14: =IF(ISNUMBER(FC14),INDIRECT("SamplesX!E"&FC14),IF(ISNUMBER(FD14),INDIRECT("SamplesY!E"&FD14),"")) | F14: =IF(ISNUMBER(FC14),INDIRECT("SamplesX!F"&FC14),IF(ISNUMBER(FD14),INDIRECT("SamplesY!F"&FD14),"")) | G14: =IF(ISNUMBER(FC14),INDIRECT("SamplesX!G"&FC14),IF(ISNUMBER(FD14),INDIRECT("SamplesY!G"&FD14),"")) | H14: =IF(ISNUMBER(FC14),INDIRECT("SamplesX!H"&FC14),IF(ISNUMBER(FD14),INDIRECT("SamplesY!H"&FD14),"")) | I14: =IF(ISNUMBER(FC14),IF(INDEX('Q:\Abteilungsprojekte\eng\EngData\AOS\Allgemein\[LabSamples2026.xlsx]Huettenabwasser'!M:M,FC14)="","",INDEX('Q:\Abteilungsprojekte\eng\EngData\AOS\Allgemein\[LabSamples2026.xlsx]Huettenabwasser'!M:M,FC14)),"") | J14: =IF(ISNUMBER(FC14),IF(INDEX('Q:\Abteilungsprojekte\eng\EngData\AOS\Allgemein\[LabSamples2026.xlsx]Huettenabwasser'!N:N,FC14)="","",INDEX('Q:\Abteilungsprojekte\eng\EngData\AOS\Allgemein\[LabSamples2026.xlsx]Huettenabwasser'!N:N,FC14)),"") | L14: Shimadzu TOC-L | M14: None | P14: Shimadzu TOC-L | Q14: None | T14: Shimadzu TOC-L | U14: None | X14: Shimadzu TOC-L | Y14: None | AC14: None | AG14: None | AJ14: IC Anionen | AK14: None | AO14: None | AR14: IC Anionen | AS14: None | AW14: None | BA14: None | BD14: IC Anionen | BE14: None | BH14: IC Kationen | BI14: None | BM14: None | BP14: IC Kationen | BQ14: None | BT14: IC Kationen | BU14: None | BX14: IC Kationen | BY14: None | CC14: None | CG14: None | CK14: None | CO14: None | CR14: SOP 45-34 | CS14: None | CW14: None | DA14: None | DE14: None | DH14: SOP 45-09 | DI14: None | DL14: SOP 45-09 | DM14: None | DP14: IC Organic Acids | DQ14: None | DT14: IC Organic Acids | DU14: None | DX14: IC Organic Acids | DY14: None | EB14: IC Organic Acids | EC14: None | EF14: IC Organic Acids | EG14: None | EJ14: IC Organic Acids | EK14: None | EN14: IC Organic Acids | EO14: None | ER14: IC Organic Acids | ES14: None | EV14: LC-MS | EW14: None | EZ14: =TEXT(A14,"@") & TEXT(B14,"@") | FA14: =TEXT(SamplesX!A14,"@") & TEXT(SamplesX!B14,"@") | FC14: =MATCH(EZ14,FA1:FA1008,0)
C15: =IF(ISNUMBER(FC15),INDIRECT("SamplesX!C"&FC15),IF(ISNUMBER(FD15),INDIRECT("SamplesY!C"&FD15),"")) | D15: =IF(ISNUMBER(FC15),INDIRECT("SamplesX!D"&FC15),IF(ISNUMBER(FD15),INDIRECT("SamplesY!D"&FD15),"")) | E15: =IF(ISNUMBER(FC15),INDIRECT("SamplesX!E"&FC15),IF(ISNUMBER(FD15),INDIRECT("SamplesY!E"&FD15),"")) | F15: =IF(ISNUMBER(FC15),INDIRECT("SamplesX!F"&FC15),IF(ISNUMBER(FD15),INDIRECT("SamplesY!F"&FD15),"")) | G15: =IF(ISNUMBER(FC15),INDIRECT("SamplesX!G"&FC15),IF(ISNUMBER(FD15),INDIRECT("SamplesY!G"&FD15),"")) | H15: =IF(ISNUMBER(FC15),INDIRECT("SamplesX!H"&FC15),IF(ISNUMBER(FD15),INDIRECT("SamplesY!H"&FD15),"")) | I15: =IF(ISNUMBER(FC15),IF(INDEX('Q:\Abteilungsprojekte\eng\EngData\AOS\Allgemein\[LabSamples2026.xlsx]Huettenabwasser'!M:M,FC15)="","",INDEX('Q:\Abteilungsprojekte\eng\EngData\AOS\Allgemein\[LabSamples2026.xlsx]Huettenabwasser'!M:M,FC15)),"") | J15: =IF(ISNUMBER(FC15),IF(INDEX('Q:\Abteilungsprojekte\eng\EngData\AOS\Allgemein\[LabSamples2026.xlsx]Huettenabwasser'!N:N,FC15)="","",INDEX('Q:\Abteilungsprojekte\eng\EngData\AOS\Allgemein\[LabSamples2026.xlsx]Huettenabwasser'!N:N,FC15)),"") | L15: Shimadzu TOC-L | M15: None | P15: Shimadzu TOC-L | Q15: None | T15: Shimadzu TOC-L | U15: None | X15: Shimadzu TOC-L | Y15: None | AC15: None | AG15: None | AJ15: IC Anionen | AK15: None | AO15: None | AR15: IC Anionen | AS15: None | AW15: None | BA15: None | BD15: IC Anionen | BE15: None | BH15: IC Kationen | BI15: None | BM15: None | BP15: IC Kationen | BQ15: None | BT15: IC Kationen | BU15: None | BX15: IC Kationen | BY15: None | CC15: None | CG15: None | CK15: None | CO15: None | CR15: SOP 45-34 | CS15: None | CW15: None | DA15: None | DE15: None | DH15: SOP 45-09 | DI15: None | DL15: SOP 45-09 | DM15: None | DP15: IC Organic Acids | DQ15: None | DT15: IC Organic Acids | DU15: None | DX15: IC Organic Acids | DY15: None | EB15: IC Organic Acids | EC15: None | EF15: IC Organic Acids | EG15: None | EJ15: IC Organic Acids | EK15: None | EN15: IC Organic Acids | EO15: None | ER15: IC Organic Acids | ES15: None | EV15: LC-MS | EW15: None | EZ15: =TEXT(A15,"@") & TEXT(B15,"@") | FA15: =TEXT(SamplesX!A15,"@") & TEXT(SamplesX!B15,"@") | FC15: =MATCH(EZ15,FA1:FA1008,0)
C16: =IF(ISNUMBER(FC16),INDIRECT("SamplesX!C"&FC16),IF(ISNUMBER(FD16),INDIRECT("SamplesY!C"&FD16),"")) | D16: =IF(ISNUMBER(FC16),INDIRECT("SamplesX!D"&FC16),IF(ISNUMBER(FD16),INDIRECT("SamplesY!D"&FD16),"")) | E16: =IF(ISNUMBER(FC16),INDIRECT("SamplesX!E"&FC16),IF(ISNUMBER(FD16),INDIRECT("SamplesY!E"&FD16),"")) | F16: =IF(ISNUMBER(FC16),INDIRECT("SamplesX!F"&FC16),IF(ISNUMBER(FD16),INDIRECT("SamplesY!F"&FD16),"")) | G16: =IF(ISNUMBER(FC16),INDIRECT("SamplesX!G"&FC16),IF(ISNUMBER(FD16),INDIRECT("SamplesY!G"&FD16),"")) | H16: =IF(ISNUMBER(FC16),INDIRECT("SamplesX!H"&FC16),IF(ISNUMBER(FD16),INDIRECT("SamplesY!H"&FD16),"")) | I16: =IF(ISNUMBER(FC16),IF(INDEX('Q:\Abteilungsprojekte\eng\EngData\AOS\Allgemein\[LabSamples2026.xlsx]Huettenabwasser'!M:M,FC16)="","",INDEX('Q:\Abteilungsprojekte\eng\EngData\AOS\Allgemein\[LabSamples2026.xlsx]Huettenabwasser'!M:M,FC16)),"") | J16: =IF(ISNUMBER(FC16),IF(INDEX('Q:\Abteilungsprojekte\eng\EngData\AOS\Allgemein\[LabSamples2026.xlsx]Huettenabwasser'!N:N,FC16)="","",INDEX('Q:\Abteilungsprojekte\eng\EngData\AOS\Allgemein\[LabSamples2026.xlsx]Huettenabwasser'!N:N,FC16)),"") | L16: Shimadzu TOC-L | M16: None | P16: Shimadzu TOC-L | Q16: None | T16: Shimadzu TOC-L | U16: None | X16: Shimadzu TOC-L | Y16: None | AC16: None | AG16: None | AJ16: IC Anionen | AK16: None | AO16: None | AR16: IC Anionen | AS16: None | AW16: None | BA16: None | BD16: IC Anionen | BE16: None | BH16: IC Kationen | BI16: None | BM16: None | BP16: IC Kationen | BQ16: None | BT16: IC Kationen | BU16: None | BX16: IC Kationen | BY16: None | CC16: None | CG16: None | CK16: None | CO16: None | CR16: SOP 45-34 | CS16: None | CW16: None | DA16: None | DE16: None | DH16: SOP 45-09 | DI16: None | DL16: SOP 45-09 | DM16: None | DP16: IC Organic Acids | DQ16: None | DT16: IC Organic Acids | DU16: None | DX16: IC Organic Acids | DY16: None | EB16: IC Organic Acids | EC16: None | EF16: IC Organic Acids | EG16: None | EJ16: IC Organic Acids | EK16: None | EN16: IC Organic Acids | EO16: None | ER16: IC Organic Acids | ES16: None | EV16: LC-MS | EW16: None | EZ16: =TEXT(A16,"@") & TEXT(B16,"@") | FA16: =TEXT(SamplesX!A16,"@") & TEXT(SamplesX!B16,"@") | FC16: =MATCH(EZ16,FA1:FA1008,0)
C17: =IF(ISNUMBER(FC17),INDIRECT("SamplesX!C"&FC17),IF(ISNUMBER(FD17),INDIRECT("SamplesY!C"&FD17),"")) | D17: =IF(ISNUMBER(FC17),INDIRECT("SamplesX!D"&FC17),IF(ISNUMBER(FD17),INDIRECT("SamplesY!D"&FD17),"")) | E17: =IF(ISNUMBER(FC17),INDIRECT("SamplesX!E"&FC17),IF(ISNUMBER(FD17),INDIRECT("SamplesY!E"&FD17),"")) | F17: =IF(ISNUMBER(FC17),INDIRECT("SamplesX!F"&FC17),IF(ISNUMBER(FD17),INDIRECT("SamplesY!F"&FD17),"")) | G17: =IF(ISNUMBER(FC17),INDIRECT("SamplesX!G"&FC17),IF(ISNUMBER(FD17),INDIRECT("SamplesY!G"&FD17),"")) | H17: =IF(ISNUMBER(FC17),INDIRECT("SamplesX!H"&FC17),IF(ISNUMBER(FD17),INDIRECT("SamplesY!H"&FD17),"")) | I17: =IF(ISNUMBER(FC17),IF(INDEX('Q:\Abteilungsprojekte\eng\EngData\AOS\Allgemein\[LabSamples2026.xlsx]Huettenabwasser'!M:M,FC17)="","",INDEX('Q:\Abteilungsprojekte\eng\EngData\AOS\Allgemein\[LabSamples2026.xlsx]Huettenabwasser'!M:M,FC17)),"") | J17: =IF(ISNUMBER(FC17),IF(INDEX('Q:\Abteilungsprojekte\eng\EngData\AOS\Allgemein\[LabSamples2026.xlsx]Huettenabwasser'!N:N,FC17)="","",INDEX('Q:\Abteilungsprojekte\eng\EngData\AOS\Allgemein\[LabSamples2026.xlsx]Huettenabwasser'!N:N,FC17)),"") | L17: Shimadzu TOC-L | M17: None | P17: Shimadzu TOC-L | Q17: None | T17: Shimadzu TOC-L | U17: None | X17: Shimadzu TOC-L | Y17: None | AC17: None | AG17: None | AJ17: IC Anionen | AK17: None | AO17: None | AR17: IC Anionen | AS17: None | AW17: None | BA17: None | BD17: IC Anionen | BE17: None | BH17: IC Kationen | BI17: None | BM17: None | BP17: IC Kationen | BQ17: None | BT17: IC Kationen | BU17: None | BX17: IC Kationen | BY17: None | CC17: None | CG17: None | CK17: None | CO17: None | CR17: SOP 45-34 | CS17: None | CW17: None | DA17: None | DE17: None | DH17: SOP 45-09 | DI17: None | DL17: SOP 45-09 | DM17: None | DP17: IC Organic Acids | DQ17: None | DT17: IC Organic Acids | DU17: None | DX17: IC Organic Acids | DY17: None | EB17: IC Organic Acids | EC17: None | EF17: IC Organic Acids | EG17: None | EJ17: IC Organic Acids | EK17: None | EN17: IC Organic Acids | EO17: None | ER17: IC Organic Acids | ES17: None | EV17: LC-MS | EW17: None | EZ17: =TEXT(A17,"@") & TEXT(B17,"@") | FA17: =TEXT(SamplesX!A17,"@") & TEXT(SamplesX!B17,"@") | FC17: =MATCH(EZ17,FA1:FA1008,0)
C18: =IF(ISNUMBER(FC18),INDIRECT("SamplesX!C"&FC18),IF(ISNUMBER(FD18),INDIRECT("SamplesY!C"&FD18),"")) | D18: =IF(ISNUMBER(FC18),INDIRECT("SamplesX!D"&FC18),IF(ISNUMBER(FD18),INDIRECT("SamplesY!D"&FD18),"")) | E18: =IF(ISNUMBER(FC18),INDIRECT("SamplesX!E"&FC18),IF(ISNUMBER(FD18),INDIRECT("SamplesY!E"&FD18),"")) | F18: =IF(ISNUMBER(FC18),INDIRECT("SamplesX!F"&FC18),IF(ISNUMBER(FD18),INDIRECT("SamplesY!F"&FD18),"")) | G18: =IF(ISNUMBER(FC18),INDIRECT("SamplesX!G"&FC18),IF(ISNUMBER(FD18),INDIRECT("SamplesY!G"&FD18),"")) | H18: =IF(ISNUMBER(FC18),INDIRECT("SamplesX!H"&FC18),IF(ISNUMBER(FD18),INDIRECT("SamplesY!H"&FD18),"")) | I18: =IF(ISNUMBER(FC18),IF(INDEX('Q:\Abteilungsprojekte\eng\EngData\AOS\Allgemein\[LabSamples2026.xlsx]Huettenabwasser'!M:M,FC18)="","",INDEX('Q:\Abteilungsprojekte\eng\EngData\AOS\Allgemein\[LabSamples2026.xlsx]Huettenabwasser'!M:M,FC18)),"") | J18: =IF(ISNUMBER(FC18),IF(INDEX('Q:\Abteilungsprojekte\eng\EngData\AOS\Allgemein\[LabSamples2026.xlsx]Huettenabwasser'!N:N,FC18)="","",INDEX('Q:\Abteilungsprojekte\eng\EngData\AOS\Allgemein\[LabSamples2026.xlsx]Huettenabwasser'!N:N,FC18)),"") | L18: Shimadzu TOC-L | M18: None | P18: Shimadzu TOC-L | Q18: None | T18: Shimadzu TOC-L | U18: None | X18: Shimadzu TOC-L | Y18: None | AC18: None | AG18: None | AJ18: IC Anionen | AK18: None | AO18: None | AR18: IC Anionen | AS18: None | AW18: None | BA18: None | BD18: IC Anionen | BE18: None | BH18: IC Kationen | BI18: None | BM18: None | BP18: IC Kationen | BQ18: None | BT18: IC Kationen | BU18: None | BX18: IC Kationen | BY18: None | CC18: None | CG18: None | CK18: None | CO18: None | CR18: SOP 45-34 | CS18: None | CW18: None | DA18: None | DE18: None | DH18: SOP 45-09 | DI18: None | DL18: SOP 45-09 | DM18: None | DP18: IC Organic Acids | DQ18: None | DT18: IC Organic Acids | DU18: None | DX18: IC Organic Acids | DY18: None | EB18: IC Organic Acids | EC18: None | EF18: IC Organic Acids | EG18: None | EJ18: IC Organic Acids | EK18: None | EN18: IC Organic Acids | EO18: None | ER18: IC Organic Acids | ES18: None | EV18: LC-MS | EW18: None | EZ18: =TEXT(A18,"@") & TEXT(B18,"@") | FA18: =TEXT(SamplesX!A18,"@") & TEXT(SamplesX!B18,"@") | FC18: =MATCH(EZ18,FA1:FA1008,0)
C19: =IF(ISNUMBER(FC19),INDIRECT("SamplesX!C"&FC19),IF(ISNUMBER(FD19),INDIRECT("SamplesY!C"&FD19),"")) | D19: =IF(ISNUMBER(FC19),INDIRECT("SamplesX!D"&FC19),IF(ISNUMBER(FD19),INDIRECT("SamplesY!D"&FD19),"")) | E19: =IF(ISNUMBER(FC19),INDIRECT("SamplesX!E"&FC19),IF(ISNUMBER(FD19),INDIRECT("SamplesY!E"&FD19),"")) | F19: =IF(ISNUMBER(FC19),INDIRECT("SamplesX!F"&FC19),IF(ISNUMBER(FD19),INDIRECT("SamplesY!F"&FD19),"")) | G19: =IF(ISNUMBER(FC19),INDIRECT("SamplesX!G"&FC19),IF(ISNUMBER(FD19),INDIRECT("SamplesY!G"&FD19),"")) | H19: =IF(ISNUMBER(FC19),INDIRECT("SamplesX!H"&FC19),IF(ISNUMBER(FD19),INDIRECT("SamplesY!H"&FD19),"")) | I19: =IF(ISNUMBER(FC19),IF(INDEX('Q:\Abteilungsprojekte\eng\EngData\AOS\Allgemein\[LabSamples2026.xlsx]Huettenabwasser'!M:M,FC19)="","",INDEX('Q:\Abteilungsprojekte\eng\EngData\AOS\Allgemein\[LabSamples2026.xlsx]Huettenabwasser'!M:M,FC19)),"") | J19: =IF(ISNUMBER(FC19),IF(INDEX('Q:\Abteilungsprojekte\eng\EngData\AOS\Allgemein\[LabSamples2026.xlsx]Huettenabwasser'!N:N,FC19)="","",INDEX('Q:\Abteilungsprojekte\eng\EngData\AOS\Allgemein\[LabSamples2026.xlsx]Huettenabwasser'!N:N,FC19)),"") | L19: Shimadzu TOC-L | M19: None | P19: Shimadzu TOC-L | Q19: None | T19: Shimadzu TOC-L | U19: None | X19: Shimadzu TOC-L | Y19: None | AC19: None | AG19: None | AJ19: IC Anionen | AK19: None | AO19: None | AR19: IC Anionen | AS19: None | AW19: None | BA19: None | BD19: IC Anionen | BE19: None | BH19: IC Kationen | BI19: None | BM19: None | BP19: IC Kationen | BQ19: None | BT19: IC Kationen | BU19: None | BX19: IC Kationen | BY19: None | CC19: None | CG19: None | CK19: None | CO19: None | CR19: SOP 45-34 | CS19: None | CW19: None | DA19: None | DE19: None | DH19: SOP 45-09 | DI19: None | DL19: SOP 45-09 | DM19: None | DP19: IC Organic Acids | DQ19: None | DT19: IC Organic Acids | DU19: None | DX19: IC Organic Acids | DY19: None | EB19: IC Organic Acids | EC19: None | EF19: IC Organic Acids | EG19: None | EJ19: IC Organic Acids | EK19: None | EN19: IC Organic Acids | EO19: None | ER19: IC Organic Acids | ES19: None | EV19: LC-MS | EW19: None | EZ19: =TEXT(A19,"@") & TEXT(B19,"@") | FA19: =TEXT(SamplesX!A19,"@") & TEXT(SamplesX!B19,"@") | FC19: =MATCH(EZ19,FA1:FA1008,0)
C20: =IF(ISNUMBER(FC20),INDIRECT("SamplesX!C"&FC20),IF(ISNUMBER(FD20),INDIRECT("SamplesY!C"&FD20),"")) | D20: =IF(ISNUMBER(FC20),INDIRECT("SamplesX!D"&FC20),IF(ISNUMBER(FD20),INDIRECT("SamplesY!D"&FD20),"")) | E20: =IF(ISNUMBER(FC20),INDIRECT("SamplesX!E"&FC20),IF(ISNUMBER(FD20),INDIRECT("SamplesY!E"&FD20),"")) | F20: =IF(ISNUMBER(FC20),INDIRECT("SamplesX!F"&FC20),IF(ISNUMBER(FD20),INDIRECT("SamplesY!F"&FD20),"")) | G20: =IF(ISNUMBER(FC20),INDIRECT("SamplesX!G"&FC20),IF(ISNUMBER(FD20),INDIRECT("SamplesY!G"&FD20),"")) | H20: =IF(ISNUMBER(FC20),INDIRECT("SamplesX!H"&FC20),IF(ISNUMBER(FD20),INDIRECT("SamplesY!H"&FD20),"")) | I20: =IF(ISNUMBER(FC20),IF(INDEX('Q:\Abteilungsprojekte\eng\EngData\AOS\Allgemein\[LabSamples2026.xlsx]Huettenabwasser'!M:M,FC20)="","",INDEX('Q:\Abteilungsprojekte\eng\EngData\AOS\Allgemein\[LabSamples2026.xlsx]Huettenabwasser'!M:M,FC20)),"") | J20: =IF(ISNUMBER(FC20),IF(INDEX('Q:\Abteilungsprojekte\eng\EngData\AOS\Allgemein\[LabSamples2026.xlsx]Huettenabwasser'!N:N,FC20)="","",INDEX('Q:\Abteilungsprojekte\eng\EngData\AOS\Allgemein\[LabSamples2026.xlsx]Huettenabwasser'!N:N,FC20)),"") | L20: Shimadzu TOC-L | M20: None | P20: Shimadzu TOC-L | Q20: None | T20: Shimadzu TOC-L | U20: None | X20: Shimadzu TOC-L | Y20: None | AC20: None | AG20: None | AJ20: IC Anionen | AK20: None | AO20: None | AR20: IC Anionen | AS20: None | AW20: None | BA20: None | BD20: IC Anionen | BE20: None | BH20: IC Kationen | BI20: None | BM20: None | BP20: IC Kationen | BQ20: None | BT20: IC Kationen | BU20: None | BX20: IC Kationen | BY20: None | CC20: None | CG20: None | CK20: None | CO20: None | CR20: SOP 45-34 | CS20: None | CW20: None | DA20: None | DE20: None | DH20: SOP 45-09 | DI20: None | DL20: SOP 45-09 | DM20: None | DP20: IC Organic Acids | DQ20: None | DT20: IC Organic Acids | DU20: None | DX20: IC Organic Acids | DY20: None | EB20: IC Organic Acids | EC20: None | EF20: IC Organic Acids | EG20: None | EJ20: IC Organic Acids | EK20: None | EN20: IC Organic Acids | EO20: None | ER20: IC Organic Acids | ES20: None | EV20: LC-MS | EW20: None | EZ20: =TEXT(A20,"@") & TEXT(B20,"@") | FA20: =TEXT(SamplesX!A20,"@") & TEXT(SamplesX!B20,"@") | FC20: =MATCH(EZ20,FA1:FA1008,0)
C21: =IF(ISNUMBER(FC21),INDIRECT("SamplesX!C"&FC21),IF(ISNUMBER(FD21),INDIRECT("SamplesY!C"&FD21),"")) | D21: =IF(ISNUMBER(FC21),INDIRECT("SamplesX!D"&FC21),IF(ISNUMBER(FD21),INDIRECT("SamplesY!D"&FD21),"")) | E21: =IF(ISNUMBER(FC21),INDIRECT("SamplesX!E"&FC21),IF(ISNUMBER(FD21),INDIRECT("SamplesY!E"&FD21),"")) | F21: =IF(ISNUMBER(FC21),INDIRECT("SamplesX!F"&FC21),IF(ISNUMBER(FD21),INDIRECT("SamplesY!F"&FD21),"")) | G21: =IF(ISNUMBER(FC21),INDIRECT("SamplesX!G"&FC21),IF(ISNUMBER(FD21),INDIRECT("SamplesY!G"&FD21),"")) | H21: =IF(ISNUMBER(FC21),INDIRECT("SamplesX!H"&FC21),IF(ISNUMBER(FD21),INDIRECT("SamplesY!H"&FD21),"")) | I21: =IF(ISNUMBER(FC21),IF(INDEX('Q:\Abteilungsprojekte\eng\EngData\AOS\Allgemein\[LabSamples2026.xlsx]Huettenabwasser'!M:M,FC21)="","",INDEX('Q:\Abteilungsprojekte\eng\EngData\AOS\Allgemein\[LabSamples2026.xlsx]Huettenabwasser'!M:M,FC21)),"") | J21: =IF(ISNUMBER(FC21),IF(INDEX('Q:\Abteilungsprojekte\eng\EngData\AOS\Allgemein\[LabSamples2026.xlsx]Huettenabwasser'!N:N,FC21)="","",INDEX('Q:\Abteilungsprojekte\eng\EngData\AOS\Allgemein\[LabSamples2026.xlsx]Huettenabwasser'!N:N,FC21)),"") | L21: Shimadzu TOC-L | M21: None | P21: Shimadzu TOC-L | Q21: None | T21: Shimadzu TOC-L | U21: None | X21: Shimadzu TOC-L | Y21: None | AC21: None | AG21: None | AJ21: IC Anionen | AK21: None | AO21: None | AR21: IC Anionen | AS21: None | AW21: None | BA21: None | BD21: IC Anionen | BE21: None | BH21: IC Kationen | BI21: None | BM21: None | BP21: IC Kationen | BQ21: None | BT21: IC Kationen | BU21: None | BX21: IC Kationen | BY21: None | CC21: None | CG21: None | CK21: None | CO21: None | CR21: SOP 45-34 | CS21: None | CW21: None | DA21: None | DE21: None | DH21: SOP 45-09 | DI21: None | DL21: SOP 45-09 | DM21: None | DP21: IC Organic Acids | DQ21: None | DT21: IC Organic Acids | DU21: None | DX21: IC Organic Acids | DY21: None | EB21: IC Organic Acids | EC21: None | EF21: IC Organic Acids | EG21: None | EJ21: IC Organic Acids | EK21: None | EN21: IC Organic Acids | EO21: None | ER21: IC Organic Acids | ES21: None | EV21: LC-MS | EW21: None | EZ21: =TEXT(A21,"@") & TEXT(B21,"@") | FA21: =TEXT(SamplesX!A21,"@") & TEXT(SamplesX!B21,"@") | FC21: =MATCH(EZ21,FA1:FA1008,0)
C22: =IF(ISNUMBER(FC22),INDIRECT("SamplesX!C"&FC22),IF(ISNUMBER(FD22),INDIRECT("SamplesY!C"&FD22),"")) | D22: =IF(ISNUMBER(FC22),INDIRECT("SamplesX!D"&FC22),IF(ISNUMBER(FD22),INDIRECT("SamplesY!D"&FD22),"")) | E22: =IF(ISNUMBER(FC22),INDIRECT("SamplesX!E"&FC22),IF(ISNUMBER(FD22),INDIRECT("SamplesY!E"&FD22),"")) | F22: =IF(ISNUMBER(FC22),INDIRECT("SamplesX!F"&FC22),IF(ISNUMBER(FD22),INDIRECT("SamplesY!F"&FD22),"")) | G22: =IF(ISNUMBER(FC22),INDIRECT("SamplesX!G"&FC22),IF(ISNUMBER(FD22),INDIRECT("SamplesY!G"&FD22),"")) | H22: =IF(ISNUMBER(FC22),INDIRECT("SamplesX!H"&FC22),IF(ISNUMBER(FD22),INDIRECT("SamplesY!H"&FD22),"")) | I22: =IF(ISNUMBER(FC22),IF(INDEX('Q:\Abteilungsprojekte\eng\EngData\AOS\Allgemein\[LabSamples2026.xlsx]Huettenabwasser'!M:M,FC22)="","",INDEX('Q:\Abteilungsprojekte\eng\EngData\AOS\Allgemein\[LabSamples2026.xlsx]Huettenabwasser'!M:M,FC22)),"") | J22: =IF(ISNUMBER(FC22),IF(INDEX('Q:\Abteilungsprojekte\eng\EngData\AOS\Allgemein\[LabSamples2026.xlsx]Huettenabwasser'!N:N,FC22)="","",INDEX('Q:\Abteilungsprojekte\eng\EngData\AOS\Allgemein\[LabSamples2026.xlsx]Huettenabwasser'!N:N,FC22)),"") | L22: Shimadzu TOC-L | M22: None | P22: Shimadzu TOC-L | Q22: None | T22: Shimadzu TOC-L | U22: None | X22: Shimadzu TOC-L | Y22: None | AC22: None | AG22: None | AJ22: IC Anionen | AK22: None | AO22: None | AR22: IC Anionen | AS22: None | AW22: None | BA22: None | BD22: IC Anionen | BE22: None | BH22: IC Kationen | BI22: None | BM22: None | BP22: IC Kationen | BQ22: None | BT22: IC Kationen | BU22: None | BX22: IC Kationen | BY22: None | CC22: None | CG22: None | CK22: None | CO22: None | CR22: SOP 45-34 | CS22: None | CW22: None | DA22: None | DE22: None | DH22: SOP 45-09 | DI22: None | DL22: SOP 45-09 | DM22: None | DP22: IC Organic Acids | DQ22: None | DT22: IC Organic Acids | DU22: None | DX22: IC Organic Acids | DY22: None | EB22: IC Organic Acids | EC22: None | EF22: IC Organic Acids | EG22: None | EJ22: IC Organic Acids | EK22: None | EN22: IC Organic Acids | EO22: None | ER22: IC Organic Acids | ES22: None | EV22: LC-MS | EW22: None | EZ22: =TEXT(A22,"@") & TEXT(B22,"@") | FA22: =TEXT(SamplesX!A22,"@") & TEXT(SamplesX!B22,"@") | FC22: =MATCH(EZ22,FA1:FA1008,0)
C23: =IF(ISNUMBER(FC23),INDIRECT("SamplesX!C"&FC23),IF(ISNUMBER(FD23),INDIRECT("SamplesY!C"&FD23),"")) | D23: =IF(ISNUMBER(FC23),INDIRECT("SamplesX!D"&FC23),IF(ISNUMBER(FD23),INDIRECT("SamplesY!D"&FD23),"")) | E23: =IF(ISNUMBER(FC23),INDIRECT("SamplesX!E"&FC23),IF(ISNUMBER(FD23),INDIRECT("SamplesY!E"&FD23),"")) | F23: =IF(ISNUMBER(FC23),INDIRECT("SamplesX!F"&FC23),IF(ISNUMBER(FD23),INDIRECT("SamplesY!F"&FD23),"")) | G23: =IF(ISNUMBER(FC23),INDIRECT("SamplesX!G"&FC23),IF(ISNUMBER(FD23),INDIRECT("SamplesY!G"&FD23),"")) | H23: =IF(ISNUMBER(FC23),INDIRECT("SamplesX!H"&FC23),IF(ISNUMBER(FD23),INDIRECT("SamplesY!H"&FD23),"")) | I23: =IF(ISNUMBER(FC23),IF(INDEX('Q:\Abteilungsprojekte\eng\EngData\AOS\Allgemein\[LabSamples2026.xlsx]Huettenabwasser'!M:M,FC23)="","",INDEX('Q:\Abteilungsprojekte\eng\EngData\AOS\Allgemein\[LabSamples2026.xlsx]Huettenabwasser'!M:M,FC23)),"") | J23: =IF(ISNUMBER(FC23),IF(INDEX('Q:\Abteilungsprojekte\eng\EngData\AOS\Allgemein\[LabSamples2026.xlsx]Huettenabwasser'!N:N,FC23)="","",INDEX('Q:\Abteilungsprojekte\eng\EngData\AOS\Allgemein\[LabSamples2026.xlsx]Huettenabwasser'!N:N,FC23)),"") | L23: Shimadzu TOC-L | M23: None | P23: Shimadzu TOC-L | Q23: None | T23: Shimadzu TOC-L | U23: None | X23: Shimadzu TOC-L | Y23: None | AC23: None | AG23: None | AJ23: IC Anionen | AK23: None | AO23: None | AR23: IC Anionen | AS23: None | AW23: None | BA23: None | BD23: IC Anionen | BE23: None | BH23: IC Kationen | BI23: None | BM23: None | BP23: IC Kationen | BQ23: None | BT23: IC Kationen | BU23: None | BX23: IC Kationen | BY23: None | CC23: None | CG23: None | CK23: None | CO23: None | CR23: SOP 45-34 | CS23: None | CW23: None | DA23: None | DE23: None | DH23: SOP 45-09 | DI23: None | DL23: SOP 45-09 | DM23: None | DP23: IC Organic Acids | DQ23: None | DT23: IC Organic Acids | DU23: None | DX23: IC Organic Acids | DY23: None | EB23: IC Organic Acids | EC23: None | EF23: IC Organic Acids | EG23: None | EJ23: IC Organic Acids | EK23: None | EN23: IC Organic Acids | EO23: None | ER23: IC Organic Acids | ES23: None | EV23: LC-MS | EW23: None | EZ23: =TEXT(A23,"@") & TEXT(B23,"@") | FA23: =TEXT(SamplesX!A23,"@") & TEXT(SamplesX!B23,"@") | FC23: =MATCH(EZ23,FA1:FA1008,0)
C24: =IF(ISNUMBER(FC24),INDIRECT("SamplesX!C"&FC24),IF(ISNUMBER(FD24),INDIRECT("SamplesY!C"&FD24),"")) | D24: =IF(ISNUMBER(FC24),INDIRECT("SamplesX!D"&FC24),IF(ISNUMBER(FD24),INDIRECT("SamplesY!D"&FD24),"")) | E24: =IF(ISNUMBER(FC24),INDIRECT("SamplesX!E"&FC24),IF(ISNUMBER(FD24),INDIRECT("SamplesY!E"&FD24),"")) | F24: =IF(ISNUMBER(FC24),INDIRECT("SamplesX!F"&FC24),IF(ISNUMBER(FD24),INDIRECT("SamplesY!F"&FD24),"")) | G24: =IF(ISNUMBER(FC24),INDIRECT("SamplesX!G"&FC24),IF(ISNUMBER(FD24),INDIRECT("SamplesY!G"&FD24),"")) | H24: =IF(ISNUMBER(FC24),INDIRECT("SamplesX!H"&FC24),IF(ISNUMBER(FD24),INDIRECT("SamplesY!H"&FD24),"")) | I24: =IF(ISNUMBER(FC24),IF(INDEX('Q:\Abteilungsprojekte\eng\EngData\AOS\Allgemein\[LabSamples2026.xlsx]Huettenabwasser'!M:M,FC24)="","",INDEX('Q:\Abteilungsprojekte\eng\EngData\AOS\Allgemein\[LabSamples2026.xlsx]Huettenabwasser'!M:M,FC24)),"") | J24: =IF(ISNUMBER(FC24),IF(INDEX('Q:\Abteilungsprojekte\eng\EngData\AOS\Allgemein\[LabSamples2026.xlsx]Huettenabwasser'!N:N,FC24)="","",INDEX('Q:\Abteilungsprojekte\eng\EngData\AOS\Allgemein\[LabSamples2026.xlsx]Huettenabwasser'!N:N,FC24)),"") | L24: Shimadzu TOC-L | M24: None | P24: Shimadzu TOC-L | Q24: None | T24: Shimadzu TOC-L | U24: None | X24: Shimadzu TOC-L | Y24: None | AC24: None | AG24: None | AJ24: IC Anionen | AK24: None | AO24: None | AR24: IC Anionen | AS24: None | AW24: None | BA24: None | BD24: IC Anionen | BE24: None | BH24: IC Kationen | BI24: None | BM24: None | BP24: IC Kationen | BQ24: None | BT24: IC Kationen | BU24: None | BX24: IC Kationen | BY24: None | CC24: None | CG24: None | CK24: None | CO24: None | CR24: SOP 45-34 | CS24: None | CW24: None | DA24: None | DE24: None | DH24: SOP 45-09 | DI24: None | DL24: SOP 45-09 | DM24: None | DP24: IC Organic Acids | DQ24: None | DT24: IC Organic Acids | DU24: None | DX24: IC Organic Acids | DY24: None | EB24: IC Organic Acids | EC24: None | EF24: IC Organic Acids | EG24: None | EJ24: IC Organic Acids | EK24: None | EN24: IC Organic Acids | EO24: None | ER24: IC Organic Acids | ES24: None | EV24: LC-MS | EW24: None | EZ24: =TEXT(A24,"@") & TEXT(B24,"@") | FA24: =TEXT(SamplesX!A24,"@") & TEXT(SamplesX!B24,"@") | FC24: =MATCH(EZ24,FA1:FA1008,0)
C25: =IF(ISNUMBER(FC25),INDIRECT("SamplesX!C"&FC25),IF(ISNUMBER(FD25),INDIRECT("SamplesY!C"&FD25),"")) | D25: =IF(ISNUMBER(FC25),INDIRECT("SamplesX!D"&FC25),IF(ISNUMBER(FD25),INDIRECT("SamplesY!D"&FD25),"")) | E25: =IF(ISNUMBER(FC25),INDIRECT("SamplesX!E"&FC25),IF(ISNUMBER(FD25),INDIRECT("SamplesY!E"&FD25),"")) | F25: =IF(ISNUMBER(FC25),INDIRECT("SamplesX!F"&FC25),IF(ISNUMBER(FD25),INDIRECT("SamplesY!F"&FD25),"")) | G25: =IF(ISNUMBER(FC25),INDIRECT("SamplesX!G"&FC25),IF(ISNUMBER(FD25),INDIRECT("SamplesY!G"&FD25),"")) | H25: =IF(ISNUMBER(FC25),INDIRECT("SamplesX!H"&FC25),IF(ISNUMBER(FD25),INDIRECT("SamplesY!H"&FD25),"")) | I25: =IF(ISNUMBER(FC25),IF(INDEX('Q:\Abteilungsprojekte\eng\EngData\AOS\Allgemein\[LabSamples2026.xlsx]Huettenabwasser'!M:M,FC25)="","",INDEX('Q:\Abteilungsprojekte\eng\EngData\AOS\Allgemein\[LabSamples2026.xlsx]Huettenabwasser'!M:M,FC25)),"") | J25: =IF(ISNUMBER(FC25),IF(INDEX('Q:\Abteilungsprojekte\eng\EngData\AOS\Allgemein\[LabSamples2026.xlsx]Huettenabwasser'!N:N,FC25)="","",INDEX('Q:\Abteilungsprojekte\eng\EngData\AOS\Allgemein\[LabSamples2026.xlsx]Huettenabwasser'!N:N,FC25)),"") | L25: Shimadzu TOC-L | M25: None | P25: Shimadzu TOC-L | Q25: None | T25: Shimadzu TOC-L | U25: None | X25: Shimadzu TOC-L | Y25: None | AC25: None | AG25: None | AJ25: IC Anionen | AK25: None | AO25: None | AR25: IC Anionen | AS25: None | AW25: None | BA25: None | BD25: IC Anionen | BE25: None | BH25: IC Kationen | BI25: None | BM25: None | BP25: IC Kationen | BQ25: None | BT25: IC Kationen | BU25: None | BX25: IC Kationen | BY25: None | CC25: None | CG25: None | CK25: None | CO25: None | CR25: SOP 45-34 | CS25: None | CW25: None | DA25: None | DE25: None | DH25: SOP 45-09 | DI25: None | DL25: SOP 45-09 | DM25: None | DP25: IC Organic Acids | DQ25: None | DT25: IC Organic Acids | DU25: None | DX25: IC Organic Acids | DY25: None | EB25: IC Organic Acids | EC25: None | EF25: IC Organic Acids | EG25: None | EJ25: IC Organic Acids | EK25: None | EN25: IC Organic Acids | EO25: None | ER25: IC Organic Acids | ES25: None | EV25: LC-MS | EW25: None | EZ25: =TEXT(A25,"@") & TEXT(B25,"@") | FA25: =TEXT(SamplesX!A25,"@") & TEXT(SamplesX!B25,"@") | FC25: =MATCH(EZ25,FA1:FA1008,0)
C26: =IF(ISNUMBER(FC26),INDIRECT("SamplesX!C"&FC26),IF(ISNUMBER(FD26),INDIRECT("SamplesY!C"&FD26),"")) | D26: =IF(ISNUMBER(FC26),INDIRECT("SamplesX!D"&FC26),IF(ISNUMBER(FD26),INDIRECT("SamplesY!D"&FD26),"")) | E26: =IF(ISNUMBER(FC26),INDIRECT("SamplesX!E"&FC26),IF(ISNUMBER(FD26),INDIRECT("SamplesY!E"&FD26),"")) | F26: =IF(ISNUMBER(FC26),INDIRECT("SamplesX!F"&FC26),IF(ISNUMBER(FD26),INDIRECT("SamplesY!F"&FD26),"")) | G26: =IF(ISNUMBER(FC26),INDIRECT("SamplesX!G"&FC26),IF(ISNUMBER(FD26),INDIRECT("SamplesY!G"&FD26),"")) | H26: =IF(ISNUMBER(FC26),INDIRECT("SamplesX!H"&FC26),IF(ISNUMBER(FD26),INDIRECT("SamplesY!H"&FD26),"")) | I26: =IF(ISNUMBER(FC26),IF(INDEX('Q:\Abteilungsprojekte\eng\EngData\AOS\Allgemein\[LabSamples2026.xlsx]Huettenabwasser'!M:M,FC26)="","",INDEX('Q:\Abteilungsprojekte\eng\EngData\AOS\Allgemein\[LabSamples2026.xlsx]Huettenabwasser'!M:M,FC26)),"") | J26: =IF(ISNUMBER(FC26),IF(INDEX('Q:\Abteilungsprojekte\eng\EngData\AOS\Allgemein\[LabSamples2026.xlsx]Huettenabwasser'!N:N,FC26)="","",INDEX('Q:\Abteilungsprojekte\eng\EngData\AOS\Allgemein\[LabSamples2026.xlsx]Huettenabwasser'!N:N,FC26)),"") | L26: Shimadzu TOC-L | M26: None | P26: Shimadzu TOC-L | Q26: None | T26: Shimadzu TOC-L | U26: None | X26: Shimadzu TOC-L | Y26: None | AC26: None | AG26: None | AJ26: IC Anionen | AK26: None | AO26: None | AR26: IC Anionen | AS26: None | AW26: None | BA26: None | BD26: IC Anionen | BE26: None | BH26: IC Kationen | BI26: None | BM26: None | BP26: IC Kationen | BQ26: None | BT26: IC Kationen | BU26: None | BX26: IC Kationen | BY26: None | CC26: None | CG26: None | CK26: None | CO26: None | CR26: SOP 45-34 | CS26: None | CW26: None | DA26: None | DE26: None | DH26: SOP 45-09 | DI26: None | DL26: SOP 45-09 | DM26: None | DP26: IC Organic Acids | DQ26: None | DT26: IC Organic Acids | DU26: None | DX26: IC Organic Acids | DY26: None | EB26: IC Organic Acids | EC26: None | EF26: IC Organic Acids | EG26: None | EJ26: IC Organic Acids | EK26: None | EN26: IC Organic Acids | EO26: None | ER26: IC Organic Acids | ES26: None | EV26: LC-MS | EW26: None | EZ26: =TEXT(A26,"@") & TEXT(B26,"@") | FA26: =TEXT(SamplesX!A26,"@") & TEXT(SamplesX!B26,"@") | FC26: =MATCH(EZ26,FA1:FA1008,0)
C27: =IF(ISNUMBER(FC27),INDIRECT("SamplesX!C"&FC27),IF(ISNUMBER(FD27),INDIRECT("SamplesY!C"&FD27),"")) | D27: =IF(ISNUMBER(FC27),INDIRECT("SamplesX!D"&FC27),IF(ISNUMBER(FD27),INDIRECT("SamplesY!D"&FD27),"")) | E27: =IF(ISNUMBER(FC27),INDIRECT("SamplesX!E"&FC27),IF(ISNUMBER(FD27),INDIRECT("SamplesY!E"&FD27),"")) | F27: =IF(ISNUMBER(FC27),INDIRECT("SamplesX!F"&FC27),IF(ISNUMBER(FD27),INDIRECT("SamplesY!F"&FD27),"")) | G27: =IF(ISNUMBER(FC27),INDIRECT("SamplesX!G"&FC27),IF(ISNUMBER(FD27),INDIRECT("SamplesY!G"&FD27),"")) | H27: =IF(ISNUMBER(FC27),INDIRECT("SamplesX!H"&FC27),IF(ISNUMBER(FD27),INDIRECT("SamplesY!H"&FD27),"")) | I27: =IF(ISNUMBER(FC27),IF(INDEX('Q:\Abteilungsprojekte\eng\EngData\AOS\Allgemein\[LabSamples2026.xlsx]Huettenabwasser'!M:M,FC27)="","",INDEX('Q:\Abteilungsprojekte\eng\EngData\AOS\Allgemein\[LabSamples2026.xlsx]Huettenabwasser'!M:M,FC27)),"") | J27: =IF(ISNUMBER(FC27),IF(INDEX('Q:\Abteilungsprojekte\eng\EngData\AOS\Allgemein\[LabSamples2026.xlsx]Huettenabwasser'!N:N,FC27)="","",INDEX('Q:\Abteilungsprojekte\eng\EngData\AOS\Allgemein\[LabSamples2026.xlsx]Huettenabwasser'!N:N,FC27)),"") | L27: Shimadzu TOC-L | M27: None | P27: Shimadzu TOC-L | Q27: None | T27: Shimadzu TOC-L | U27: None | X27: Shimadzu TOC-L | Y27: None | AC27: None | AG27: None | AJ27: IC Anionen | AK27: None | AO27: None | AR27: IC Anionen | AS27: None | AW27: None | BA27: None | BD27: IC Anionen | BE27: None | BH27: IC Kationen | BI27: None | BM27: None | BP27: IC Kationen | BQ27: None | BT27: IC Kationen | BU27: None | BX27: IC Kationen | BY27: None | CC27: None | CG27: None | CK27: None | CO27: None | CR27: SOP 45-34 | CS27: None | CW27: None | DA27: None | DE27: None | DH27: SOP 45-09 | DI27: None | DL27: SOP 45-09 | DM27: None | DP27: IC Organic Acids | DQ27: None | DT27: IC Organic Acids | DU27: None | DX27: IC Organic Acids | DY27: None | EB27: IC Organic Acids | EC27: None | EF27: IC Organic Acids | EG27: None | EJ27: IC Organic Acids | EK27: None | EN27: IC Organic Acids | EO27: None | ER27: IC Organic Acids | ES27: None | EV27: LC-MS | EW27: None | EZ27: =TEXT(A27,"@") & TEXT(B27,"@") | FA27: =TEXT(SamplesX!A27,"@") & TEXT(SamplesX!B27,"@") | FC27: =MATCH(EZ27,FA1:FA1008,0)
C28: =IF(ISNUMBER(FC28),INDIRECT("SamplesX!C"&FC28),IF(ISNUMBER(FD28),INDIRECT("SamplesY!C"&FD28),"")) | D28: =IF(ISNUMBER(FC28),INDIRECT("SamplesX!D"&FC28),IF(ISNUMBER(FD28),INDIRECT("SamplesY!D"&FD28),"")) | E28: =IF(ISNUMBER(FC28),INDIRECT("SamplesX!E"&FC28),IF(ISNUMBER(FD28),INDIRECT("SamplesY!E"&FD28),"")) | F28: =IF(ISNUMBER(FC28),INDIRECT("SamplesX!F"&FC28),IF(ISNUMBER(FD28),INDIRECT("SamplesY!F"&FD28),"")) | G28: =IF(ISNUMBER(FC28),INDIRECT("SamplesX!G"&FC28),IF(ISNUMBER(FD28),INDIRECT("SamplesY!G"&FD28),"")) | H28: =IF(ISNUMBER(FC28),INDIRECT("SamplesX!H"&FC28),IF(ISNUMBER(FD28),INDIRECT("SamplesY!H"&FD28),"")) | I28: =IF(ISNUMBER(FC28),IF(INDEX('Q:\Abteilungsprojekte\eng\EngData\AOS\Allgemein\[LabSamples2026.xlsx]Huettenabwasser'!M:M,FC28)="","",INDEX('Q:\Abteilungsprojekte\eng\EngData\AOS\Allgemein\[LabSamples2026.xlsx]Huettenabwasser'!M:M,FC28)),"") | J28: =IF(ISNUMBER(FC28),IF(INDEX('Q:\Abteilungsprojekte\eng\EngData\AOS\Allgemein\[LabSamples2026.xlsx]Huettenabwasser'!N:N,FC28)="","",INDEX('Q:\Abteilungsprojekte\eng\EngData\AOS\Allgemein\[LabSamples2026.xlsx]Huettenabwasser'!N:N,FC28)),"") | L28: Shimadzu TOC-L | M28: None | P28: Shimadzu TOC-L | Q28: None | T28: Shimadzu TOC-L | U28: None | X28: Shimadzu TOC-L | Y28: None | AC28: None | AG28: None | AJ28: IC Anionen | AK28: None | AO28: None | AR28: IC Anionen | AS28: None | AW28: None | BA28: None | BD28: IC Anionen | BE28: None | BH28: IC Kationen | BI28: None | BM28: None | BP28: IC Kationen | BQ28: None | BT28: IC Kationen | BU28: None | BX28: IC Kationen | BY28: None | CC28: None | CG28: None | CK28: None | CO28: None | CR28: SOP 45-34 | CS28: None | CW28: None | DA28: None | DE28: None | DH28: SOP 45-09 | DI28: None | DL28: SOP 45-09 | DM28: None | DP28: IC Organic Acids | DQ28: None | DT28: IC Organic Acids | DU28: None | DX28: IC Organic Acids | DY28: None | EB28: IC Organic Acids | EC28: None | EF28: IC Organic Acids | EG28: None | EJ28: IC Organic Acids | EK28: None | EN28: IC Organic Acids | EO28: None | ER28: IC Organic Acids | ES28: None | EV28: LC-MS | EW28: None | EZ28: =TEXT(A28,"@") & TEXT(B28,"@") | FA28: =TEXT(SamplesX!A28,"@") & TEXT(SamplesX!B28,"@") | FC28: =MATCH(EZ28,FA1:FA1008,0)
C29: =IF(ISNUMBER(FC29),INDIRECT("SamplesX!C"&FC29),IF(ISNUMBER(FD29),INDIRECT("SamplesY!C"&FD29),"")) | D29: =IF(ISNUMBER(FC29),INDIRECT("SamplesX!D"&FC29),IF(ISNUMBER(FD29),INDIRECT("SamplesY!D"&FD29),"")) | E29: =IF(ISNUMBER(FC29),INDIRECT("SamplesX!E"&FC29),IF(ISNUMBER(FD29),INDIRECT("SamplesY!E"&FD29),"")) | F29: =IF(ISNUMBER(FC29),INDIRECT("SamplesX!F"&FC29),IF(ISNUMBER(FD29),INDIRECT("SamplesY!F"&FD29),"")) | G29: =IF(ISNUMBER(FC29),INDIRECT("SamplesX!G"&FC29),IF(ISNUMBER(FD29),INDIRECT("SamplesY!G"&FD29),"")) | H29: =IF(ISNUMBER(FC29),INDIRECT("SamplesX!H"&FC29),IF(ISNUMBER(FD29),INDIRECT("SamplesY!H"&FD29),"")) | I29: =IF(ISNUMBER(FC29),IF(INDEX('Q:\Abteilungsprojekte\eng\EngData\AOS\Allgemein\[LabSamples2026.xlsx]Huettenabwasser'!M:M,FC29)="","",INDEX('Q:\Abteilungsprojekte\eng\EngData\AOS\Allgemein\[LabSamples2026.xlsx]Huettenabwasser'!M:M,FC29)),"") | J29: =IF(ISNUMBER(FC29),IF(INDEX('Q:\Abteilungsprojekte\eng\EngData\AOS\Allgemein\[LabSamples2026.xlsx]Huettenabwasser'!N:N,FC29)="","",INDEX('Q:\Abteilungsprojekte\eng\EngData\AOS\Allgemein\[LabSamples2026.xlsx]Huettenabwasser'!N:N,FC29)),"") | L29: Shimadzu TOC-L | M29: None | P29: Shimadzu TOC-L | Q29: None | T29: Shimadzu TOC-L | U29: None | X29: Shimadzu TOC-L | Y29: None | AC29: None | AG29: None | AJ29: IC Anionen | AK29: None | AO29: None | AR29: IC Anionen | AS29: None | AW29: None | BA29: None | BD29: IC Anionen | BE29: None | BH29: IC Kationen | BI29: None | BM29: None | BP29: IC Kationen | BQ29: None | BT29: IC Kationen | BU29: None | BX29: IC Kationen | BY29: None | CC29: None | CG29: None | CK29: None | CO29: None | CR29: SOP 45-34 | CS29: None | CW29: None | DA29: None | DE29: None | DH29: SOP 45-09 | DI29: None | DL29: SOP 45-09 | DM29: None | DP29: IC Organic Acids | DQ29: None | DT29: IC Organic Acids | DU29: None | DX29: IC Organic Acids | DY29: None | EB29: IC Organic Acids | EC29: None | EF29: IC Organic Acids | EG29: None | EJ29: IC Organic Acids | EK29: None | EN29: IC Organic Acids | EO29: None | ER29: IC Organic Acids | ES29: None | EV29: LC-MS | EW29: None | EZ29: =TEXT(A29,"@") & TEXT(B29,"@") | FA29: =TEXT(SamplesX!A29,"@") & TEXT(SamplesX!B29,"@") | FC29: =MATCH(EZ29,FA1:FA1008,0)
C30: =IF(ISNUMBER(FC30),INDIRECT("SamplesX!C"&FC30),IF(ISNUMBER(FD30),INDIRECT("SamplesY!C"&FD30),"")) | D30: =IF(ISNUMBER(FC30),INDIRECT("SamplesX!D"&FC30),IF(ISNUMBER(FD30),INDIRECT("SamplesY!D"&FD30),"")) | E30: =IF(ISNUMBER(FC30),INDIRECT("SamplesX!E"&FC30),IF(ISNUMBER(FD30),INDIRECT("SamplesY!E"&FD30),"")) | F30: =IF(ISNUMBER(FC30),INDIRECT("SamplesX!F"&FC30),IF(ISNUMBER(FD30),INDIRECT("SamplesY!F"&FD30),"")) | G30: =IF(ISNUMBER(FC30),INDIRECT("SamplesX!G"&FC30),IF(ISNUMBER(FD30),INDIRECT("SamplesY!G"&FD30),"")) | H30: =IF(ISNUMBER(FC30),INDIRECT("SamplesX!H"&FC30),IF(ISNUMBER(FD30),INDIRECT("SamplesY!H"&FD30),"")) | I30: =IF(ISNUMBER(FC30),IF(INDEX('Q:\Abteilungsprojekte\eng\EngData\AOS\Allgemein\[LabSamples2026.xlsx]Huettenabwasser'!M:M,FC30)="","",INDEX('Q:\Abteilungsprojekte\eng\EngData\AOS\Allgemein\[LabSamples2026.xlsx]Huettenabwasser'!M:M,FC30)),"") | J30: =IF(ISNUMBER(FC30),IF(INDEX('Q:\Abteilungsprojekte\eng\EngData\AOS\Allgemein\[LabSamples2026.xlsx]Huettenabwasser'!N:N,FC30)="","",INDEX('Q:\Abteilungsprojekte\eng\EngData\AOS\Allgemein\[LabSamples2026.xlsx]Huettenabwasser'!N:N,FC30)),"") | L30: Shimadzu TOC-L | M30: None | P30: Shimadzu TOC-L | Q30: None | T30: Shimadzu TOC-L | U30: None | X30: Shimadzu TOC-L | Y30: None | AC30: None | AG30: None | AJ30: IC Anionen | AK30: None | AO30: None | AR30: IC Anionen | AS30: None | AW30: None | BA30: None | BD30: IC Anionen | BE30: None | BH30: IC Kationen | BI30: None | BM30: None | BP30: IC Kationen | BQ30: None | BT30: IC Kationen | BU30: None | BX30: IC Kationen | BY30: None | CC30: None | CG30: None | CK30: None | CO30: None | CR30: SOP 45-34 | CS30: None | CW30: None | DA30: None | DE30: None | DH30: SOP 45-09 | DI30: None | DL30: SOP 45-09 | DM30: None | DP30: IC Organic Acids | DQ30: None | DT30: IC Organic Acids | DU30: None | DX30: IC Organic Acids | DY30: None | EB30: IC Organic Acids | EC30: None | EF30: IC Organic Acids | EG30: None | EJ30: IC Organic Acids | EK30: None | EN30: IC Organic Acids | EO30: None | ER30: IC Organic Acids | ES30: None | EV30: LC-MS | EW30: None | EZ30: =TEXT(A30,"@") & TEXT(B30,"@") | FA30: =TEXT(SamplesX!A30,"@") & TEXT(SamplesX!B30,"@") | FC30: =MATCH(EZ30,FA1:FA1008,0)
C31: =IF(ISNUMBER(FC31),INDIRECT("SamplesX!C"&FC31),IF(ISNUMBER(FD31),INDIRECT("SamplesY!C"&FD31),"")) | D31: =IF(ISNUMBER(FC31),INDIRECT("SamplesX!D"&FC31),IF(ISNUMBER(FD31),INDIRECT("SamplesY!D"&FD31),"")) | E31: =IF(ISNUMBER(FC31),INDIRECT("SamplesX!E"&FC31),IF(ISNUMBER(FD31),INDIRECT("SamplesY!E"&FD31),"")) | F31: =IF(ISNUMBER(FC31),INDIRECT("SamplesX!F"&FC31),IF(ISNUMBER(FD31),INDIRECT("SamplesY!F"&FD31),"")) | G31: =IF(ISNUMBER(FC31),INDIRECT("SamplesX!G"&FC31),IF(ISNUMBER(FD31),INDIRECT("SamplesY!G"&FD31),"")) | H31: =IF(ISNUMBER(FC31),INDIRECT("SamplesX!H"&FC31),IF(ISNUMBER(FD31),INDIRECT("SamplesY!H"&FD31),"")) | I31: =IF(ISNUMBER(FC31),IF(INDEX('Q:\Abteilungsprojekte\eng\EngData\AOS\Allgemein\[LabSamples2026.xlsx]Huettenabwasser'!M:M,FC31)="","",INDEX('Q:\Abteilungsprojekte\eng\EngData\AOS\Allgemein\[LabSamples2026.xlsx]Huettenabwasser'!M:M,FC31)),"") | J31: =IF(ISNUMBER(FC31),IF(INDEX('Q:\Abteilungsprojekte\eng\EngData\AOS\Allgemein\[LabSamples2026.xlsx]Huettenabwasser'!N:N,FC31)="","",INDEX('Q:\Abteilungsprojekte\eng\EngData\AOS\Allgemein\[LabSamples2026.xlsx]Huettenabwasser'!N:N,FC31)),"") | L31: Shimadzu TOC-L | M31: None | P31: Shimadzu TOC-L | Q31: None | T31: Shimadzu TOC-L | U31: None | X31: Shimadzu TOC-L | Y31: None | AC31: None | AG31: None | AJ31: IC Anionen | AK31: None | AO31: None | AR31: IC Anionen | AS31: None | AW31: None | BA31: None | BD31: IC Anionen | BE31: None | BH31: IC Kationen | BI31: None | BM31: None | BP31: IC Kationen | BQ31: None | BT31: IC Kationen | BU31: None | BX31: IC Kationen | BY31: None | CC31: None | CG31: None | CK31: None | CO31: None | CR31: SOP 45-34 | CS31: None | CW31: None | DA31: None | DE31: None | DH31: SOP 45-09 | DI31: None | DL31: SOP 45-09 | DM31: None | DP31: IC Organic Acids | DQ31: None | DT31: IC Organic Acids | DU31: None | DX31: IC Organic Acids | DY31: None | EB31: IC Organic Acids | EC31: None | EF31: IC Organic Acids | EG31: None | EJ31: IC Organic Acids | EK31: None | EN31: IC Organic Acids | EO31: None | ER31: IC Organic Acids | ES31: None | EV31: LC-MS | EW31: None | EZ31: =TEXT(A31,"@") & TEXT(B31,"@") | FA31: =TEXT(SamplesX!A31,"@") & TEXT(SamplesX!B31,"@") | FC31: =MATCH(EZ31,FA1:FA1008,0)
C32: =IF(ISNUMBER(FC32),INDIRECT("SamplesX!C"&FC32),IF(ISNUMBER(FD32),INDIRECT("SamplesY!C"&FD32),"")) | D32: =IF(ISNUMBER(FC32),INDIRECT("SamplesX!D"&FC32),IF(ISNUMBER(FD32),INDIRECT("SamplesY!D"&FD32),"")) | E32: =IF(ISNUMBER(FC32),INDIRECT("SamplesX!E"&FC32),IF(ISNUMBER(FD32),INDIRECT("SamplesY!E"&FD32),"")) | F32: =IF(ISNUMBER(FC32),INDIRECT("SamplesX!F"&FC32),IF(ISNUMBER(FD32),INDIRECT("SamplesY!F"&FD32),"")) | G32: =IF(ISNUMBER(FC32),INDIRECT("SamplesX!G"&FC32),IF(ISNUMBER(FD32),INDIRECT("SamplesY!G"&FD32),"")) | H32: =IF(ISNUMBER(FC32),INDIRECT("SamplesX!H"&FC32),IF(ISNUMBER(FD32),INDIRECT("SamplesY!H"&FD32),"")) | I32: =IF(ISNUMBER(FC32),IF(INDEX('Q:\Abteilungsprojekte\eng\EngData\AOS\Allgemein\[LabSamples2026.xlsx]Huettenabwasser'!M:M,FC32)="","",INDEX('Q:\Abteilungsprojekte\eng\EngData\AOS\Allgemein\[LabSamples2026.xlsx]Huettenabwasser'!M:M,FC32)),"") | J32: =IF(ISNUMBER(FC32),IF(INDEX('Q:\Abteilungsprojekte\eng\EngData\AOS\Allgemein\[LabSamples2026.xlsx]Huettenabwasser'!N:N,FC32)="","",INDEX('Q:\Abteilungsprojekte\eng\EngData\AOS\Allgemein\[LabSamples2026.xlsx]Huettenabwasser'!N:N,FC32)),"") | L32: Shimadzu TOC-L | M32: None | P32: Shimadzu TOC-L | Q32: None | T32: Shimadzu TOC-L | U32: None | X32: Shimadzu TOC-L | Y32: None | AC32: None | AG32: None | AJ32: IC Anionen | AK32: None | AO32: None | AR32: IC Anionen | AS32: None | AW32: None | BA32: None | BD32: IC Anionen | BE32: None | BH32: IC Kationen | BI32: None | BM32: None | BP32: IC Kationen | BQ32: None | BT32: IC Kationen | BU32: None | BX32: IC Kationen | BY32: None | CC32: None | CG32: None | CK32: None | CO32: None | CR32: SOP 45-34 | CS32: None | CW32: None | DA32: None | DE32: None | DH32: SOP 45-09 | DI32: None | DL32: SOP 45-09 | DM32: None | DP32: IC Organic Acids | DQ32: None | DT32: IC Organic Acids | DU32: None | DX32: IC Organic Acids | DY32: None | EB32: IC Organic Acids | EC32: None | EF32: IC Organic Acids | EG32: None | EJ32: IC Organic Acids | EK32: None | EN32: IC Organic Acids | EO32: None | ER32: IC Organic Acids | ES32: None | EV32: LC-MS | EW32: None | EZ32: =TEXT(A32,"@") & TEXT(B32,"@") | FA32: =TEXT(SamplesX!A32,"@") & TEXT(SamplesX!B32,"@") | FC32: =MATCH(EZ32,FA1:FA1008,0)
C33: =IF(ISNUMBER(FC33),INDIRECT("SamplesX!C"&FC33),IF(ISNUMBER(FD33),INDIRECT("SamplesY!C"&FD33),"")) | D33: =IF(ISNUMBER(FC33),INDIRECT("SamplesX!D"&FC33),IF(ISNUMBER(FD33),INDIRECT("SamplesY!D"&FD33),"")) | E33: =IF(ISNUMBER(FC33),INDIRECT("SamplesX!E"&FC33),IF(ISNUMBER(FD33),INDIRECT("SamplesY!E"&FD33),"")) | F33: =IF(ISNUMBER(FC33),INDIRECT("SamplesX!F"&FC33),IF(ISNUMBER(FD33),INDIRECT("SamplesY!F"&FD33),"")) | G33: =IF(ISNUMBER(FC33),INDIRECT("SamplesX!G"&FC33),IF(ISNUMBER(FD33),INDIRECT("SamplesY!G"&FD33),"")) | H33: =IF(ISNUMBER(FC33),INDIRECT("SamplesX!H"&FC33),IF(ISNUMBER(FD33),INDIRECT("SamplesY!H"&FD33),"")) | I33: =IF(ISNUMBER(FC33),IF(INDEX('Q:\Abteilungsprojekte\eng\EngData\AOS\Allgemein\[LabSamples2026.xlsx]Huettenabwasser'!M:M,FC33)="","",INDEX('Q:\Abteilungsprojekte\eng\EngData\AOS\Allgemein\[LabSamples2026.xlsx]Huettenabwasser'!M:M,FC33)),"") | J33: =IF(ISNUMBER(FC33),IF(INDEX('Q:\Abteilungsprojekte\eng\EngData\AOS\Allgemein\[LabSamples2026.xlsx]Huettenabwasser'!N:N,FC33)="","",INDEX('Q:\Abteilungsprojekte\eng\EngData\AOS\Allgemein\[LabSamples2026.xlsx]Huettenabwasser'!N:N,FC33)),"") | L33: Shimadzu TOC-L | M33: None | P33: Shimadzu TOC-L | Q33: None | T33: Shimadzu TOC-L | U33: None | X33: Shimadzu TOC-L | Y33: None | AC33: None | AG33: None | AJ33: IC Anionen | AK33: None | AO33: None | AR33: IC Anionen | AS33: None | AW33: None | BA33: None | BD33: IC Anionen | BE33: None | BH33: IC Kationen | BI33: None | BM33: None | BP33: IC Kationen | BQ33: None | BT33: IC Kationen | BU33: None | BX33: IC Kationen | BY33: None | CC33: None | CG33: None | CK33: None | CO33: None | CR33: SOP 45-34 | CS33: None | CW33: None | DA33: None | DE33: None | DH33: SOP 45-09 | DI33: None | DL33: SOP 45-09 | DM33: None | DP33: IC Organic Acids | DQ33: None | DT33: IC Organic Acids | DU33: None | DX33: IC Organic Acids | DY33: None | EB33: IC Organic Acids | EC33: None | EF33: IC Organic Acids | EG33: None | EJ33: IC Organic Acids | EK33: None | EN33: IC Organic Acids | EO33: None | ER33: IC Organic Acids | ES33: None | EV33: LC-MS | EW33: None | EZ33: =TEXT(A33,"@") & TEXT(B33,"@") | FA33: =TEXT(SamplesX!A33,"@") & TEXT(SamplesX!B33,"@") | FC33: =MATCH(EZ33,FA1:FA1008,0)
C34: =IF(ISNUMBER(FC34),INDIRECT("SamplesX!C"&FC34),IF(ISNUMBER(FD34),INDIRECT("SamplesY!C"&FD34),"")) | D34: =IF(ISNUMBER(FC34),INDIRECT("SamplesX!D"&FC34),IF(ISNUMBER(FD34),INDIRECT("SamplesY!D"&FD34),"")) | E34: =IF(ISNUMBER(FC34),INDIRECT("SamplesX!E"&FC34),IF(ISNUMBER(FD34),INDIRECT("SamplesY!E"&FD34),"")) | F34: =IF(ISNUMBER(FC34),INDIRECT("SamplesX!F"&FC34),IF(ISNUMBER(FD34),INDIRECT("SamplesY!F"&FD34),"")) | G34: =IF(ISNUMBER(FC34),INDIRECT("SamplesX!G"&FC34),IF(ISNUMBER(FD34),INDIRECT("SamplesY!G"&FD34),"")) | H34: =IF(ISNUMBER(FC34),INDIRECT("SamplesX!H"&FC34),IF(ISNUMBER(FD34),INDIRECT("SamplesY!H"&FD34),"")) | I34: =IF(ISNUMBER(FC34),IF(INDEX('Q:\Abteilungsprojekte\eng\EngData\AOS\Allgemein\[LabSamples2026.xlsx]Huettenabwasser'!M:M,FC34)="","",INDEX('Q:\Abteilungsprojekte\eng\EngData\AOS\Allgemein\[LabSamples2026.xlsx]Huettenabwasser'!M:M,FC34)),"") | J34: =IF(ISNUMBER(FC34),IF(INDEX('Q:\Abteilungsprojekte\eng\EngData\AOS\Allgemein\[LabSamples2026.xlsx]Huettenabwasser'!N:N,FC34)="","",INDEX('Q:\Abteilungsprojekte\eng\EngData\AOS\Allgemein\[LabSamples2026.xlsx]Huettenabwasser'!N:N,FC34)),"") | L34: Shimadzu TOC-L | M34: None | P34: Shimadzu TOC-L | Q34: None | T34: Shimadzu TOC-L | U34: None | X34: Shimadzu TOC-L | Y34: None | AC34: None | AG34: None | AJ34: IC Anionen | AK34: None | AO34: None | AR34: IC Anionen | AS34: None | AW34: None | BA34: None | BD34: IC Anionen | BE34: None | BH34: IC Kationen | BI34: None | BM34: None | BP34: IC Kationen | BQ34: None | BT34: IC Kationen | BU34: None | BX34: IC Kationen | BY34: None | CC34: None | CG34: None | CK34: None | CO34: None | CR34: SOP 45-34 | CS34: None | CW34: None | DA34: None | DE34: None | DH34: SOP 45-09 | DI34: None | DL34: SOP 45-09 | DM34: None | DP34: IC Organic Acids | DQ34: None | DT34: IC Organic Acids | DU34: None | DX34: IC Organic Acids | DY34: None | EB34: IC Organic Acids | EC34: None | EF34: IC Organic Acids | EG34: None | EJ34: IC Organic Acids | EK34: None | EN34: IC Organic Acids | EO34: None | ER34: IC Organic Acids | ES34: None | EV34: LC-MS | EW34: None | EZ34: =TEXT(A34,"@") & TEXT(B34,"@") | FA34: =TEXT(SamplesX!A34,"@") & TEXT(SamplesX!B34,"@") | FC34: =MATCH(EZ34,FA1:FA1008,0)
C35: =IF(ISNUMBER(FC35),INDIRECT("SamplesX!C"&FC35),IF(ISNUMBER(FD35),INDIRECT("SamplesY!C"&FD35),"")) | D35: =IF(ISNUMBER(FC35),INDIRECT("SamplesX!D"&FC35),IF(ISNUMBER(FD35),INDIRECT("SamplesY!D"&FD35),"")) | E35: =IF(ISNUMBER(FC35),INDIRECT("SamplesX!E"&FC35),IF(ISNUMBER(FD35),INDIRECT("SamplesY!E"&FD35),"")) | F35: =IF(ISNUMBER(FC35),INDIRECT("SamplesX!F"&FC35),IF(ISNUMBER(FD35),INDIRECT("SamplesY!F"&FD35),"")) | G35: =IF(ISNUMBER(FC35),INDIRECT("SamplesX!G"&FC35),IF(ISNUMBER(FD35),INDIRECT("SamplesY!G"&FD35),"")) | H35: =IF(ISNUMBER(FC35),INDIRECT("SamplesX!H"&FC35),IF(ISNUMBER(FD35),INDIRECT("SamplesY!H"&FD35),"")) | I35: =IF(ISNUMBER(FC35),IF(INDEX('Q:\Abteilungsprojekte\eng\EngData\AOS\Allgemein\[LabSamples2026.xlsx]Huettenabwasser'!M:M,FC35)="","",INDEX('Q:\Abteilungsprojekte\eng\EngData\AOS\Allgemein\[LabSamples2026.xlsx]Huettenabwasser'!M:M,FC35)),"") | J35: =IF(ISNUMBER(FC35),IF(INDEX('Q:\Abteilungsprojekte\eng\EngData\AOS\Allgemein\[LabSamples2026.xlsx]Huettenabwasser'!N:N,FC35)="","",INDEX('Q:\Abteilungsprojekte\eng\EngData\AOS\Allgemein\[LabSamples2026.xlsx]Huettenabwasser'!N:N,FC35)),"") | L35: Shimadzu TOC-L | M35: None | P35: Shimadzu TOC-L | Q35: None | T35: Shimadzu TOC-L | U35: None | X35: Shimadzu TOC-L | Y35: None | AC35: None | AG35: None | AJ35: IC Anionen | AK35: None | AO35: None | AR35: IC Anionen | AS35: None | AW35: None | BA35: None | BD35: IC Anionen | BE35: None | BH35: IC Kationen | BI35: None | BM35: None | BP35: IC Kationen | BQ35: None | BT35: IC Kationen | BU35: None | BX35: IC Kationen | BY35: None | CC35: None | CG35: None | CK35: None | CO35: None | CR35: SOP 45-34 | CS35: None | CW35: None | DA35: None | DE35: None | DH35: SOP 45-09 | DI35: None | DL35: SOP 45-09 | DM35: None | DP35: IC Organic Acids | DQ35: None | DT35: IC Organic Acids | DU35: None | DX35: IC Organic Acids | DY35: None | EB35: IC Organic Acids | EC35: None | EF35: IC Organic Acids | EG35: None | EJ35: IC Organic Acids | EK35: None | EN35: IC Organic Acids | EO35: None | ER35: IC Organic Acids | ES35: None | EV35: LC-MS | EW35: None | EZ35: =TEXT(A35,"@") & TEXT(B35,"@") | FA35: =TEXT(SamplesX!A35,"@") & TEXT(SamplesX!B35,"@") | FC35: =MATCH(EZ35,FA1:FA1008,0)
C36: =IF(ISNUMBER(FC36),INDIRECT("SamplesX!C"&FC36),IF(ISNUMBER(FD36),INDIRECT("SamplesY!C"&FD36),"")) | D36: =IF(ISNUMBER(FC36),INDIRECT("SamplesX!D"&FC36),IF(ISNUMBER(FD36),INDIRECT("SamplesY!D"&FD36),"")) | E36: =IF(ISNUMBER(FC36),INDIRECT("SamplesX!E"&FC36),IF(ISNUMBER(FD36),INDIRECT("SamplesY!E"&FD36),"")) | F36: =IF(ISNUMBER(FC36),INDIRECT("SamplesX!F"&FC36),IF(ISNUMBER(FD36),INDIRECT("SamplesY!F"&FD36),"")) | G36: =IF(ISNUMBER(FC36),INDIRECT("SamplesX!G"&FC36),IF(ISNUMBER(FD36),INDIRECT("SamplesY!G"&FD36),"")) | H36: =IF(ISNUMBER(FC36),INDIRECT("SamplesX!H"&FC36),IF(ISNUMBER(FD36),INDIRECT("SamplesY!H"&FD36),"")) | I36: =IF(ISNUMBER(FC36),IF(INDEX('Q:\Abteilungsprojekte\eng\EngData\AOS\Allgemein\[LabSamples2026.xlsx]Huettenabwasser'!M:M,FC36)="","",INDEX('Q:\Abteilungsprojekte\eng\EngData\AOS\Allgemein\[LabSamples2026.xlsx]Huettenabwasser'!M:M,FC36)),"") | J36: =IF(ISNUMBER(FC36),IF(INDEX('Q:\Abteilungsprojekte\eng\EngData\AOS\Allgemein\[LabSamples2026.xlsx]Huettenabwasser'!N:N,FC36)="","",INDEX('Q:\Abteilungsprojekte\eng\EngData\AOS\Allgemein\[LabSamples2026.xlsx]Huettenabwasser'!N:N,FC36)),"") | L36: Shimadzu TOC-L | M36: None | P36: Shimadzu TOC-L | Q36: None | T36: Shimadzu TOC-L | U36: None | X36: Shimadzu TOC-L | Y36: None | AC36: None | AG36: None | AJ36: IC Anionen | AK36: None | AO36: None | AR36: IC Anionen | AS36: None | AW36: None | BA36: None | BD36: IC Anionen | BE36: None | BH36: IC Kationen | BI36: None | BM36: None | BP36: IC Kationen | BQ36: None | BT36: IC Kationen | BU36: None | BX36: IC Kationen | BY36: None | CC36: None | CG36: None | CK36: None | CO36: None | CR36: SOP 45-34 | CS36: None | CW36: None | DA36: None | DE36: None | DH36: SOP 45-09 | DI36: None | DL36: SOP 45-09 | DM36: None | DP36: IC Organic Acids | DQ36: None | DT36: IC Organic Acids | DU36: None | DX36: IC Organic Acids | DY36: None | EB36: IC Organic Acids | EC36: None | EF36: IC Organic Acids | EG36: None | EJ36: IC Organic Acids | EK36: None | EN36: IC Organic Acids | EO36: None | ER36: IC Organic Acids | ES36: None | EV36: LC-MS | EW36: None | EZ36: =TEXT(A36,"@") & TEXT(B36,"@") | FA36: =TEXT(SamplesX!A36,"@") & TEXT(SamplesX!B36,"@") | FC36: =MATCH(EZ36,FA1:FA1008,0)
C37: =IF(ISNUMBER(FC37),INDIRECT("SamplesX!C"&FC37),IF(ISNUMBER(FD37),INDIRECT("SamplesY!C"&FD37),"")) | D37: =IF(ISNUMBER(FC37),INDIRECT("SamplesX!D"&FC37),IF(ISNUMBER(FD37),INDIRECT("SamplesY!D"&FD37),"")) | E37: =IF(ISNUMBER(FC37),INDIRECT("SamplesX!E"&FC37),IF(ISNUMBER(FD37),INDIRECT("SamplesY!E"&FD37),"")) | F37: =IF(ISNUMBER(FC37),INDIRECT("SamplesX!F"&FC37),IF(ISNUMBER(FD37),INDIRECT("SamplesY!F"&FD37),"")) | G37: =IF(ISNUMBER(FC37),INDIRECT("SamplesX!G"&FC37),IF(ISNUMBER(FD37),INDIRECT("SamplesY!G"&FD37),"")) | H37: =IF(ISNUMBER(FC37),INDIRECT("SamplesX!H"&FC37),IF(ISNUMBER(FD37),INDIRECT("SamplesY!H"&FD37),"")) | I37: =IF(ISNUMBER(FC37),IF(INDEX('Q:\Abteilungsprojekte\eng\EngData\AOS\Allgemein\[LabSamples2026.xlsx]Huettenabwasser'!M:M,FC37)="","",INDEX('Q:\Abteilungsprojekte\eng\EngData\AOS\Allgemein\[LabSamples2026.xlsx]Huettenabwasser'!M:M,FC37)),"") | J37: =IF(ISNUMBER(FC37),IF(INDEX('Q:\Abteilungsprojekte\eng\EngData\AOS\Allgemein\[LabSamples2026.xlsx]Huettenabwasser'!N:N,FC37)="","",INDEX('Q:\Abteilungsprojekte\eng\EngData\AOS\Allgemein\[LabSamples2026.xlsx]Huettenabwasser'!N:N,FC37)),"") | L37: Shimadzu TOC-L | M37: None | P37: Shimadzu TOC-L | Q37: None | T37: Shimadzu TOC-L | U37: None | X37: Shimadzu TOC-L | Y37: None | AC37: None | AG37: None | AJ37: IC Anionen | AK37: None | AO37: None | AR37: IC Anionen | AS37: None | AW37: None | BA37: None | BD37: IC Anionen | BE37: None | BH37: IC Kationen | BI37: None | BM37: None | BP37: IC Kationen | BQ37: None | BT37: IC Kationen | BU37: None | BX37: IC Kationen | BY37: None | CC37: None | CG37: None | CK37: None | CO37: None | CR37: SOP 45-34 | CS37: None | CW37: None | DA37: None | DE37: None | DH37: SOP 45-09 | DI37: None | DL37: SOP 45-09 | DM37: None | DP37: IC Organic Acids | DQ37: None | DT37: IC Organic Acids | DU37: None | DX37: IC Organic Acids | DY37: None | EB37: IC Organic Acids | EC37: None | EF37: IC Organic Acids | EG37: None | EJ37: IC Organic Acids | EK37: None | EN37: IC Organic Acids | EO37: None | ER37: IC Organic Acids | ES37: None | EV37: LC-MS | EW37: None | EZ37: =TEXT(A37,"@") & TEXT(B37,"@") | FA37: =TEXT(SamplesX!A37,"@") & TEXT(SamplesX!B37,"@") | FC37: =MATCH(EZ37,FA1:FA1008,0)
C38: =IF(ISNUMBER(FC38),INDIRECT("SamplesX!C"&FC38),IF(ISNUMBER(FD38),INDIRECT("SamplesY!C"&FD38),"")) | D38: =IF(ISNUMBER(FC38),INDIRECT("SamplesX!D"&FC38),IF(ISNUMBER(FD38),INDIRECT("SamplesY!D"&FD38),"")) | E38: =IF(ISNUMBER(FC38),INDIRECT("SamplesX!E"&FC38),IF(ISNUMBER(FD38),INDIRECT("SamplesY!E"&FD38),"")) | F38: =IF(ISNUMBER(FC38),INDIRECT("SamplesX!F"&FC38),IF(ISNUMBER(FD38),INDIRECT("SamplesY!F"&FD38),"")) | G38: =IF(ISNUMBER(FC38),INDIRECT("SamplesX!G"&FC38),IF(ISNUMBER(FD38),INDIRECT("SamplesY!G"&FD38),"")) | H38: =IF(ISNUMBER(FC38),INDIRECT("SamplesX!H"&FC38),IF(ISNUMBER(FD38),INDIRECT("SamplesY!H"&FD38),"")) | I38: =IF(ISNUMBER(FC38),IF(INDEX('Q:\Abteilungsprojekte\eng\EngData\AOS\Allgemein\[LabSamples2026.xlsx]Huettenabwasser'!M:M,FC38)="","",INDEX('Q:\Abteilungsprojekte\eng\EngData\AOS\Allgemein\[LabSamples2026.xlsx]Huettenabwasser'!M:M,FC38)),"") | J38: =IF(ISNUMBER(FC38),IF(INDEX('Q:\Abteilungsprojekte\eng\EngData\AOS\Allgemein\[LabSamples2026.xlsx]Huettenabwasser'!N:N,FC38)="","",INDEX('Q:\Abteilungsprojekte\eng\EngData\AOS\Allgemein\[LabSamples2026.xlsx]Huettenabwasser'!N:N,FC38)),"") | L38: Shimadzu TOC-L | M38: None | P38: Shimadzu TOC-L | Q38: None | T38: Shimadzu TOC-L | U38: None | X38: Shimadzu TOC-L | Y38: None | AC38: None | AG38: None | AJ38: IC Anionen | AK38: None | AO38: None | AR38: IC Anionen | AS38: None | AW38: None | BA38: None | BD38: IC Anionen | BE38: None | BH38: IC Kationen | BI38: None | BM38: None | BP38: IC Kationen | BQ38: None | BT38: IC Kationen | BU38: None | BX38: IC Kationen | BY38: None | CC38: None | CG38: None | CK38: None | CO38: None | CR38: SOP 45-34 | CS38: None | CW38: None | DA38: None | DE38: None | DH38: SOP 45-09 | DI38: None | DL38: SOP 45-09 | DM38: None | DP38: IC Organic Acids | DQ38: None | DT38: IC Organic Acids | DU38: None | DX38: IC Organic Acids | DY38: None | EB38: IC Organic Acids | EC38: None | EF38: IC Organic Acids | EG38: None | EJ38: IC Organic Acids | EK38: None | EN38: IC Organic Acids | EO38: None | ER38: IC Organic Acids | ES38: None | EV38: LC-MS | EW38: None | EZ38: =TEXT(A38,"@") & TEXT(B38,"@") | FA38: =TEXT(SamplesX!A38,"@") & TEXT(SamplesX!B38,"@") | FC38: =MATCH(EZ38,FA1:FA1008,0)
C39: =IF(ISNUMBER(FC39),INDIRECT("SamplesX!C"&FC39),IF(ISNUMBER(FD39),INDIRECT("SamplesY!C"&FD39),"")) | D39: =IF(ISNUMBER(FC39),INDIRECT("SamplesX!D"&FC39),IF(ISNUMBER(FD39),INDIRECT("SamplesY!D"&FD39),"")) | E39: =IF(ISNUMBER(FC39),INDIRECT("SamplesX!E"&FC39),IF(ISNUMBER(FD39),INDIRECT("SamplesY!E"&FD39),"")) | F39: =IF(ISNUMBER(FC39),INDIRECT("SamplesX!F"&FC39),IF(ISNUMBER(FD39),INDIRECT("SamplesY!F"&FD39),"")) | G39: =IF(ISNUMBER(FC39),INDIRECT("SamplesX!G"&FC39),IF(ISNUMBER(FD39),INDIRECT("SamplesY!G"&FD39),"")) | H39: =IF(ISNUMBER(FC39),INDIRECT("SamplesX!H"&FC39),IF(ISNUMBER(FD39),INDIRECT("SamplesY!H"&FD39),"")) | I39: =IF(ISNUMBER(FC39),IF(INDEX('Q:\Abteilungsprojekte\eng\EngData\AOS\Allgemein\[LabSamples2026.xlsx]Huettenabwasser'!M:M,FC39)="","",INDEX('Q:\Abteilungsprojekte\eng\EngData\AOS\Allgemein\[LabSamples2026.xlsx]Huettenabwasser'!M:M,FC39)),"") | J39: =IF(ISNUMBER(FC39),IF(INDEX('Q:\Abteilungsprojekte\eng\EngData\AOS\Allgemein\[LabSamples2026.xlsx]Huettenabwasser'!N:N,FC39)="","",INDEX('Q:\Abteilungsprojekte\eng\EngData\AOS\Allgemein\[LabSamples2026.xlsx]Huettenabwasser'!N:N,FC39)),"") | L39: Shimadzu TOC-L | M39: None | P39: Shimadzu TOC-L | Q39: None | T39: Shimadzu TOC-L | U39: None | X39: Shimadzu TOC-L | Y39: None | AC39: None | AG39: None | AJ39: IC Anionen | AK39: None | AO39: None | AR39: IC Anionen | AS39: None | AW39: None | BA39: None | BD39: IC Anionen | BE39: None | BH39: IC Kationen | BI39: None | BM39: None | BP39: IC Kationen | BQ39: None | BT39: IC Kationen | BU39: None | BX39: IC Kationen | BY39: None | CC39: None | CG39: None | CK39: None | CO39: None | CR39: SOP 45-34 | CS39: None | CW39: None | DA39: None | DE39: None | DH39: SOP 45-09 | DI39: None | DL39: SOP 45-09 | DM39: None | DP39: IC Organic Acids | DQ39: None | DT39: IC Organic Acids | DU39: None | DX39: IC Organic Acids | DY39: None | EB39: IC Organic Acids | EC39: None | EF39: IC Organic Acids | EG39: None | EJ39: IC Organic Acids | EK39: None | EN39: IC Organic Acids | EO39: None | ER39: IC Organic Acids | ES39: None | EV39: LC-MS | EW39: None | EZ39: =TEXT(A39,"@") & TEXT(B39,"@") | FA39: =TEXT(SamplesX!A39,"@") & TEXT(SamplesX!B39,"@") | FC39: =MATCH(EZ39,FA1:FA1008,0)
C40: =IF(ISNUMBER(FC40),INDIRECT("SamplesX!C"&FC40),IF(ISNUMBER(FD40),INDIRECT("SamplesY!C"&FD40),"")) | D40: =IF(ISNUMBER(FC40),INDIRECT("SamplesX!D"&FC40),IF(ISNUMBER(FD40),INDIRECT("SamplesY!D"&FD40),"")) | E40: =IF(ISNUMBER(FC40),INDIRECT("SamplesX!E"&FC40),IF(ISNUMBER(FD40),INDIRECT("SamplesY!E"&FD40),"")) | F40: =IF(ISNUMBER(FC40),INDIRECT("SamplesX!F"&FC40),IF(ISNUMBER(FD40),INDIRECT("SamplesY!F"&FD40),"")) | G40: =IF(ISNUMBER(FC40),INDIRECT("SamplesX!G"&FC40),IF(ISNUMBER(FD40),INDIRECT("SamplesY!G"&FD40),"")) | H40: =IF(ISNUMBER(FC40),INDIRECT("SamplesX!H"&FC40),IF(ISNUMBER(FD40),INDIRECT("SamplesY!H"&FD40),"")) | I40: =IF(ISNUMBER(FC40),IF(INDEX('Q:\Abteilungsprojekte\eng\EngData\AOS\Allgemein\[LabSamples2026.xlsx]Huettenabwasser'!M:M,FC40)="","",INDEX('Q:\Abteilungsprojekte\eng\EngData\AOS\Allgemein\[LabSamples2026.xlsx]Huettenabwasser'!M:M,FC40)),"") | J40: =IF(ISNUMBER(FC40),IF(INDEX('Q:\Abteilungsprojekte\eng\EngData\AOS\Allgemein\[LabSamples2026.xlsx]Huettenabwasser'!N:N,FC40)="","",INDEX('Q:\Abteilungsprojekte\eng\EngData\AOS\Allgemein\[LabSamples2026.xlsx]Huettenabwasser'!N:N,FC40)),"") | L40: Shimadzu TOC-L | M40: None | P40: Shimadzu TOC-L | Q40: None | T40: Shimadzu TOC-L | U40: None | X40: Shimadzu TOC-L | Y40: None | AC40: None | AG40: None | AJ40: IC Anionen | AK40: None | AO40: None | AR40: IC Anionen | AS40: None | AW40: None | BA40: None | BD40: IC Anionen | BE40: None | BH40: IC Kationen | BI40: None | BM40: None | BP40: IC Kationen | BQ40: None | BT40: IC Kationen | BU40: None | BX40: IC Kationen | BY40: None | CC40: None | CG40: None | CK40: None | CO40: None | CR40: SOP 45-34 | CS40: None | CW40: None | DA40: None | DE40: None | DH40: SOP 45-09 | DI40: None | DL40: SOP 45-09 | DM40: None | DP40: IC Organic Acids | DQ40: None | DT40: IC Organic Acids | DU40: None | DX40: IC Organic Acids | DY40: None | EB40: IC Organic Acids | EC40: None | EF40: IC Organic Acids | EG40: None | EJ40: IC Organic Acids | EK40: None | EN40: IC Organic Acids | EO40: None | ER40: IC Organic Acids | ES40: None | EV40: LC-MS | EW40: None | EZ40: =TEXT(A40,"@") & TEXT(B40,"@") | FA40: =TEXT(SamplesX!A40,"@") & TEXT(SamplesX!B40,"@") | FC40: =MATCH(EZ40,FA1:FA1008,0)
C41: =IF(ISNUMBER(FC41),INDIRECT("SamplesX!C"&FC41),IF(ISNUMBER(FD41),INDIRECT("SamplesY!C"&FD41),"")) | D41: =IF(ISNUMBER(FC41),INDIRECT("SamplesX!D"&FC41),IF(ISNUMBER(FD41),INDIRECT("SamplesY!D"&FD41),"")) | E41: =IF(ISNUMBER(FC41),INDIRECT("SamplesX!E"&FC41),IF(ISNUMBER(FD41),INDIRECT("SamplesY!E"&FD41),"")) | F41: =IF(ISNUMBER(FC41),INDIRECT("SamplesX!F"&FC41),IF(ISNUMBER(FD41),INDIRECT("SamplesY!F"&FD41),"")) | G41: =IF(ISNUMBER(FC41),INDIRECT("SamplesX!G"&FC41),IF(ISNUMBER(FD41),INDIRECT("SamplesY!G"&FD41),"")) | H41: =IF(ISNUMBER(FC41),INDIRECT("SamplesX!H"&FC41),IF(ISNUMBER(FD41),INDIRECT("SamplesY!H"&FD41),"")) | I41: =IF(ISNUMBER(FC41),IF(INDEX('Q:\Abteilungsprojekte\eng\EngData\AOS\Allgemein\[LabSamples2026.xlsx]Huettenabwasser'!M:M,FC41)="","",INDEX('Q:\Abteilungsprojekte\eng\EngData\AOS\Allgemein\[LabSamples2026.xlsx]Huettenabwasser'!M:M,FC41)),"") | J41: =IF(ISNUMBER(FC41),IF(INDEX('Q:\Abteilungsprojekte\eng\EngData\AOS\Allgemein\[LabSamples2026.xlsx]Huettenabwasser'!N:N,FC41)="","",INDEX('Q:\Abteilungsprojekte\eng\EngData\AOS\Allgemein\[LabSamples2026.xlsx]Huettenabwasser'!N:N,FC41)),"") | L41: Shimadzu TOC-L | M41: None | P41: Shimadzu TOC-L | Q41: None | T41: Shimadzu TOC-L | U41: None | X41: Shimadzu TOC-L | Y41: None | AC41: None | AG41: None | AJ41: IC Anionen | AK41: None | AO41: None | AR41: IC Anionen | AS41: None | AW41: None | BA41: None | BD41: IC Anionen | BE41: None | BH41: IC Kationen | BI41: None | BM41: None | BP41: IC Kationen | BQ41: None | BT41: IC Kationen | BU41: None | BX41: IC Kationen | BY41: None | CC41: None | CG41: None | CK41: None | CO41: None | CR41: SOP 45-34 | CS41: None | CW41: None | DA41: None | DE41: None | DH41: SOP 45-09 | DI41: None | DL41: SOP 45-09 | DM41: None | DP41: IC Organic Acids | DQ41: None | DT41: IC Organic Acids | DU41: None | DX41: IC Organic Acids | DY41: None | EB41: IC Organic Acids | EC41: None | EF41: IC Organic Acids | EG41: None | EJ41: IC Organic Acids | EK41: None | EN41: IC Organic Acids | EO41: None | ER41: IC Organic Acids | ES41: None | EV41: LC-MS | EW41: None | EZ41: =TEXT(A41,"@") & TEXT(B41,"@") | FA41: =TEXT(SamplesX!A41,"@") & TEXT(SamplesX!B41,"@") | FC41: =MATCH(EZ41,FA1:FA1008,0)
C42: =IF(ISNUMBER(FC42),INDIRECT("SamplesX!C"&FC42),IF(ISNUMBER(FD42),INDIRECT("SamplesY!C"&FD42),"")) | D42: =IF(ISNUMBER(FC42),INDIRECT("SamplesX!D"&FC42),IF(ISNUMBER(FD42),INDIRECT("SamplesY!D"&FD42),"")) | E42: =IF(ISNUMBER(FC42),INDIRECT("SamplesX!E"&FC42),IF(ISNUMBER(FD42),INDIRECT("SamplesY!E"&FD42),"")) | F42: =IF(ISNUMBER(FC42),INDIRECT("SamplesX!F"&FC42),IF(ISNUMBER(FD42),INDIRECT("SamplesY!F"&FD42),"")) | G42: =IF(ISNUMBER(FC42),INDIRECT("SamplesX!G"&FC42),IF(ISNUMBER(FD42),INDIRECT("SamplesY!G"&FD42),"")) | H42: =IF(ISNUMBER(FC42),INDIRECT("SamplesX!H"&FC42),IF(ISNUMBER(FD42),INDIRECT("SamplesY!H"&FD42),"")) | I42: =IF(ISNUMBER(FC42),IF(INDEX('Q:\Abteilungsprojekte\eng\EngData\AOS\Allgemein\[LabSamples2026.xlsx]Huettenabwasser'!M:M,FC42)="","",INDEX('Q:\Abteilungsprojekte\eng\EngData\AOS\Allgemein\[LabSamples2026.xlsx]Huettenabwasser'!M:M,FC42)),"") | J42: =IF(ISNUMBER(FC42),IF(INDEX('Q:\Abteilungsprojekte\eng\EngData\AOS\Allgemein\[LabSamples2026.xlsx]Huettenabwasser'!N:N,FC42)="","",INDEX('Q:\Abteilungsprojekte\eng\EngData\AOS\Allgemein\[LabSamples2026.xlsx]Huettenabwasser'!N:N,FC42)),"") | L42: Shimadzu TOC-L | M42: None | P42: Shimadzu TOC-L | Q42: None | T42: Shimadzu TOC-L | U42: None | X42: Shimadzu TOC-L | Y42: None | AC42: None | AG42: None | AJ42: IC Anionen | AK42: None | AO42: None | AR42: IC Anionen | AS42: None | AW42: None | BA42: None | BD42: IC Anionen | BE42: None | BH42: IC Kationen | BI42: None | BM42: None | BP42: IC Kationen | BQ42: None | BT42: IC Kationen | BU42: None | BX42: IC Kationen | BY42: None | CC42: None | CG42: None | CK42: None | CO42: None | CR42: SOP 45-34 | CS42: None | CW42: None | DA42: None | DE42: None | DH42: SOP 45-09 | DI42: None | DL42: SOP 45-09 | DM42: None | DP42: IC Organic Acids | DQ42: None | DT42: IC Organic Acids | DU42: None | DX42: IC Organic Acids | DY42: None | EB42: IC Organic Acids | EC42: None | EF42: IC Organic Acids | EG42: None | EJ42: IC Organic Acids | EK42: None | EN42: IC Organic Acids | EO42: None | ER42: IC Organic Acids | ES42: None | EV42: LC-MS | EW42: None | EZ42: =TEXT(A42,"@") & TEXT(B42,"@") | FA42: =TEXT(SamplesX!A42,"@") & TEXT(SamplesX!B42,"@") | FC42: =MATCH(EZ42,FA1:FA1008,0)
C43: =IF(ISNUMBER(FC43),INDIRECT("SamplesX!C"&FC43),IF(ISNUMBER(FD43),INDIRECT("SamplesY!C"&FD43),"")) | D43: =IF(ISNUMBER(FC43),INDIRECT("SamplesX!D"&FC43),IF(ISNUMBER(FD43),INDIRECT("SamplesY!D"&FD43),"")) | E43: =IF(ISNUMBER(FC43),INDIRECT("SamplesX!E"&FC43),IF(ISNUMBER(FD43),INDIRECT("SamplesY!E"&FD43),"")) | F43: =IF(ISNUMBER(FC43),INDIRECT("SamplesX!F"&FC43),IF(ISNUMBER(FD43),INDIRECT("SamplesY!F"&FD43),"")) | G43: =IF(ISNUMBER(FC43),INDIRECT("SamplesX!G"&FC43),IF(ISNUMBER(FD43),INDIRECT("SamplesY!G"&FD43),"")) | H43: =IF(ISNUMBER(FC43),INDIRECT("SamplesX!H"&FC43),IF(ISNUMBER(FD43),INDIRECT("SamplesY!H"&FD43),"")) | I43: =IF(ISNUMBER(FC43),IF(INDEX('Q:\Abteilungsprojekte\eng\EngData\AOS\Allgemein\[LabSamples2026.xlsx]Huettenabwasser'!M:M,FC43)="","",INDEX('Q:\Abteilungsprojekte\eng\EngData\AOS\Allgemein\[LabSamples2026.xlsx]Huettenabwasser'!M:M,FC43)),"") | J43: =IF(ISNUMBER(FC43),IF(INDEX('Q:\Abteilungsprojekte\eng\EngData\AOS\Allgemein\[LabSamples2026.xlsx]Huettenabwasser'!N:N,FC43)="","",INDEX('Q:\Abteilungsprojekte\eng\EngData\AOS\Allgemein\[LabSamples2026.xlsx]Huettenabwasser'!N:N,FC43)),"") | L43: Shimadzu TOC-L | M43: None | P43: Shimadzu TOC-L | Q43: None | T43: Shimadzu TOC-L | U43: None | X43: Shimadzu TOC-L | Y43: None | AC43: None | AG43: None | AJ43: IC Anionen | AK43: None | AO43: None | AR43: IC Anionen | AS43: None | AW43: None | BA43: None | BD43: IC Anionen | BE43: None | BH43: IC Kationen | BI43: None | BM43: None | BP43: IC Kationen | BQ43: None | BT43: IC Kationen | BU43: None | BX43: IC Kationen | BY43: None | CC43: None | CG43: None | CK43: None | CO43: None | CR43: SOP 45-34 | CS43: None | CW43: None | DA43: None | DE43: None | DH43: SOP 45-09 | DI43: None | DL43: SOP 45-09 | DM43: None | DP43: IC Organic Acids | DQ43: None | DT43: IC Organic Acids | DU43: None | DX43: IC Organic Acids | DY43: None | EB43: IC Organic Acids | EC43: None | EF43: IC Organic Acids | EG43: None | EJ43: IC Organic Acids | EK43: None | EN43: IC Organic Acids | EO43: None | ER43: IC Organic Acids | ES43: None | EV43: LC-MS | EW43: None | EZ43: =TEXT(A43,"@") & TEXT(B43,"@") | FA43: =TEXT(SamplesX!A43,"@") & TEXT(SamplesX!B43,"@") | FC43: =MATCH(EZ43,FA1:FA1008,0)
C44: =IF(ISNUMBER(FC44),INDIRECT("SamplesX!C"&FC44),IF(ISNUMBER(FD44),INDIRECT("SamplesY!C"&FD44),"")) | D44: =IF(ISNUMBER(FC44),INDIRECT("SamplesX!D"&FC44),IF(ISNUMBER(FD44),INDIRECT("SamplesY!D"&FD44),"")) | E44: =IF(ISNUMBER(FC44),INDIRECT("SamplesX!E"&FC44),IF(ISNUMBER(FD44),INDIRECT("SamplesY!E"&FD44),"")) | F44: =IF(ISNUMBER(FC44),INDIRECT("SamplesX!F"&FC44),IF(ISNUMBER(FD44),INDIRECT("SamplesY!F"&FD44),"")) | G44: =IF(ISNUMBER(FC44),INDIRECT("SamplesX!G"&FC44),IF(ISNUMBER(FD44),INDIRECT("SamplesY!G"&FD44),"")) | H44: =IF(ISNUMBER(FC44),INDIRECT("SamplesX!H"&FC44),IF(ISNUMBER(FD44),INDIRECT("SamplesY!H"&FD44),"")) | I44: =IF(ISNUMBER(FC44),IF(INDEX('Q:\Abteilungsprojekte\eng\EngData\AOS\Allgemein\[LabSamples2026.xlsx]Huettenabwasser'!M:M,FC44)="","",INDEX('Q:\Abteilungsprojekte\eng\EngData\AOS\Allgemein\[LabSamples2026.xlsx]Huettenabwasser'!M:M,FC44)),"") | J44: =IF(ISNUMBER(FC44),IF(INDEX('Q:\Abteilungsprojekte\eng\EngData\AOS\Allgemein\[LabSamples2026.xlsx]Huettenabwasser'!N:N,FC44)="","",INDEX('Q:\Abteilungsprojekte\eng\EngData\AOS\Allgemein\[LabSamples2026.xlsx]Huettenabwasser'!N:N,FC44)),"") | L44: Shimadzu TOC-L | M44: None | P44: Shimadzu TOC-L | Q44: None | T44: Shimadzu TOC-L | U44: None | X44: Shimadzu TOC-L | Y44: None | AC44: None | AG44: None | AJ44: IC Anionen | AK44: None | AO44: None | AR44: IC Anionen | AS44: None | AW44: None | BA44: None | BD44: IC Anionen | BE44: None | BH44: IC Kationen | BI44: None | BM44: None | BP44: IC Kationen | BQ44: None | BT44: IC Kationen | BU44: None | BX44: IC Kationen | BY44: None | CC44: None | CG44: None | CK44: None | CO44: None | CR44: SOP 45-34 | CS44: None | CW44: None | DA44: None | DE44: None | DH44: SOP 45-09 | DI44: None | DL44: SOP 45-09 | DM44: None | DP44: IC Organic Acids | DQ44: None | DT44: IC Organic Acids | DU44: None | DX44: IC Organic Acids | DY44: None | EB44: IC Organic Acids | EC44: None | EF44: IC Organic Acids | EG44: None | EJ44: IC Organic Acids | EK44: None | EN44: IC Organic Acids | EO44: None | ER44: IC Organic Acids | ES44: None | EV44: LC-MS | EW44: None | EZ44: =TEXT(A44,"@") & TEXT(B44,"@") | FA44: =TEXT(SamplesX!A44,"@") & TEXT(SamplesX!B44,"@") | FC44: =MATCH(EZ44,FA1:FA1008,0)
C45: =IF(ISNUMBER(FC45),INDIRECT("SamplesX!C"&FC45),IF(ISNUMBER(FD45),INDIRECT("SamplesY!C"&FD45),"")) | D45: =IF(ISNUMBER(FC45),INDIRECT("SamplesX!D"&FC45),IF(ISNUMBER(FD45),INDIRECT("SamplesY!D"&FD45),"")) | E45: =IF(ISNUMBER(FC45),INDIRECT("SamplesX!E"&FC45),IF(ISNUMBER(FD45),INDIRECT("SamplesY!E"&FD45),"")) | F45: =IF(ISNUMBER(FC45),INDIRECT("SamplesX!F"&FC45),IF(ISNUMBER(FD45),INDIRECT("SamplesY!F"&FD45),"")) | G45: =IF(ISNUMBER(FC45),INDIRECT("SamplesX!G"&FC45),IF(ISNUMBER(FD45),INDIRECT("SamplesY!G"&FD45),"")) | H45: =IF(ISNUMBER(FC45),INDIRECT("SamplesX!H"&FC45),IF(ISNUMBER(FD45),INDIRECT("SamplesY!H"&FD45),"")) | I45: =IF(ISNUMBER(FC45),IF(INDEX('Q:\Abteilungsprojekte\eng\EngData\AOS\Allgemein\[LabSamples2026.xlsx]Huettenabwasser'!M:M,FC45)="","",INDEX('Q:\Abteilungsprojekte\eng\EngData\AOS\Allgemein\[LabSamples2026.xlsx]Huettenabwasser'!M:M,FC45)),"") | J45: =IF(ISNUMBER(FC45),IF(INDEX('Q:\Abteilungsprojekte\eng\EngData\AOS\Allgemein\[LabSamples2026.xlsx]Huettenabwasser'!N:N,FC45)="","",INDEX('Q:\Abteilungsprojekte\eng\EngData\AOS\Allgemein\[LabSamples2026.xlsx]Huettenabwasser'!N:N,FC45)),"") | L45: Shimadzu TOC-L | M45: None | P45: Shimadzu TOC-L | Q45: None | T45: Shimadzu TOC-L | U45: None | X45: Shimadzu TOC-L | Y45: None | AC45: None | AG45: None | AJ45: IC Anionen | AK45: None | AO45: None | AR45: IC Anionen | AS45: None | AW45: None | BA45: None | BD45: IC Anionen | BE45: None | BH45: IC Kationen | BI45: None | BM45: None | BP45: IC Kationen | BQ45: None | BT45: IC Kationen | BU45: None | BX45: IC Kationen | BY45: None | CC45: None | CG45: None | CK45: None | CO45: None | CR45: SOP 45-34 | CS45: None | CW45: None | DA45: None | DE45: None | DH45: SOP 45-09 | DI45: None | DL45: SOP 45-09 | DM45: None | DP45: IC Organic Acids | DQ45: None | DT45: IC Organic Acids | DU45: None | DX45: IC Organic Acids | DY45: None | EB45: IC Organic Acids | EC45: None | EF45: IC Organic Acids | EG45: None | EJ45: IC Organic Acids | EK45: None | EN45: IC Organic Acids | EO45: None | ER45: IC Organic Acids | ES45: None | EV45: LC-MS | EW45: None | EZ45: =TEXT(A45,"@") & TEXT(B45,"@") | FA45: =TEXT(SamplesX!A45,"@") & TEXT(SamplesX!B45,"@") | FC45: =MATCH(EZ45,FA1:FA1008,0)
C46: =IF(ISNUMBER(FC46),INDIRECT("SamplesX!C"&FC46),IF(ISNUMBER(FD46),INDIRECT("SamplesY!C"&FD46),"")) | D46: =IF(ISNUMBER(FC46),INDIRECT("SamplesX!D"&FC46),IF(ISNUMBER(FD46),INDIRECT("SamplesY!D"&FD46),"")) | E46: =IF(ISNUMBER(FC46),INDIRECT("SamplesX!E"&FC46),IF(ISNUMBER(FD46),INDIRECT("SamplesY!E"&FD46),"")) | F46: =IF(ISNUMBER(FC46),INDIRECT("SamplesX!F"&FC46),IF(ISNUMBER(FD46),INDIRECT("SamplesY!F"&FD46),"")) | G46: =IF(ISNUMBER(FC46),INDIRECT("SamplesX!G"&FC46),IF(ISNUMBER(FD46),INDIRECT("SamplesY!G"&FD46),"")) | H46: =IF(ISNUMBER(FC46),INDIRECT("SamplesX!H"&FC46),IF(ISNUMBER(FD46),INDIRECT("SamplesY!H"&FD46),"")) | I46: =IF(ISNUMBER(FC46),IF(INDEX('Q:\Abteilungsprojekte\eng\EngData\AOS\Allgemein\[LabSamples2026.xlsx]Huettenabwasser'!M:M,FC46)="","",INDEX('Q:\Abteilungsprojekte\eng\EngData\AOS\Allgemein\[LabSamples2026.xlsx]Huettenabwasser'!M:M,FC46)),"") | J46: =IF(ISNUMBER(FC46),IF(INDEX('Q:\Abteilungsprojekte\eng\EngData\AOS\Allgemein\[LabSamples2026.xlsx]Huettenabwasser'!N:N,FC46)="","",INDEX('Q:\Abteilungsprojekte\eng\EngData\AOS\Allgemein\[LabSamples2026.xlsx]Huettenabwasser'!N:N,FC46)),"") | L46: Shimadzu TOC-L | M46: None | P46: Shimadzu TOC-L | Q46: None | T46: Shimadzu TOC-L | U46: None | X46: Shimadzu TOC-L | Y46: None | AC46: None | AG46: None | AJ46: IC Anionen | AK46: None | AO46: None | AR46: IC Anionen | AS46: None | AW46: None | BA46: None | BD46: IC Anionen | BE46: None | BH46: IC Kationen | BI46: None | BM46: None | BP46: IC Kationen | BQ46: None | BT46: IC Kationen | BU46: None | BX46: IC Kationen | BY46: None | CC46: None | CG46: None | CK46: None | CO46: None | CR46: SOP 45-34 | CS46: None | CW46: None | DA46: None | DE46: None | DH46: SOP 45-09 | DI46: None | DL46: SOP 45-09 | DM46: None | DP46: IC Organic Acids | DQ46: None | DT46: IC Organic Acids | DU46: None | DX46: IC Organic Acids | DY46: None | EB46: IC Organic Acids | EC46: None | EF46: IC Organic Acids | EG46: None | EJ46: IC Organic Acids | EK46: None | EN46: IC Organic Acids | EO46: None | ER46: IC Organic Acids | ES46: None | EV46: LC-MS | EW46: None | EZ46: =TEXT(A46,"@") & TEXT(B46,"@") | FA46: =TEXT(SamplesX!A46,"@") & TEXT(SamplesX!B46,"@") | FC46: =MATCH(EZ46,FA1:FA1008,0)
C47: =IF(ISNUMBER(FC47),INDIRECT("SamplesX!C"&FC47),IF(ISNUMBER(FD47),INDIRECT("SamplesY!C"&FD47),"")) | D47: =IF(ISNUMBER(FC47),INDIRECT("SamplesX!D"&FC47),IF(ISNUMBER(FD47),INDIRECT("SamplesY!D"&FD47),"")) | E47: =IF(ISNUMBER(FC47),INDIRECT("SamplesX!E"&FC47),IF(ISNUMBER(FD47),INDIRECT("SamplesY!E"&FD47),"")) | F47: =IF(ISNUMBER(FC47),INDIRECT("SamplesX!F"&FC47),IF(ISNUMBER(FD47),INDIRECT("SamplesY!F"&FD47),"")) | G47: =IF(ISNUMBER(FC47),INDIRECT("SamplesX!G"&FC47),IF(ISNUMBER(FD47),INDIRECT("SamplesY!G"&FD47),"")) | H47: =IF(ISNUMBER(FC47),INDIRECT("SamplesX!H"&FC47),IF(ISNUMBER(FD47),INDIRECT("SamplesY!H"&FD47),"")) | I47: =IF(ISNUMBER(FC47),IF(INDEX('Q:\Abteilungsprojekte\eng\EngData\AOS\Allgemein\[LabSamples2026.xlsx]Huettenabwasser'!M:M,FC47)="","",INDEX('Q:\Abteilungsprojekte\eng\EngData\AOS\Allgemein\[LabSamples2026.xlsx]Huettenabwasser'!M:M,FC47)),"") | J47: =IF(ISNUMBER(FC47),IF(INDEX('Q:\Abteilungsprojekte\eng\EngData\AOS\Allgemein\[LabSamples2026.xlsx]Huettenabwasser'!N:N,FC47)="","",INDEX('Q:\Abteilungsprojekte\eng\EngData\AOS\Allgemein\[LabSamples2026.xlsx]Huettenabwasser'!N:N,FC47)),"") | L47: Shimadzu TOC-L | M47: None | P47: Shimadzu TOC-L | Q47: None | T47: Shimadzu TOC-L | U47: None | X47: Shimadzu TOC-L | Y47: None | AC47: None | AG47: None | AJ47: IC Anionen | AK47: None | AO47: None | AR47: IC Anionen | AS47: None | AW47: None | BA47: None | BD47: IC Anionen | BE47: None | BH47: IC Kationen | BI47: None | BM47: None | BP47: IC Kationen | BQ47: None | BT47: IC Kationen | BU47: None | BX47: IC Kationen | BY47: None | CC47: None | CG47: None | CK47: None | CO47: None | CR47: SOP 45-34 | CS47: None | CW47: None | DA47: None | DE47: None | DH47: SOP 45-09 | DI47: None | DL47: SOP 45-09 | DM47: None | DP47: IC Organic Acids | DQ47: None | DT47: IC Organic Acids | DU47: None | DX47: IC Organic Acids | DY47: None | EB47: IC Organic Acids | EC47: None | EF47: IC Organic Acids | EG47: None | EJ47: IC Organic Acids | EK47: None | EN47: IC Organic Acids | EO47: None | ER47: IC Organic Acids | ES47: None | EV47: LC-MS | EW47: None | EZ47: =TEXT(A47,"@") & TEXT(B47,"@") | FA47: =TEXT(SamplesX!A47,"@") & TEXT(SamplesX!B47,"@") | FC47: =MATCH(EZ47,FA1:FA1008,0)
C48: =IF(ISNUMBER(FC48),INDIRECT("SamplesX!C"&FC48),IF(ISNUMBER(FD48),INDIRECT("SamplesY!C"&FD48),"")) | D48: =IF(ISNUMBER(FC48),INDIRECT("SamplesX!D"&FC48),IF(ISNUMBER(FD48),INDIRECT("SamplesY!D"&FD48),"")) | E48: =IF(ISNUMBER(FC48),INDIRECT("SamplesX!E"&FC48),IF(ISNUMBER(FD48),INDIRECT("SamplesY!E"&FD48),"")) | F48: =IF(ISNUMBER(FC48),INDIRECT("SamplesX!F"&FC48),IF(ISNUMBER(FD48),INDIRECT("SamplesY!F"&FD48),"")) | G48: =IF(ISNUMBER(FC48),INDIRECT("SamplesX!G"&FC48),IF(ISNUMBER(FD48),INDIRECT("SamplesY!G"&FD48),"")) | H48: =IF(ISNUMBER(FC48),INDIRECT("SamplesX!H"&FC48),IF(ISNUMBER(FD48),INDIRECT("SamplesY!H"&FD48),"")) | I48: =IF(ISNUMBER(FC48),IF(INDEX('Q:\Abteilungsprojekte\eng\EngData\AOS\Allgemein\[LabSamples2026.xlsx]Huettenabwasser'!M:M,FC48)="","",INDEX('Q:\Abteilungsprojekte\eng\EngData\AOS\Allgemein\[LabSamples2026.xlsx]Huettenabwasser'!M:M,FC48)),"") | J48: =IF(ISNUMBER(FC48),IF(INDEX('Q:\Abteilungsprojekte\eng\EngData\AOS\Allgemein\[LabSamples2026.xlsx]Huettenabwasser'!N:N,FC48)="","",INDEX('Q:\Abteilungsprojekte\eng\EngData\AOS\Allgemein\[LabSamples2026.xlsx]Huettenabwasser'!N:N,FC48)),"") | L48: Shimadzu TOC-L | M48: None | P48: Shimadzu TOC-L | Q48: None | T48: Shimadzu TOC-L | U48: None | X48: Shimadzu TOC-L | Y48: None | AC48: None | AG48: None | AJ48: IC Anionen | AK48: None | AO48: None | AR48: IC Anionen | AS48: None | AW48: None | BA48: None | BD48: IC Anionen | BE48: None | BH48: IC Kationen | BI48: None | BM48: None | BP48: IC Kationen | BQ48: None | BT48: IC Kationen | BU48: None | BX48: IC Kationen | BY48: None | CC48: None | CG48: None | CK48: None | CO48: None | CR48: SOP 45-34 | CS48: None | CW48: None | DA48: None | DE48: None | DH48: SOP 45-09 | DI48: None | DL48: SOP 45-09 | DM48: None | DP48: IC Organic Acids | DQ48: None | DT48: IC Organic Acids | DU48: None | DX48: IC Organic Acids | DY48: None | EB48: IC Organic Acids | EC48: None | EF48: IC Organic Acids | EG48: None | EJ48: IC Organic Acids | EK48: None | EN48: IC Organic Acids | EO48: None | ER48: IC Organic Acids | ES48: None | EV48: LC-MS | EW48: None | EZ48: =TEXT(A48,"@") & TEXT(B48,"@") | FA48: =TEXT(SamplesX!A48,"@") & TEXT(SamplesX!B48,"@") | FC48: =MATCH(EZ48,FA1:FA1008,0)
C49: =IF(ISNUMBER(FC49),INDIRECT("SamplesX!C"&FC49),IF(ISNUMBER(FD49),INDIRECT("SamplesY!C"&FD49),"")) | D49: =IF(ISNUMBER(FC49),INDIRECT("SamplesX!D"&FC49),IF(ISNUMBER(FD49),INDIRECT("SamplesY!D"&FD49),"")) | E49: =IF(ISNUMBER(FC49),INDIRECT("SamplesX!E"&FC49),IF(ISNUMBER(FD49),INDIRECT("SamplesY!E"&FD49),"")) | F49: =IF(ISNUMBER(FC49),INDIRECT("SamplesX!F"&FC49),IF(ISNUMBER(FD49),INDIRECT("SamplesY!F"&FD49),"")) | G49: =IF(ISNUMBER(FC49),INDIRECT("SamplesX!G"&FC49),IF(ISNUMBER(FD49),INDIRECT("SamplesY!G"&FD49),"")) | H49: =IF(ISNUMBER(FC49),INDIRECT("SamplesX!H"&FC49),IF(ISNUMBER(FD49),INDIRECT("SamplesY!H"&FD49),"")) | I49: =IF(ISNUMBER(FC49),IF(INDEX('Q:\Abteilungsprojekte\eng\EngData\AOS\Allgemein\[LabSamples2026.xlsx]Huettenabwasser'!M:M,FC49)="","",INDEX('Q:\Abteilungsprojekte\eng\EngData\AOS\Allgemein\[LabSamples2026.xlsx]Huettenabwasser'!M:M,FC49)),"") | J49: =IF(ISNUMBER(FC49),IF(INDEX('Q:\Abteilungsprojekte\eng\EngData\AOS\Allgemein\[LabSamples2026.xlsx]Huettenabwasser'!N:N,FC49)="","",INDEX('Q:\Abteilungsprojekte\eng\EngData\AOS\Allgemein\[LabSamples2026.xlsx]Huettenabwasser'!N:N,FC49)),"") | L49: Shimadzu TOC-L | M49: None | P49: Shimadzu TOC-L | Q49: None | T49: Shimadzu TOC-L | U49: None | X49: Shimadzu TOC-L | Y49: None | AC49: None | AG49: None | AJ49: IC Anionen | AK49: None | AO49: None | AR49: IC Anionen | AS49: None | AW49: None | BA49: None | BD49: IC Anionen | BE49: None | BH49: IC Kationen | BI49: None | BM49: None | BP49: IC Kationen | BQ49: None | BT49: IC Kationen | BU49: None | BX49: IC Kationen | BY49: None | CC49: None | CG49: None | CK49: None | CO49: None | CR49: SOP 45-34 | CS49: None | CW49: None | DA49: None | DE49: None | DH49: SOP 45-09 | DI49: None | DL49: SOP 45-09 | DM49: None | DP49: IC Organic Acids | DQ49: None | DT49: IC Organic Acids | DU49: None | DX49: IC Organic Acids | DY49: None | EB49: IC Organic Acids | EC49: None | EF49: IC Organic Acids | EG49: None | EJ49: IC Organic Acids | EK49: None | EN49: IC Organic Acids | EO49: None | ER49: IC Organic Acids | ES49: None | EV49: LC-MS | EW49: None | EZ49: =TEXT(A49,"@") & TEXT(B49,"@") | FA49: =TEXT(SamplesX!A49,"@") & TEXT(SamplesX!B49,"@") | FC49: =MATCH(EZ49,FA1:FA1008,0)
C50: =IF(ISNUMBER(FC50),INDIRECT("SamplesX!C"&FC50),IF(ISNUMBER(FD50),INDIRECT("SamplesY!C"&FD50),"")) | D50: =IF(ISNUMBER(FC50),INDIRECT("SamplesX!D"&FC50),IF(ISNUMBER(FD50),INDIRECT("SamplesY!D"&FD50),"")) | E50: =IF(ISNUMBER(FC50),INDIRECT("SamplesX!E"&FC50),IF(ISNUMBER(FD50),INDIRECT("SamplesY!E"&FD50),"")) | F50: =IF(ISNUMBER(FC50),INDIRECT("SamplesX!F"&FC50),IF(ISNUMBER(FD50),INDIRECT("SamplesY!F"&FD50),"")) | G50: =IF(ISNUMBER(FC50),INDIRECT("SamplesX!G"&FC50),IF(ISNUMBER(FD50),INDIRECT("SamplesY!G"&FD50),"")) | H50: =IF(ISNUMBER(FC50),INDIRECT("SamplesX!H"&FC50),IF(ISNUMBER(FD50),INDIRECT("SamplesY!H"&FD50),"")) | I50: =IF(ISNUMBER(FC50),IF(INDEX('Q:\Abteilungsprojekte\eng\EngData\AOS\Allgemein\[LabSamples2026.xlsx]Huettenabwasser'!M:M,FC50)="","",INDEX('Q:\Abteilungsprojekte\eng\EngData\AOS\Allgemein\[LabSamples2026.xlsx]Huettenabwasser'!M:M,FC50)),"") | J50: =IF(ISNUMBER(FC50),IF(INDEX('Q:\Abteilungsprojekte\eng\EngData\AOS\Allgemein\[LabSamples2026.xlsx]Huettenabwasser'!N:N,FC50)="","",INDEX('Q:\Abteilungsprojekte\eng\EngData\AOS\Allgemein\[LabSamples2026.xlsx]Huettenabwasser'!N:N,FC50)),"") | L50: Shimadzu TOC-L | M50: None | P50: Shimadzu TOC-L | Q50: None | T50: Shimadzu TOC-L | U50: None | X50: Shimadzu TOC-L | Y50: None | AC50: None | AG50: None | AJ50: IC Anionen | AK50: None | AO50: None | AR50: IC Anionen | AS50: None | AW50: None | BA50: None | BD50: IC Anionen | BE50: None | BH50: IC Kationen | BI50: None | BM50: None | BP50: IC Kationen | BQ50: None | BT50: IC Kationen | BU50: None | BX50: IC Kationen | BY50: None | CC50: None | CG50: None | CK50: None | CO50: None | CR50: SOP 45-34 | CS50: None | CW50: None | DA50: None | DE50: None | DH50: SOP 45-09 | DI50: None | DL50: SOP 45-09 | DM50: None | DP50: IC Organic Acids | DQ50: None | DT50: IC Organic Acids | DU50: None | DX50: IC Organic Acids | DY50: None | EB50: IC Organic Acids | EC50: None | EF50: IC Organic Acids | EG50: None | EJ50: IC Organic Acids | EK50: None | EN50: IC Organic Acids | EO50: None | ER50: IC Organic Acids | ES50: None | EV50: LC-MS | EW50: None | EZ50: =TEXT(A50,"@") & TEXT(B50,"@") | FA50: =TEXT(SamplesX!A50,"@") & TEXT(SamplesX!B50,"@") | FC50: =MATCH(EZ50,FA1:FA1008,0)
C51: =IF(ISNUMBER(FC51),INDIRECT("SamplesX!C"&FC51),IF(ISNUMBER(FD51),INDIRECT("SamplesY!C"&FD51),"")) | D51: =IF(ISNUMBER(FC51),INDIRECT("SamplesX!D"&FC51),IF(ISNUMBER(FD51),INDIRECT("SamplesY!D"&FD51),"")) | E51: =IF(ISNUMBER(FC51),INDIRECT("SamplesX!E"&FC51),IF(ISNUMBER(FD51),INDIRECT("SamplesY!E"&FD51),"")) | F51: =IF(ISNUMBER(FC51),INDIRECT("SamplesX!F"&FC51),IF(ISNUMBER(FD51),INDIRECT("SamplesY!F"&FD51),"")) | G51: =IF(ISNUMBER(FC51),INDIRECT("SamplesX!G"&FC51),IF(ISNUMBER(FD51),INDIRECT("SamplesY!G"&FD51),"")) | H51: =IF(ISNUMBER(FC51),INDIRECT("SamplesX!H"&FC51),IF(ISNUMBER(FD51),INDIRECT("SamplesY!H"&FD51),"")) | I51: =IF(ISNUMBER(FC51),IF(INDEX('Q:\Abteilungsprojekte\eng\EngData\AOS\Allgemein\[LabSamples2026.xlsx]Huettenabwasser'!M:M,FC51)="","",INDEX('Q:\Abteilungsprojekte\eng\EngData\AOS\Allgemein\[LabSamples2026.xlsx]Huettenabwasser'!M:M,FC51)),"") | J51: =IF(ISNUMBER(FC51),IF(INDEX('Q:\Abteilungsprojekte\eng\EngData\AOS\Allgemein\[LabSamples2026.xlsx]Huettenabwasser'!N:N,FC51)="","",INDEX('Q:\Abteilungsprojekte\eng\EngData\AOS\Allgemein\[LabSamples2026.xlsx]Huettenabwasser'!N:N,FC51)),"") | L51: Shimadzu TOC-L | M51: None | P51: Shimadzu TOC-L | Q51: None | T51: Shimadzu TOC-L | U51: None | X51: Shimadzu TOC-L | Y51: None | AC51: None | AG51: None | AJ51: IC Anionen | AK51: None | AO51: None | AR51: IC Anionen | AS51: None | AW51: None | BA51: None | BD51: IC Anionen | BE51: None | BH51: IC Kationen | BI51: None | BM51: None | BP51: IC Kationen | BQ51: None | BT51: IC Kationen | BU51: None | BX51: IC Kationen | BY51: None | CC51: None | CG51: None | CK51: None | CO51: None | CR51: SOP 45-34 | CS51: None | CW51: None | DA51: None | DE51: None | DH51: SOP 45-09 | DI51: None | DL51: SOP 45-09 | DM51: None | DP51: IC Organic Acids | DQ51: None | DT51: IC Organic Acids | DU51: None | DX51: IC Organic Acids | DY51: None | EB51: IC Organic Acids | EC51: None | EF51: IC Organic Acids | EG51: None | EJ51: IC Organic Acids | EK51: None | EN51: IC Organic Acids | EO51: None | ER51: IC Organic Acids | ES51: None | EV51: LC-MS | EW51: None | EZ51: =TEXT(A51,"@") & TEXT(B51,"@") | FA51: =TEXT(SamplesX!A51,"@") & TEXT(SamplesX!B51,"@") | FC51: =MATCH(EZ51,FA1:FA1008,0)
C52: =IF(ISNUMBER(FC52),INDIRECT("SamplesX!C"&FC52),IF(ISNUMBER(FD52),INDIRECT("SamplesY!C"&FD52),"")) | D52: =IF(ISNUMBER(FC52),INDIRECT("SamplesX!D"&FC52),IF(ISNUMBER(FD52),INDIRECT("SamplesY!D"&FD52),"")) | E52: =IF(ISNUMBER(FC52),INDIRECT("SamplesX!E"&FC52),IF(ISNUMBER(FD52),INDIRECT("SamplesY!E"&FD52),"")) | F52: =IF(ISNUMBER(FC52),INDIRECT("SamplesX!F"&FC52),IF(ISNUMBER(FD52),INDIRECT("SamplesY!F"&FD52),"")) | G52: =IF(ISNUMBER(FC52),INDIRECT("SamplesX!G"&FC52),IF(ISNUMBER(FD52),INDIRECT("SamplesY!G"&FD52),"")) | H52: =IF(ISNUMBER(FC52),INDIRECT("SamplesX!H"&FC52),IF(ISNUMBER(FD52),INDIRECT("SamplesY!H"&FD52),"")) | I52: =IF(ISNUMBER(FC52),IF(INDEX('Q:\Abteilungsprojekte\eng\EngData\AOS\Allgemein\[LabSamples2026.xlsx]Huettenabwasser'!M:M,FC52)="","",INDEX('Q:\Abteilungsprojekte\eng\EngData\AOS\Allgemein\[LabSamples2026.xlsx]Huettenabwasser'!M:M,FC52)),"") | J52: =IF(ISNUMBER(FC52),IF(INDEX('Q:\Abteilungsprojekte\eng\EngData\AOS\Allgemein\[LabSamples2026.xlsx]Huettenabwasser'!N:N,FC52)="","",INDEX('Q:\Abteilungsprojekte\eng\EngData\AOS\Allgemein\[LabSamples2026.xlsx]Huettenabwasser'!N:N,FC52)),"") | L52: Shimadzu TOC-L | M52: None | P52: Shimadzu TOC-L | Q52: None | T52: Shimadzu TOC-L | U52: None | X52: Shimadzu TOC-L | Y52: None | AC52: None | AG52: None | AJ52: IC Anionen | AK52: None | AO52: None | AR52: IC Anionen | AS52: None | AW52: None | BA52: None | BD52: IC Anionen | BE52: None | BH52: IC Kationen | BI52: None | BM52: None | BP52: IC Kationen | BQ52: None | BT52: IC Kationen | BU52: None | BX52: IC Kationen | BY52: None | CC52: None | CG52: None | CK52: None | CO52: None | CR52: SOP 45-34 | CS52: None | CW52: None | DA52: None | DE52: None | DH52: SOP 45-09 | DI52: None | DL52: SOP 45-09 | DM52: None | DP52: IC Organic Acids | DQ52: None | DT52: IC Organic Acids | DU52: None | DX52: IC Organic Acids | DY52: None | EB52: IC Organic Acids | EC52: None | EF52: IC Organic Acids | EG52: None | EJ52: IC Organic Acids | EK52: None | EN52: IC Organic Acids | EO52: None | ER52: IC Organic Acids | ES52: None | EV52: LC-MS | EW52: None | EZ52: =TEXT(A52,"@") & TEXT(B52,"@") | FA52: =TEXT(SamplesX!A52,"@") & TEXT(SamplesX!B52,"@") | FC52: =MATCH(EZ52,FA1:FA1008,0)
C53: =IF(ISNUMBER(FC53),INDIRECT("SamplesX!C"&FC53),IF(ISNUMBER(FD53),INDIRECT("SamplesY!C"&FD53),"")) | D53: =IF(ISNUMBER(FC53),INDIRECT("SamplesX!D"&FC53),IF(ISNUMBER(FD53),INDIRECT("SamplesY!D"&FD53),"")) | E53: =IF(ISNUMBER(FC53),INDIRECT("SamplesX!E"&FC53),IF(ISNUMBER(FD53),INDIRECT("SamplesY!E"&FD53),"")) | F53: =IF(ISNUMBER(FC53),INDIRECT("SamplesX!F"&FC53),IF(ISNUMBER(FD53),INDIRECT("SamplesY!F"&FD53),"")) | G53: =IF(ISNUMBER(FC53),INDIRECT("SamplesX!G"&FC53),IF(ISNUMBER(FD53),INDIRECT("SamplesY!G"&FD53),"")) | H53: =IF(ISNUMBER(FC53),INDIRECT("SamplesX!H"&FC53),IF(ISNUMBER(FD53),INDIRECT("SamplesY!H"&FD53),"")) | I53: =IF(ISNUMBER(FC53),IF(INDEX('Q:\Abteilungsprojekte\eng\EngData\AOS\Allgemein\[LabSamples2026.xlsx]Huettenabwasser'!M:M,FC53)="","",INDEX('Q:\Abteilungsprojekte\eng\EngData\AOS\Allgemein\[LabSamples2026.xlsx]Huettenabwasser'!M:M,FC53)),"") | J53: =IF(ISNUMBER(FC53),IF(INDEX('Q:\Abteilungsprojekte\eng\EngData\AOS\Allgemein\[LabSamples2026.xlsx]Huettenabwasser'!N:N,FC53)="","",INDEX('Q:\Abteilungsprojekte\eng\EngData\AOS\Allgemein\[LabSamples2026.xlsx]Huettenabwasser'!N:N,FC53)),"") | L53: Shimadzu TOC-L | M53: None | P53: Shimadzu TOC-L | Q53: None | T53: Shimadzu TOC-L | U53: None | X53: Shimadzu TOC-L | Y53: None | AC53: None | AG53: None | AJ53: IC Anionen | AK53: None | AO53: None | AR53: IC Anionen | AS53: None | AW53: None | BA53: None | BD53: IC Anionen | BE53: None | BH53: IC Kationen | BI53: None | BM53: None | BP53: IC Kationen | BQ53: None | BT53: IC Kationen | BU53: None | BX53: IC Kationen | BY53: None | CC53: None | CG53: None | CK53: None | CO53: None | CR53: SOP 45-34 | CS53: None | CW53: None | DA53: None | DE53: None | DH53: SOP 45-09 | DI53: None | DL53: SOP 45-09 | DM53: None | DP53: IC Organic Acids | DQ53: None | DT53: IC Organic Acids | DU53: None | DX53: IC Organic Acids | DY53: None | EB53: IC Organic Acids | EC53: None | EF53: IC Organic Acids | EG53: None | EJ53: IC Organic Acids | EK53: None | EN53: IC Organic Acids | EO53: None | ER53: IC Organic Acids | ES53: None | EV53: LC-MS | EW53: None | EZ53: =TEXT(A53,"@") & TEXT(B53,"@") | FA53: =TEXT(SamplesX!A53,"@") & TEXT(SamplesX!B53,"@") | FC53: =MATCH(EZ53,FA1:FA1008,0)
C54: =IF(ISNUMBER(FC54),INDIRECT("SamplesX!C"&FC54),IF(ISNUMBER(FD54),INDIRECT("SamplesY!C"&FD54),"")) | D54: =IF(ISNUMBER(FC54),INDIRECT("SamplesX!D"&FC54),IF(ISNUMBER(FD54),INDIRECT("SamplesY!D"&FD54),"")) | E54: =IF(ISNUMBER(FC54),INDIRECT("SamplesX!E"&FC54),IF(ISNUMBER(FD54),INDIRECT("SamplesY!E"&FD54),"")) | F54: =IF(ISNUMBER(FC54),INDIRECT("SamplesX!F"&FC54),IF(ISNUMBER(FD54),INDIRECT("SamplesY!F"&FD54),"")) | G54: =IF(ISNUMBER(FC54),INDIRECT("SamplesX!G"&FC54),IF(ISNUMBER(FD54),INDIRECT("SamplesY!G"&FD54),"")) | H54: =IF(ISNUMBER(FC54),INDIRECT("SamplesX!H"&FC54),IF(ISNUMBER(FD54),INDIRECT("SamplesY!H"&FD54),"")) | I54: =IF(ISNUMBER(FC54),IF(INDEX('Q:\Abteilungsprojekte\eng\EngData\AOS\Allgemein\[LabSamples2026.xlsx]Huettenabwasser'!M:M,FC54)="","",INDEX('Q:\Abteilungsprojekte\eng\EngData\AOS\Allgemein\[LabSamples2026.xlsx]Huettenabwasser'!M:M,FC54)),"") | J54: =IF(ISNUMBER(FC54),IF(INDEX('Q:\Abteilungsprojekte\eng\EngData\AOS\Allgemein\[LabSamples2026.xlsx]Huettenabwasser'!N:N,FC54)="","",INDEX('Q:\Abteilungsprojekte\eng\EngData\AOS\Allgemein\[LabSamples2026.xlsx]Huettenabwasser'!N:N,FC54)),"") | L54: Shimadzu TOC-L | M54: None | P54: Shimadzu TOC-L | Q54: None | T54: Shimadzu TOC-L | U54: None | X54: Shimadzu TOC-L | Y54: None | AC54: None | AG54: None | AJ54: IC Anionen | AK54: None | AO54: None | AR54: IC Anionen | AS54: None | AW54: None | BA54: None | BD54: IC Anionen | BE54: None | BH54: IC Kationen | BI54: None | BM54: None | BP54: IC Kationen | BQ54: None | BT54: IC Kationen | BU54: None | BX54: IC Kationen | BY54: None | CC54: None | CG54: None | CK54: None | CO54: None | CR54: SOP 45-34 | CS54: None | CW54: None | DA54: None | DE54: None | DH54: SOP 45-09 | DI54: None | DL54: SOP 45-09 | DM54: None | DP54: IC Organic Acids | DQ54: None | DT54: IC Organic Acids | DU54: None | DX54: IC Organic Acids | DY54: None | EB54: IC Organic Acids | EC54: None | EF54: IC Organic Acids | EG54: None | EJ54: IC Organic Acids | EK54: None | EN54: IC Organic Acids | EO54: None | ER54: IC Organic Acids | ES54: None | EV54: LC-MS | EW54: None | EZ54: =TEXT(A54,"@") & TEXT(B54,"@") | FA54: =TEXT(SamplesX!A54,"@") & TEXT(SamplesX!B54,"@") | FC54: =MATCH(EZ54,FA1:FA1008,0)
C55: =IF(ISNUMBER(FC55),INDIRECT("SamplesX!C"&FC55),IF(ISNUMBER(FD55),INDIRECT("SamplesY!C"&FD55),"")) | D55: =IF(ISNUMBER(FC55),INDIRECT("SamplesX!D"&FC55),IF(ISNUMBER(FD55),INDIRECT("SamplesY!D"&FD55),"")) | E55: =IF(ISNUMBER(FC55),INDIRECT("SamplesX!E"&FC55),IF(ISNUMBER(FD55),INDIRECT("SamplesY!E"&FD55),"")) | F55: =IF(ISNUMBER(FC55),INDIRECT("SamplesX!F"&FC55),IF(ISNUMBER(FD55),INDIRECT("SamplesY!F"&FD55),"")) | G55: =IF(ISNUMBER(FC55),INDIRECT("SamplesX!G"&FC55),IF(ISNUMBER(FD55),INDIRECT("SamplesY!G"&FD55),"")) | H55: =IF(ISNUMBER(FC55),INDIRECT("SamplesX!H"&FC55),IF(ISNUMBER(FD55),INDIRECT("SamplesY!H"&FD55),"")) | I55: =IF(ISNUMBER(FC55),IF(INDEX('Q:\Abteilungsprojekte\eng\EngData\AOS\Allgemein\[LabSamples2026.xlsx]Huettenabwasser'!M:M,FC55)="","",INDEX('Q:\Abteilungsprojekte\eng\EngData\AOS\Allgemein\[LabSamples2026.xlsx]Huettenabwasser'!M:M,FC55)),"") | J55: =IF(ISNUMBER(FC55),IF(INDEX('Q:\Abteilungsprojekte\eng\EngData\AOS\Allgemein\[LabSamples2026.xlsx]Huettenabwasser'!N:N,FC55)="","",INDEX('Q:\Abteilungsprojekte\eng\EngData\AOS\Allgemein\[LabSamples2026.xlsx]Huettenabwasser'!N:N,FC55)),"") | L55: Shimadzu TOC-L | M55: None | P55: Shimadzu TOC-L | Q55: None | T55: Shimadzu TOC-L | U55: None | X55: Shimadzu TOC-L | Y55: None | AC55: None | AG55: None | AJ55: IC Anionen | AK55: None | AO55: None | AR55: IC Anionen | AS55: None | AW55: None | BA55: None | BD55: IC Anionen | BE55: None | BH55: IC Kationen | BI55: None | BM55: None | BP55: IC Kationen | BQ55: None | BT55: IC Kationen | BU55: None | BX55: IC Kationen | BY55: None | CC55: None | CG55: None | CK55: None | CO55: None | CR55: SOP 45-34 | CS55: None | CW55: None | DA55: None | DE55: None | DH55: SOP 45-09 | DI55: None | DL55: SOP 45-09 | DM55: None | DP55: IC Organic Acids | DQ55: None | DT55: IC Organic Acids | DU55: None | DX55: IC Organic Acids | DY55: None | EB55: IC Organic Acids | EC55: None | EF55: IC Organic Acids | EG55: None | EJ55: IC Organic Acids | EK55: None | EN55: IC Organic Acids | EO55: None | ER55: IC Organic Acids | ES55: None | EV55: LC-MS | EW55: None | EZ55: =TEXT(A55,"@") & TEXT(B55,"@") | FA55: =TEXT(SamplesX!A55,"@") & TEXT(SamplesX!B55,"@") | FC55: =MATCH(EZ55,FA1:FA1008,0)
C56: =IF(ISNUMBER(FC56),INDIRECT("SamplesX!C"&FC56),IF(ISNUMBER(FD56),INDIRECT("SamplesY!C"&FD56),"")) | D56: =IF(ISNUMBER(FC56),INDIRECT("SamplesX!D"&FC56),IF(ISNUMBER(FD56),INDIRECT("SamplesY!D"&FD56),"")) | E56: =IF(ISNUMBER(FC56),INDIRECT("SamplesX!E"&FC56),IF(ISNUMBER(FD56),INDIRECT("SamplesY!E"&FD56),"")) | F56: =IF(ISNUMBER(FC56),INDIRECT("SamplesX!F"&FC56),IF(ISNUMBER(FD56),INDIRECT("SamplesY!F"&FD56),"")) | G56: =IF(ISNUMBER(FC56),INDIRECT("SamplesX!G"&FC56),IF(ISNUMBER(FD56),INDIRECT("SamplesY!G"&FD56),"")) | H56: =IF(ISNUMBER(FC56),INDIRECT("SamplesX!H"&FC56),IF(ISNUMBER(FD56),INDIRECT("SamplesY!H"&FD56),"")) | I56: =IF(ISNUMBER(FC56),IF(INDEX('Q:\Abteilungsprojekte\eng\EngData\AOS\Allgemein\[LabSamples2026.xlsx]Huettenabwasser'!M:M,FC56)="","",INDEX('Q:\Abteilungsprojekte\eng\EngData\AOS\Allgemein\[LabSamples2026.xlsx]Huettenabwasser'!M:M,FC56)),"") | J56: =IF(ISNUMBER(FC56),IF(INDEX('Q:\Abteilungsprojekte\eng\EngData\AOS\Allgemein\[LabSamples2026.xlsx]Huettenabwasser'!N:N,FC56)="","",INDEX('Q:\Abteilungsprojekte\eng\EngData\AOS\Allgemein\[LabSamples2026.xlsx]Huettenabwasser'!N:N,FC56)),"") | L56: Shimadzu TOC-L | M56: None | P56: Shimadzu TOC-L | Q56: None | T56: Shimadzu TOC-L | U56: None | X56: Shimadzu TOC-L | Y56: None | AC56: None | AG56: None | AJ56: IC Anionen | AK56: None | AO56: None | AR56: IC Anionen | AS56: None | AW56: None | BA56: None | BD56: IC Anionen | BE56: None | BH56: IC Kationen | BI56: None | BM56: None | BP56: IC Kationen | BQ56: None | BT56: IC Kationen | BU56: None | BX56: IC Kationen | BY56: None | CC56: None | CG56: None | CK56: None | CO56: None | CR56: SOP 45-34 | CS56: None | CW56: None | DA56: None | DE56: None | DH56: SOP 45-09 | DI56: None | DL56: SOP 45-09 | DM56: None | DP56: IC Organic Acids | DQ56: None | DT56: IC Organic Acids | DU56: None | DX56: IC Organic Acids | DY56: None | EB56: IC Organic Acids | EC56: None | EF56: IC Organic Acids | EG56: None | EJ56: IC Organic Acids | EK56: None | EN56: IC Organic Acids | EO56: None | ER56: IC Organic Acids | ES56: None | EV56: LC-MS | EW56: None | EZ56: =TEXT(A56,"@") & TEXT(B56,"@") | FA56: =TEXT(SamplesX!A56,"@") & TEXT(SamplesX!B56,"@") | FC56: =MATCH(EZ56,FA1:FA1008,0)
C57: =IF(ISNUMBER(FC57),INDIRECT("SamplesX!C"&FC57),IF(ISNUMBER(FD57),INDIRECT("SamplesY!C"&FD57),"")) | D57: =IF(ISNUMBER(FC57),INDIRECT("SamplesX!D"&FC57),IF(ISNUMBER(FD57),INDIRECT("SamplesY!D"&FD57),"")) | E57: =IF(ISNUMBER(FC57),INDIRECT("SamplesX!E"&FC57),IF(ISNUMBER(FD57),INDIRECT("SamplesY!E"&FD57),"")) | F57: =IF(ISNUMBER(FC57),INDIRECT("SamplesX!F"&FC57),IF(ISNUMBER(FD57),INDIRECT("SamplesY!F"&FD57),"")) | G57: =IF(ISNUMBER(FC57),INDIRECT("SamplesX!G"&FC57),IF(ISNUMBER(FD57),INDIRECT("SamplesY!G"&FD57),"")) | H57: =IF(ISNUMBER(FC57),INDIRECT("SamplesX!H"&FC57),IF(ISNUMBER(FD57),INDIRECT("SamplesY!H"&FD57),"")) | I57: =IF(ISNUMBER(FC57),IF(INDEX('Q:\Abteilungsprojekte\eng\EngData\AOS\Allgemein\[LabSamples2026.xlsx]Huettenabwasser'!M:M,FC57)="","",INDEX('Q:\Abteilungsprojekte\eng\EngData\AOS\Allgemein\[LabSamples2026.xlsx]Huettenabwasser'!M:M,FC57)),"") | J57: =IF(ISNUMBER(FC57),IF(INDEX('Q:\Abteilungsprojekte\eng\EngData\AOS\Allgemein\[LabSamples2026.xlsx]Huettenabwasser'!N:N,FC57)="","",INDEX('Q:\Abteilungsprojekte\eng\EngData\AOS\Allgemein\[LabSamples2026.xlsx]Huettenabwasser'!N:N,FC57)),"") | L57: Shimadzu TOC-L | M57: None | P57: Shimadzu TOC-L | Q57: None | T57: Shimadzu TOC-L | U57: None | X57: Shimadzu TOC-L | Y57: None | AC57: None | AG57: None | AJ57: IC Anionen | AK57: None | AO57: None | AR57: IC Anionen | AS57: None | AW57: None | BA57: None | BD57: IC Anionen | BE57: None | BH57: IC Kationen | BI57: None | BM57: None | BP57: IC Kationen | BQ57: None | BT57: IC Kationen | BU57: None | BX57: IC Kationen | BY57: None | CC57: None | CG57: None | CK57: None | CO57: None | CR57: SOP 45-34 | CS57: None | CW57: None | DA57: None | DE57: None | DH57: SOP 45-09 | DI57: None | DL57: SOP 45-09 | DM57: None | DP57: IC Organic Acids | DQ57: None | DT57: IC Organic Acids | DU57: None | DX57: IC Organic Acids | DY57: None | EB57: IC Organic Acids | EC57: None | EF57: IC Organic Acids | EG57: None | EJ57: IC Organic Acids | EK57: None | EN57: IC Organic Acids | EO57: None | ER57: IC Organic Acids | ES57: None | EV57: LC-MS | EW57: None | EZ57: =TEXT(A57,"@") & TEXT(B57,"@") | FA57: =TEXT(SamplesX!A57,"@") & TEXT(SamplesX!B57,"@") | FC57: =MATCH(EZ57,FA1:FA1008,0)
C58: =IF(ISNUMBER(FC58),INDIRECT("SamplesX!C"&FC58),IF(ISNUMBER(FD58),INDIRECT("SamplesY!C"&FD58),"")) | D58: =IF(ISNUMBER(FC58),INDIRECT("SamplesX!D"&FC58),IF(ISNUMBER(FD58),INDIRECT("SamplesY!D"&FD58),"")) | E58: =IF(ISNUMBER(FC58),INDIRECT("SamplesX!E"&FC58),IF(ISNUMBER(FD58),INDIRECT("SamplesY!E"&FD58),"")) | F58: =IF(ISNUMBER(FC58),INDIRECT("SamplesX!F"&FC58),IF(ISNUMBER(FD58),INDIRECT("SamplesY!F"&FD58),"")) | G58: =IF(ISNUMBER(FC58),INDIRECT("SamplesX!G"&FC58),IF(ISNUMBER(FD58),INDIRECT("SamplesY!G"&FD58),"")) | H58: =IF(ISNUMBER(FC58),INDIRECT("SamplesX!H"&FC58),IF(ISNUMBER(FD58),INDIRECT("SamplesY!H"&FD58),"")) | I58: =IF(ISNUMBER(FC58),IF(INDEX('Q:\Abteilungsprojekte\eng\EngData\AOS\Allgemein\[LabSamples2026.xlsx]Huettenabwasser'!M:M,FC58)="","",INDEX('Q:\Abteilungsprojekte\eng\EngData\AOS\Allgemein\[LabSamples2026.xlsx]Huettenabwasser'!M:M,FC58)),"") | J58: =IF(ISNUMBER(FC58),IF(INDEX('Q:\Abteilungsprojekte\eng\EngData\AOS\Allgemein\[LabSamples2026.xlsx]Huettenabwasser'!N:N,FC58)="","",INDEX('Q:\Abteilungsprojekte\eng\EngData\AOS\Allgemein\[LabSamples2026.xlsx]Huettenabwasser'!N:N,FC58)),"") | L58: Shimadzu TOC-L | M58: None | P58: Shimadzu TOC-L | Q58: None | T58: Shimadzu TOC-L | U58: None | X58: Shimadzu TOC-L | Y58: None | AC58: None | AG58: None | AJ58: IC Anionen | AK58: None | AO58: None | AR58: IC Anionen | AS58: None | AW58: None | BA58: None | BD58: IC Anionen | BE58: None | BH58: IC Kationen | BI58: None | BM58: None | BP58: IC Kationen | BQ58: None | BT58: IC Kationen | BU58: None | BX58: IC Kationen | BY58: None | CC58: None | CG58: None | CK58: None | CO58: None | CR58: SOP 45-34 | CS58: None | CW58: None | DA58: None | DE58: None | DH58: SOP 45-09 | DI58: None | DL58: SOP 45-09 | DM58: None | DP58: IC Organic Acids | DQ58: None | DT58: IC Organic Acids | DU58: None | DX58: IC Organic Acids | DY58: None | EB58: IC Organic Acids | EC58: None | EF58: IC Organic Acids | EG58: None | EJ58: IC Organic Acids | EK58: None | EN58: IC Organic Acids | EO58: None | ER58: IC Organic Acids | ES58: None | EV58: LC-MS | EW58: None | EZ58: =TEXT(A58,"@") & TEXT(B58,"@") | FA58: =TEXT(SamplesX!A58,"@") & TEXT(SamplesX!B58,"@") | FC58: =MATCH(EZ58,FA1:FA1008,0)
C59: =IF(ISNUMBER(FC59),INDIRECT("SamplesX!C"&FC59),IF(ISNUMBER(FD59),INDIRECT("SamplesY!C"&FD59),"")) | D59: =IF(ISNUMBER(FC59),INDIRECT("SamplesX!D"&FC59),IF(ISNUMBER(FD59),INDIRECT("SamplesY!D"&FD59),"")) | E59: =IF(ISNUMBER(FC59),INDIRECT("SamplesX!E"&FC59),IF(ISNUMBER(FD59),INDIRECT("SamplesY!E"&FD59),"")) | F59: =IF(ISNUMBER(FC59),INDIRECT("SamplesX!F"&FC59),IF(ISNUMBER(FD59),INDIRECT("SamplesY!F"&FD59),"")) | G59: =IF(ISNUMBER(FC59),INDIRECT("SamplesX!G"&FC59),IF(ISNUMBER(FD59),INDIRECT("SamplesY!G"&FD59),"")) | H59: =IF(ISNUMBER(FC59),INDIRECT("SamplesX!H"&FC59),IF(ISNUMBER(FD59),INDIRECT("SamplesY!H"&FD59),"")) | I59: =IF(ISNUMBER(FC59),IF(INDEX('Q:\Abteilungsprojekte\eng\EngData\AOS\Allgemein\[LabSamples2026.xlsx]Huettenabwasser'!M:M,FC59)="","",INDEX('Q:\Abteilungsprojekte\eng\EngData\AOS\Allgemein\[LabSamples2026.xlsx]Huettenabwasser'!M:M,FC59)),"") | J59: =IF(ISNUMBER(FC59),IF(INDEX('Q:\Abteilungsprojekte\eng\EngData\AOS\Allgemein\[LabSamples2026.xlsx]Huettenabwasser'!N:N,FC59)="","",INDEX('Q:\Abteilungsprojekte\eng\EngData\AOS\Allgemein\[LabSamples2026.xlsx]Huettenabwasser'!N:N,FC59)),"") | L59: Shimadzu TOC-L | M59: None | P59: Shimadzu TOC-L | Q59: None | T59: Shimadzu TOC-L | U59: None | X59: Shimadzu TOC-L | Y59: None | AC59: None | AG59: None | AJ59: IC Anionen | AK59: None | AO59: None | AR59: IC Anionen | AS59: None | AW59: None | BA59: None | BD59: IC Anionen | BE59: None | BH59: IC Kationen | BI59: None | BM59: None | BP59: IC Kationen | BQ59: None | BT59: IC Kationen | BU59: None | BX59: IC Kationen | BY59: None | CC59: None | CG59: None | CK59: None | CO59: None | CR59: SOP 45-34 | CS59: None | CW59: None | DA59: None | DE59: None | DH59: SOP 45-09 | DI59: None | DL59: SOP 45-09 | DM59: None | DP59: IC Organic Acids | DQ59: None | DT59: IC Organic Acids | DU59: None | DX59: IC Organic Acids | DY59: None | EB59: IC Organic Acids | EC59: None | EF59: IC Organic Acids | EG59: None | EJ59: IC Organic Acids | EK59: None | EN59: IC Organic Acids | EO59: None | ER59: IC Organic Acids | ES59: None | EV59: LC-MS | EW59: None | EZ59: =TEXT(A59,"@") & TEXT(B59,"@") | FA59: =TEXT(SamplesX!A59,"@") & TEXT(SamplesX!B59,"@") | FC59: =MATCH(EZ59,FA1:FA1008,0)
C60: =IF(ISNUMBER(FC60),INDIRECT("SamplesX!C"&FC60),IF(ISNUMBER(FD60),INDIRECT("SamplesY!C"&FD60),"")) | D60: =IF(ISNUMBER(FC60),INDIRECT("SamplesX!D"&FC60),IF(ISNUMBER(FD60),INDIRECT("SamplesY!D"&FD60),"")) | E60: =IF(ISNUMBER(FC60),INDIRECT("SamplesX!E"&FC60),IF(ISNUMBER(FD60),INDIRECT("SamplesY!E"&FD60),"")) | F60: =IF(ISNUMBER(FC60),INDIRECT("SamplesX!F"&FC60),IF(ISNUMBER(FD60),INDIRECT("SamplesY!F"&FD60),"")) | G60: =IF(ISNUMBER(FC60),INDIRECT("SamplesX!G"&FC60),IF(ISNUMBER(FD60),INDIRECT("SamplesY!G"&FD60),"")) | H60: =IF(ISNUMBER(FC60),INDIRECT("SamplesX!H"&FC60),IF(ISNUMBER(FD60),INDIRECT("SamplesY!H"&FD60),"")) | I60: =IF(ISNUMBER(FC60),IF(INDEX('Q:\Abteilungsprojekte\eng\EngData\AOS\Allgemein\[LabSamples2026.xlsx]Huettenabwasser'!M:M,FC60)="","",INDEX('Q:\Abteilungsprojekte\eng\EngData\AOS\Allgemein\[LabSamples2026.xlsx]Huettenabwasser'!M:M,FC60)),"") | J60: =IF(ISNUMBER(FC60),IF(INDEX('Q:\Abteilungsprojekte\eng\EngData\AOS\Allgemein\[LabSamples2026.xlsx]Huettenabwasser'!N:N,FC60)="","",INDEX('Q:\Abteilungsprojekte\eng\EngData\AOS\Allgemein\[LabSamples2026.xlsx]Huettenabwasser'!N:N,FC60)),"") | L60: Shimadzu TOC-L | M60: None | P60: Shimadzu TOC-L | Q60: None | T60: Shimadzu TOC-L | U60: None | X60: Shimadzu TOC-L | Y60: None | AC60: None | AG60: None | AJ60: IC Anionen | AK60: None | AO60: None | AR60: IC Anionen | AS60: None | AW60: None | BA60: None | BD60: IC Anionen | BE60: None | BH60: IC Kationen | BI60: None | BM60: None | BP60: IC Kationen | BQ60: None | BT60: IC Kationen | BU60: None | BX60: IC Kationen | BY60: None | CC60: None | CG60: None | CK60: None | CO60: None | CR60: SOP 45-34 | CS60: None | CW60: None | DA60: None | DE60: None | DH60: SOP 45-09 | DI60: None | DL60: SOP 45-09 | DM60: None | DP60: IC Organic Acids | DQ60: None | DT60: IC Organic Acids | DU60: None | DX60: IC Organic Acids | DY60: None | EB60: IC Organic Acids | EC60: None | EF60: IC Organic Acids | EG60: None | EJ60: IC Organic Acids | EK60: None | EN60: IC Organic Acids | EO60: None | ER60: IC Organic Acids | ES60: None | EV60: LC-MS | EW60: None | EZ60: =TEXT(A60,"@") & TEXT(B60,"@") | FA60: =TEXT(SamplesX!A60,"@") & TEXT(SamplesX!B60,"@") | FC60: =MATCH(EZ60,FA1:FA1008,0)
C61: =IF(ISNUMBER(FC61),INDIRECT("SamplesX!C"&FC61),IF(ISNUMBER(FD61),INDIRECT("SamplesY!C"&FD61),"")) | D61: =IF(ISNUMBER(FC61),INDIRECT("SamplesX!D"&FC61),IF(ISNUMBER(FD61),INDIRECT("SamplesY!D"&FD61),"")) | E61: =IF(ISNUMBER(FC61),INDIRECT("SamplesX!E"&FC61),IF(ISNUMBER(FD61),INDIRECT("SamplesY!E"&FD61),"")) | F61: =IF(ISNUMBER(FC61),INDIRECT("SamplesX!F"&FC61),IF(ISNUMBER(FD61),INDIRECT("SamplesY!F"&FD61),"")) | G61: =IF(ISNUMBER(FC61),INDIRECT("SamplesX!G"&FC61),IF(ISNUMBER(FD61),INDIRECT("SamplesY!G"&FD61),"")) | H61: =IF(ISNUMBER(FC61),INDIRECT("SamplesX!H"&FC61),IF(ISNUMBER(FD61),INDIRECT("SamplesY!H"&FD61),"")) | I61: =IF(ISNUMBER(FC61),IF(INDEX('Q:\Abteilungsprojekte\eng\EngData\AOS\Allgemein\[LabSamples2026.xlsx]Huettenabwasser'!M:M,FC61)="","",INDEX('Q:\Abteilungsprojekte\eng\EngData\AOS\Allgemein\[LabSamples2026.xlsx]Huettenabwasser'!M:M,FC61)),"") | J61: =IF(ISNUMBER(FC61),IF(INDEX('Q:\Abteilungsprojekte\eng\EngData\AOS\Allgemein\[LabSamples2026.xlsx]Huettenabwasser'!N:N,FC61)="","",INDEX('Q:\Abteilungsprojekte\eng\EngData\AOS\Allgemein\[LabSamples2026.xlsx]Huettenabwasser'!N:N,FC61)),"") | L61: Shimadzu TOC-L | M61: None | P61: Shimadzu TOC-L | Q61: None | T61: Shimadzu TOC-L | U61: None | X61: Shimadzu TOC-L | Y61: None | AC61: None | AG61: None | AJ61: IC Anionen | AK61: None | AO61: None | AR61: IC Anionen | AS61: None | AW61: None | BA61: None | BD61: IC Anionen | BE61: None | BH61: IC Kationen | BI61: None | BM61: None | BP61: IC Kationen | BQ61: None | BT61: IC Kationen | BU61: None | BX61: IC Kationen | BY61: None | CC61: None | CG61: None | CK61: None | CO61: None | CR61: SOP 45-34 | CS61: None | CW61: None | DA61: None | DE61: None | DH61: SOP 45-09 | DI61: None | DL61: SOP 45-09 | DM61: None | DP61: IC Organic Acids | DQ61: None | DT61: IC Organic Acids | DU61: None | DX61: IC Organic Acids | DY61: None | EB61: IC Organic Acids | EC61: None | EF61: IC Organic Acids | EG61: None | EJ61: IC Organic Acids | EK61: None | EN61: IC Organic Acids | EO61: None | ER61: IC Organic Acids | ES61: None | EV61: LC-MS | EW61: None | EZ61: =TEXT(A61,"@") & TEXT(B61,"@") | FA61: =TEXT(SamplesX!A61,"@") & TEXT(SamplesX!B61,"@") | FC61: =MATCH(EZ61,FA1:FA1008,0)
C62: =IF(ISNUMBER(FC62),INDIRECT("SamplesX!C"&FC62),IF(ISNUMBER(FD62),INDIRECT("SamplesY!C"&FD62),"")) | D62: =IF(ISNUMBER(FC62),INDIRECT("SamplesX!D"&FC62),IF(ISNUMBER(FD62),INDIRECT("SamplesY!D"&FD62),"")) | E62: =IF(ISNUMBER(FC62),INDIRECT("SamplesX!E"&FC62),IF(ISNUMBER(FD62),INDIRECT("SamplesY!E"&FD62),"")) | F62: =IF(ISNUMBER(FC62),INDIRECT("SamplesX!F"&FC62),IF(ISNUMBER(FD62),INDIRECT("SamplesY!F"&FD62),"")) | G62: =IF(ISNUMBER(FC62),INDIRECT("SamplesX!G"&FC62),IF(ISNUMBER(FD62),INDIRECT("SamplesY!G"&FD62),"")) | H62: =IF(ISNUMBER(FC62),INDIRECT("SamplesX!H"&FC62),IF(ISNUMBER(FD62),INDIRECT("SamplesY!H"&FD62),"")) | I62: =IF(ISNUMBER(FC62),IF(INDEX('Q:\Abteilungsprojekte\eng\EngData\AOS\Allgemein\[LabSamples2026.xlsx]Huettenabwasser'!M:M,FC62)="","",INDEX('Q:\Abteilungsprojekte\eng\EngData\AOS\Allgemein\[LabSamples2026.xlsx]Huettenabwasser'!M:M,FC62)),"") | J62: =IF(ISNUMBER(FC62),IF(INDEX('Q:\Abteilungsprojekte\eng\EngData\AOS\Allgemein\[LabSamples2026.xlsx]Huettenabwasser'!N:N,FC62)="","",INDEX('Q:\Abteilungsprojekte\eng\EngData\AOS\Allgemein\[LabSamples2026.xlsx]Huettenabwasser'!N:N,FC62)),"") | L62: Shimadzu TOC-L | M62: None | P62: Shimadzu TOC-L | Q62: None | T62: Shimadzu TOC-L | U62: None | X62: Shimadzu TOC-L | Y62: None | AC62: None | AG62: None | AJ62: IC Anionen | AK62: None | AO62: None | AR62: IC Anionen | AS62: None | AW62: None | BA62: None | BD62: IC Anionen | BE62: None | BH62: IC Kationen | BI62: None | BM62: None | BP62: IC Kationen | BQ62: None | BT62: IC Kationen | BU62: None | BX62: IC Kationen | BY62: None | CC62: None | CG62: None | CK62: None | CO62: None | CR62: SOP 45-34 | CS62: None | CW62: None | DA62: None | DE62: None | DH62: SOP 45-09 | DI62: None | DL62: SOP 45-09 | DM62: None | DP62: IC Organic Acids | DQ62: None | DT62: IC Organic Acids | DU62: None | DX62: IC Organic Acids | DY62: None | EB62: IC Organic Acids | EC62: None | EF62: IC Organic Acids | EG62: None | EJ62: IC Organic Acids | EK62: None | EN62: IC Organic Acids | EO62: None | ER62: IC Organic Acids | ES62: None | EV62: LC-MS | EW62: None | EZ62: =TEXT(A62,"@") & TEXT(B62,"@") | FA62: =TEXT(SamplesX!A62,"@") & TEXT(SamplesX!B62,"@") | FC62: =MATCH(EZ62,FA1:FA1008,0)
C63: =IF(ISNUMBER(FC63),INDIRECT("SamplesX!C"&FC63),IF(ISNUMBER(FD63),INDIRECT("SamplesY!C"&FD63),"")) | D63: =IF(ISNUMBER(FC63),INDIRECT("SamplesX!D"&FC63),IF(ISNUMBER(FD63),INDIRECT("SamplesY!D"&FD63),"")) | E63: =IF(ISNUMBER(FC63),INDIRECT("SamplesX!E"&FC63),IF(ISNUMBER(FD63),INDIRECT("SamplesY!E"&FD63),"")) | F63: =IF(ISNUMBER(FC63),INDIRECT("SamplesX!F"&FC63),IF(ISNUMBER(FD63),INDIRECT("SamplesY!F"&FD63),"")) | G63: =IF(ISNUMBER(FC63),INDIRECT("SamplesX!G"&FC63),IF(ISNUMBER(FD63),INDIRECT("SamplesY!G"&FD63),"")) | H63: =IF(ISNUMBER(FC63),INDIRECT("SamplesX!H"&FC63),IF(ISNUMBER(FD63),INDIRECT("SamplesY!H"&FD63),"")) | I63: =IF(ISNUMBER(FC63),IF(INDEX('Q:\Abteilungsprojekte\eng\EngData\AOS\Allgemein\[LabSamples2026.xlsx]Huettenabwasser'!M:M,FC63)="","",INDEX('Q:\Abteilungsprojekte\eng\EngData\AOS\Allgemein\[LabSamples2026.xlsx]Huettenabwasser'!M:M,FC63)),"") | J63: =IF(ISNUMBER(FC63),IF(INDEX('Q:\Abteilungsprojekte\eng\EngData\AOS\Allgemein\[LabSamples2026.xlsx]Huettenabwasser'!N:N,FC63)="","",INDEX('Q:\Abteilungsprojekte\eng\EngData\AOS\Allgemein\[LabSamples2026.xlsx]Huettenabwasser'!N:N,FC63)),"") | L63: Shimadzu TOC-L | M63: None | P63: Shimadzu TOC-L | Q63: None | T63: Shimadzu TOC-L | U63: None | X63: Shimadzu TOC-L | Y63: None | AC63: None | AG63: None | AJ63: IC Anionen | AK63: None | AO63: None | AR63: IC Anionen | AS63: None | AW63: None | BA63: None | BD63: IC Anionen | BE63: None | BH63: IC Kationen | BI63: None | BM63: None | BP63: IC Kationen | BQ63: None | BT63: IC Kationen | BU63: None | BX63: IC Kationen | BY63: None | CC63: None | CG63: None | CK63: None | CO63: None | CR63: SOP 45-34 | CS63: None | CW63: None | DA63: None | DE63: None | DH63: SOP 45-09 | DI63: None | DL63: SOP 45-09 | DM63: None | DP63: IC Organic Acids | DQ63: None | DT63: IC Organic Acids | DU63: None | DX63: IC Organic Acids | DY63: None | EB63: IC Organic Acids | EC63: None | EF63: IC Organic Acids | EG63: None | EJ63: IC Organic Acids | EK63: None | EN63: IC Organic Acids | EO63: None | ER63: IC Organic Acids | ES63: None | EV63: LC-MS | EW63: None | EZ63: =TEXT(A63,"@") & TEXT(B63,"@") | FA63: =TEXT(SamplesX!A63,"@") & TEXT(SamplesX!B63,"@") | FC63: =MATCH(EZ63,FA1:FA1008,0)
C64: =IF(ISNUMBER(FC64),INDIRECT("SamplesX!C"&FC64),IF(ISNUMBER(FD64),INDIRECT("SamplesY!C"&FD64),"")) | D64: =IF(ISNUMBER(FC64),INDIRECT("SamplesX!D"&FC64),IF(ISNUMBER(FD64),INDIRECT("SamplesY!D"&FD64),"")) | E64: =IF(ISNUMBER(FC64),INDIRECT("SamplesX!E"&FC64),IF(ISNUMBER(FD64),INDIRECT("SamplesY!E"&FD64),"")) | F64: =IF(ISNUMBER(FC64),INDIRECT("SamplesX!F"&FC64),IF(ISNUMBER(FD64),INDIRECT("SamplesY!F"&FD64),"")) | G64: =IF(ISNUMBER(FC64),INDIRECT("SamplesX!G"&FC64),IF(ISNUMBER(FD64),INDIRECT("SamplesY!G"&FD64),"")) | H64: =IF(ISNUMBER(FC64),INDIRECT("SamplesX!H"&FC64),IF(ISNUMBER(FD64),INDIRECT("SamplesY!H"&FD64),"")) | I64: =IF(ISNUMBER(FC64),IF(INDEX('Q:\Abteilungsprojekte\eng\EngData\AOS\Allgemein\[LabSamples2026.xlsx]Huettenabwasser'!M:M,FC64)="","",INDEX('Q:\Abteilungsprojekte\eng\EngData\AOS\Allgemein\[LabSamples2026.xlsx]Huettenabwasser'!M:M,FC64)),"") | J64: =IF(ISNUMBER(FC64),IF(INDEX('Q:\Abteilungsprojekte\eng\EngData\AOS\Allgemein\[LabSamples2026.xlsx]Huettenabwasser'!N:N,FC64)="","",INDEX('Q:\Abteilungsprojekte\eng\EngData\AOS\Allgemein\[LabSamples2026.xlsx]Huettenabwasser'!N:N,FC64)),"") | L64: Shimadzu TOC-L | M64: None | P64: Shimadzu TOC-L | Q64: None | T64: Shimadzu TOC-L | U64: None | X64: Shimadzu TOC-L | Y64: None | AC64: None | AG64: None | AJ64: IC Anionen | AK64: None | AO64: None | AR64: IC Anionen | AS64: None | AW64: None | BA64: None | BD64: IC Anionen | BE64: None | BH64: IC Kationen | BI64: None | BM64: None | BP64: IC Kationen | BQ64: None | BT64: IC Kationen | BU64: None | BX64: IC Kationen | BY64: None | CC64: None | CG64: None | CK64: None | CO64: None | CR64: SOP 45-34 | CS64: None | CW64: None | DA64: None | DE64: None | DH64: SOP 45-09 | DI64: None | DL64: SOP 45-09 | DM64: None | DP64: IC Organic Acids | DQ64: None | DT64: IC Organic Acids | DU64: None | DX64: IC Organic Acids | DY64: None | EB64: IC Organic Acids | EC64: None | EF64: IC Organic Acids | EG64: None | EJ64: IC Organic Acids | EK64: None | EN64: IC Organic Acids | EO64: None | ER64: IC Organic Acids | ES64: None | EV64: LC-MS | EW64: None | EZ64: =TEXT(A64,"@") & TEXT(B64,"@") | FA64: =TEXT(SamplesX!A64,"@") & TEXT(SamplesX!B64,"@") | FC64: =MATCH(EZ64,FA1:FA1008,0)
C65: =IF(ISNUMBER(FC65),INDIRECT("SamplesX!C"&FC65),IF(ISNUMBER(FD65),INDIRECT("SamplesY!C"&FD65),"")) | D65: =IF(ISNUMBER(FC65),INDIRECT("SamplesX!D"&FC65),IF(ISNUMBER(FD65),INDIRECT("SamplesY!D"&FD65),"")) | E65: =IF(ISNUMBER(FC65),INDIRECT("SamplesX!E"&FC65),IF(ISNUMBER(FD65),INDIRECT("SamplesY!E"&FD65),"")) | F65: =IF(ISNUMBER(FC65),INDIRECT("SamplesX!F"&FC65),IF(ISNUMBER(FD65),INDIRECT("SamplesY!F"&FD65),"")) | G65: =IF(ISNUMBER(FC65),INDIRECT("SamplesX!G"&FC65),IF(ISNUMBER(FD65),INDIRECT("SamplesY!G"&FD65),"")) | H65: =IF(ISNUMBER(FC65),INDIRECT("SamplesX!H"&FC65),IF(ISNUMBER(FD65),INDIRECT("SamplesY!H"&FD65),"")) | I65: =IF(ISNUMBER(FC65),IF(INDEX('Q:\Abteilungsprojekte\eng\EngData\AOS\Allgemein\[LabSamples2026.xlsx]Huettenabwasser'!M:M,FC65)="","",INDEX('Q:\Abteilungsprojekte\eng\EngData\AOS\Allgemein\[LabSamples2026.xlsx]Huettenabwasser'!M:M,FC65)),"") | J65: =IF(ISNUMBER(FC65),IF(INDEX('Q:\Abteilungsprojekte\eng\EngData\AOS\Allgemein\[LabSamples2026.xlsx]Huettenabwasser'!N:N,FC65)="","",INDEX('Q:\Abteilungsprojekte\eng\EngData\AOS\Allgemein\[LabSamples2026.xlsx]Huettenabwasser'!N:N,FC65)),"") | L65: Shimadzu TOC-L | M65: None | P65: Shimadzu TOC-L | Q65: None | T65: Shimadzu TOC-L | U65: None | X65: Shimadzu TOC-L | Y65: None | AC65: None | AG65: None | AJ65: IC Anionen | AK65: None | AO65: None | AR65: IC Anionen | AS65: None | AW65: None | BA65: None | BD65: IC Anionen | BE65: None | BH65: IC Kationen | BI65: None | BM65: None | BP65: IC Kationen | BQ65: None | BT65: IC Kationen | BU65: None | BX65: IC Kationen | BY65: None | CC65: None | CG65: None | CK65: None | CO65: None | CR65: SOP 45-34 | CS65: None | CW65: None | DA65: None | DE65: None | DH65: SOP 45-09 | DI65: None | DL65: SOP 45-09 | DM65: None | DP65: IC Organic Acids | DQ65: None | DT65: IC Organic Acids | DU65: None | DX65: IC Organic Acids | DY65: None | EB65: IC Organic Acids | EC65: None | EF65: IC Organic Acids | EG65: None | EJ65: IC Organic Acids | EK65: None | EN65: IC Organic Acids | EO65: None | ER65: IC Organic Acids | ES65: None | EV65: LC-MS | EW65: None | EZ65: =TEXT(A65,"@") & TEXT(B65,"@") | FA65: =TEXT(SamplesX!A65,"@") & TEXT(SamplesX!B65,"@") | FC65: =MATCH(EZ65,FA1:FA1008,0)
C66: =IF(ISNUMBER(FC66),INDIRECT("SamplesX!C"&FC66),IF(ISNUMBER(FD66),INDIRECT("SamplesY!C"&FD66),"")) | D66: =IF(ISNUMBER(FC66),INDIRECT("SamplesX!D"&FC66),IF(ISNUMBER(FD66),INDIRECT("SamplesY!D"&FD66),"")) | E66: =IF(ISNUMBER(FC66),INDIRECT("SamplesX!E"&FC66),IF(ISNUMBER(FD66),INDIRECT("SamplesY!E"&FD66),"")) | F66: =IF(ISNUMBER(FC66),INDIRECT("SamplesX!F"&FC66),IF(ISNUMBER(FD66),INDIRECT("SamplesY!F"&FD66),"")) | G66: =IF(ISNUMBER(FC66),INDIRECT("SamplesX!G"&FC66),IF(ISNUMBER(FD66),INDIRECT("SamplesY!G"&FD66),"")) | H66: =IF(ISNUMBER(FC66),INDIRECT("SamplesX!H"&FC66),IF(ISNUMBER(FD66),INDIRECT("SamplesY!H"&FD66),"")) | I66: =IF(ISNUMBER(FC66),IF(INDEX('Q:\Abteilungsprojekte\eng\EngData\AOS\Allgemein\[LabSamples2026.xlsx]Huettenabwasser'!M:M,FC66)="","",INDEX('Q:\Abteilungsprojekte\eng\EngData\AOS\Allgemein\[LabSamples2026.xlsx]Huettenabwasser'!M:M,FC66)),"") | J66: =IF(ISNUMBER(FC66),IF(INDEX('Q:\Abteilungsprojekte\eng\EngData\AOS\Allgemein\[LabSamples2026.xlsx]Huettenabwasser'!N:N,FC66)="","",INDEX('Q:\Abteilungsprojekte\eng\EngData\AOS\Allgemein\[LabSamples2026.xlsx]Huettenabwasser'!N:N,FC66)),"") | L66: Shimadzu TOC-L | M66: None | P66: Shimadzu TOC-L | Q66: None | T66: Shimadzu TOC-L | U66: None | X66: Shimadzu TOC-L | Y66: None | AC66: None | AG66: None | AJ66: IC Anionen | AK66: None | AO66: None | AR66: IC Anionen | AS66: None | AW66: None | BA66: None | BD66: IC Anionen | BE66: None | BH66: IC Kationen | BI66: None | BM66: None | BP66: IC Kationen | BQ66: None | BT66: IC Kationen | BU66: None | BX66: IC Kationen | BY66: None | CC66: None | CG66: None | CK66: None | CO66: None | CR66: SOP 45-34 | CS66: None | CW66: None | DA66: None | DE66: None | DH66: SOP 45-09 | DI66: None | DL66: SOP 45-09 | DM66: None | DP66: IC Organic Acids | DQ66: None | DT66: IC Organic Acids | DU66: None | DX66: IC Organic Acids | DY66: None | EB66: IC Organic Acids | EC66: None | EF66: IC Organic Acids | EG66: None | EJ66: IC Organic Acids | EK66: None | EN66: IC Organic Acids | EO66: None | ER66: IC Organic Acids | ES66: None | EV66: LC-MS | EW66: None | EZ66: =TEXT(A66,"@") & TEXT(B66,"@") | FA66: =TEXT(SamplesX!A66,"@") & TEXT(SamplesX!B66,"@") | FC66: =MATCH(EZ66,FA1:FA1008,0)
C67: =IF(ISNUMBER(FC67),INDIRECT("SamplesX!C"&FC67),IF(ISNUMBER(FD67),INDIRECT("SamplesY!C"&FD67),"")) | D67: =IF(ISNUMBER(FC67),INDIRECT("SamplesX!D"&FC67),IF(ISNUMBER(FD67),INDIRECT("SamplesY!D"&FD67),"")) | E67: =IF(ISNUMBER(FC67),INDIRECT("SamplesX!E"&FC67),IF(ISNUMBER(FD67),INDIRECT("SamplesY!E"&FD67),"")) | F67: =IF(ISNUMBER(FC67),INDIRECT("SamplesX!F"&FC67),IF(ISNUMBER(FD67),INDIRECT("SamplesY!F"&FD67),"")) | G67: =IF(ISNUMBER(FC67),INDIRECT("SamplesX!G"&FC67),IF(ISNUMBER(FD67),INDIRECT("SamplesY!G"&FD67),"")) | H67: =IF(ISNUMBER(FC67),INDIRECT("SamplesX!H"&FC67),IF(ISNUMBER(FD67),INDIRECT("SamplesY!H"&FD67),"")) | I67: =IF(ISNUMBER(FC67),IF(INDEX('Q:\Abteilungsprojekte\eng\EngData\AOS\Allgemein\[LabSamples2026.xlsx]Huettenabwasser'!M:M,FC67)="","",INDEX('Q:\Abteilungsprojekte\eng\EngData\AOS\Allgemein\[LabSamples2026.xlsx]Huettenabwasser'!M:M,FC67)),"") | J67: =IF(ISNUMBER(FC67),IF(INDEX('Q:\Abteilungsprojekte\eng\EngData\AOS\Allgemein\[LabSamples2026.xlsx]Huettenabwasser'!N:N,FC67)="","",INDEX('Q:\Abteilungsprojekte\eng\EngData\AOS\Allgemein\[LabSamples2026.xlsx]Huettenabwasser'!N:N,FC67)),"") | L67: Shimadzu TOC-L | M67: None | P67: Shimadzu TOC-L | Q67: None | T67: Shimadzu TOC-L | U67: None | X67: Shimadzu TOC-L | Y67: None | AC67: None | AG67: None | AJ67: IC Anionen | AK67: None | AO67: None | AR67: IC Anionen | AS67: None | AW67: None | BA67: None | BD67: IC Anionen | BE67: None | BH67: IC Kationen | BI67: None | BM67: None | BP67: IC Kationen | BQ67: None | BT67: IC Kationen | BU67: None | BX67: IC Kationen | BY67: None | CC67: None | CG67: None | CK67: None | CO67: None | CR67: SOP 45-34 | CS67: None | CW67: None | DA67: None | DE67: None | DH67: SOP 45-09 | DI67: None | DL67: SOP 45-09 | DM67: None | DP67: IC Organic Acids | DQ67: None | DT67: IC Organic Acids | DU67: None | DX67: IC Organic Acids | DY67: None | EB67: IC Organic Acids | EC67: None | EF67: IC Organic Acids | EG67: None | EJ67: IC Organic Acids | EK67: None | EN67: IC Organic Acids | EO67: None | ER67: IC Organic Acids | ES67: None | EV67: LC-MS | EW67: None | EZ67: =TEXT(A67,"@") & TEXT(B67,"@") | FA67: =TEXT(SamplesX!A67,"@") & TEXT(SamplesX!B67,"@") | FC67: =MATCH(EZ67,FA1:FA1008,0)
C68: =IF(ISNUMBER(FC68),INDIRECT("SamplesX!C"&FC68),IF(ISNUMBER(FD68),INDIRECT("SamplesY!C"&FD68),"")) | D68: =IF(ISNUMBER(FC68),INDIRECT("SamplesX!D"&FC68),IF(ISNUMBER(FD68),INDIRECT("SamplesY!D"&FD68),"")) | E68: =IF(ISNUMBER(FC68),INDIRECT("SamplesX!E"&FC68),IF(ISNUMBER(FD68),INDIRECT("SamplesY!E"&FD68),"")) | F68: =IF(ISNUMBER(FC68),INDIRECT("SamplesX!F"&FC68),IF(ISNUMBER(FD68),INDIRECT("SamplesY!F"&FD68),"")) | G68: =IF(ISNUMBER(FC68),INDIRECT("SamplesX!G"&FC68),IF(ISNUMBER(FD68),INDIRECT("SamplesY!G"&FD68),"")) | H68: =IF(ISNUMBER(FC68),INDIRECT("SamplesX!H"&FC68),IF(ISNUMBER(FD68),INDIRECT("SamplesY!H"&FD68),"")) | I68: =IF(ISNUMBER(FC68),IF(INDEX('Q:\Abteilungsprojekte\eng\EngData\AOS\Allgemein\[LabSamples2026.xlsx]Huettenabwasser'!M:M,FC68)="","",INDEX('Q:\Abteilungsprojekte\eng\EngData\AOS\Allgemein\[LabSamples2026.xlsx]Huettenabwasser'!M:M,FC68)),"") | J68: =IF(ISNUMBER(FC68),IF(INDEX('Q:\Abteilungsprojekte\eng\EngData\AOS\Allgemein\[LabSamples2026.xlsx]Huettenabwasser'!N:N,FC68)="","",INDEX('Q:\Abteilungsprojekte\eng\EngData\AOS\Allgemein\[LabSamples2026.xlsx]Huettenabwasser'!N:N,FC68)),"") | L68: Shimadzu TOC-L | M68: None | P68: Shimadzu TOC-L | Q68: None | T68: Shimadzu TOC-L | U68: None | X68: Shimadzu TOC-L | Y68: None | AC68: None | AG68: None | AJ68: IC Anionen | AK68: None | AO68: None | AR68: IC Anionen | AS68: None | AW68: None | BA68: None | BD68: IC Anionen | BE68: None | BH68: IC Kationen | BI68: None | BM68: None | BP68: IC Kationen | BQ68: None | BT68: IC Kationen | BU68: None | BX68: IC Kationen | BY68: None | CC68: None | CG68: None | CK68: None | CO68: None | CR68: SOP 45-34 | CS68: None | CW68: None | DA68: None | DE68: None | DH68: SOP 45-09 | DI68: None | DL68: SOP 45-09 | DM68: None | DP68: IC Organic Acids | DQ68: None | DT68: IC Organic Acids | DU68: None | DX68: IC Organic Acids | DY68: None | EB68: IC Organic Acids | EC68: None | EF68: IC Organic Acids | EG68: None | EJ68: IC Organic Acids | EK68: None | EN68: IC Organic Acids | EO68: None | ER68: IC Organic Acids | ES68: None | EV68: LC-MS | EW68: None | EZ68: =TEXT(A68,"@") & TEXT(B68,"@") | FA68: =TEXT(SamplesX!A68,"@") & TEXT(SamplesX!B68,"@") | FC68: =MATCH(EZ68,FA1:FA1008,0)
C69: =IF(ISNUMBER(FC69),INDIRECT("SamplesX!C"&FC69),IF(ISNUMBER(FD69),INDIRECT("SamplesY!C"&FD69),"")) | D69: =IF(ISNUMBER(FC69),INDIRECT("SamplesX!D"&FC69),IF(ISNUMBER(FD69),INDIRECT("SamplesY!D"&FD69),"")) | E69: =IF(ISNUMBER(FC69),INDIRECT("SamplesX!E"&FC69),IF(ISNUMBER(FD69),INDIRECT("SamplesY!E"&FD69),"")) | F69: =IF(ISNUMBER(FC69),INDIRECT("SamplesX!F"&FC69),IF(ISNUMBER(FD69),INDIRECT("SamplesY!F"&FD69),"")) | G69: =IF(ISNUMBER(FC69),INDIRECT("SamplesX!G"&FC69),IF(ISNUMBER(FD69),INDIRECT("SamplesY!G"&FD69),"")) | H69: =IF(ISNUMBER(FC69),INDIRECT("SamplesX!H"&FC69),IF(ISNUMBER(FD69),INDIRECT("SamplesY!H"&FD69),"")) | I69: =IF(ISNUMBER(FC69),IF(INDEX('Q:\Abteilungsprojekte\eng\EngData\AOS\Allgemein\[LabSamples2026.xlsx]Huettenabwasser'!M:M,FC69)="","",INDEX('Q:\Abteilungsprojekte\eng\EngData\AOS\Allgemein\[LabSamples2026.xlsx]Huettenabwasser'!M:M,FC69)),"") | J69: =IF(ISNUMBER(FC69),IF(INDEX('Q:\Abteilungsprojekte\eng\EngData\AOS\Allgemein\[LabSamples2026.xlsx]Huettenabwasser'!N:N,FC69)="","",INDEX('Q:\Abteilungsprojekte\eng\EngData\AOS\Allgemein\[LabSamples2026.xlsx]Huettenabwasser'!N:N,FC69)),"") | L69: Shimadzu TOC-L | M69: None | P69: Shimadzu TOC-L | Q69: None | T69: Shimadzu TOC-L | U69: None | X69: Shimadzu TOC-L | Y69: None | AC69: None | AG69: None | AJ69: IC Anionen | AK69: None | AO69: None | AR69: IC Anionen | AS69: None | AW69: None | BA69: None | BD69: IC Anionen | BE69: None | BH69: IC Kationen | BI69: None | BM69: None | BP69: IC Kationen | BQ69: None | BT69: IC Kationen | BU69: None | BX69: IC Kationen | BY69: None | CC69: None | CG69: None | CK69: None | CO69: None | CR69: SOP 45-34 | CS69: None | CW69: None | DA69: None | DE69: None | DH69: SOP 45-09 | DI69: None | DL69: SOP 45-09 | DM69: None | DP69: IC Organic Acids | DQ69: None | DT69: IC Organic Acids | DU69: None | DX69: IC Organic Acids | DY69: None | EB69: IC Organic Acids | EC69: None | EF69: IC Organic Acids | EG69: None | EJ69: IC Organic Acids | EK69: None | EN69: IC Organic Acids | EO69: None | ER69: IC Organic Acids | ES69: None | EV69: LC-MS | EW69: None | EZ69: =TEXT(A69,"@") & TEXT(B69,"@") | FA69: =TEXT(SamplesX!A69,"@") & TEXT(SamplesX!B69,"@") | FC69: =MATCH(EZ69,FA1:FA1008,0)
C70: =IF(ISNUMBER(FC70),INDIRECT("SamplesX!C"&FC70),IF(ISNUMBER(FD70),INDIRECT("SamplesY!C"&FD70),"")) | D70: =IF(ISNUMBER(FC70),INDIRECT("SamplesX!D"&FC70),IF(ISNUMBER(FD70),INDIRECT("SamplesY!D"&FD70),"")) | E70: =IF(ISNUMBER(FC70),INDIRECT("SamplesX!E"&FC70),IF(ISNUMBER(FD70),INDIRECT("SamplesY!E"&FD70),"")) | F70: =IF(ISNUMBER(FC70),INDIRECT("SamplesX!F"&FC70),IF(ISNUMBER(FD70),INDIRECT("SamplesY!F"&FD70),"")) | G70: =IF(ISNUMBER(FC70),INDIRECT("SamplesX!G"&FC70),IF(ISNUMBER(FD70),INDIRECT("SamplesY!G"&FD70),"")) | H70: =IF(ISNUMBER(FC70),INDIRECT("SamplesX!H"&FC70),IF(ISNUMBER(FD70),INDIRECT("SamplesY!H"&FD70),"")) | I70: =IF(ISNUMBER(FC70),IF(INDEX('Q:\Abteilungsprojekte\eng\EngData\AOS\Allgemein\[LabSamples2026.xlsx]Huettenabwasser'!M:M,FC70)="","",INDEX('Q:\Abteilungsprojekte\eng\EngData\AOS\Allgemein\[LabSamples2026.xlsx]Huettenabwasser'!M:M,FC70)),"") | J70: =IF(ISNUMBER(FC70),IF(INDEX('Q:\Abteilungsprojekte\eng\EngData\AOS\Allgemein\[LabSamples2026.xlsx]Huettenabwasser'!N:N,FC70)="","",INDEX('Q:\Abteilungsprojekte\eng\EngData\AOS\Allgemein\[LabSamples2026.xlsx]Huettenabwasser'!N:N,FC70)),"") | L70: Shimadzu TOC-L | M70: None | P70: Shimadzu TOC-L | Q70: None | T70: Shimadzu TOC-L | U70: None | X70: Shimadzu TOC-L | Y70: None | AC70: None | AG70: None | AJ70: IC Anionen | AK70: None | AO70: None | AR70: IC Anionen | AS70: None | AW70: None | BA70: None | BD70: IC Anionen | BE70: None | BH70: IC Kationen | BI70: None | BM70: None | BP70: IC Kationen | BQ70: None | BT70: IC Kationen | BU70: None | BX70: IC Kationen | BY70: None | CC70: None | CG70: None | CK70: None | CO70: None | CR70: SOP 45-34 | CS70: None | CW70: None | DA70: None | DE70: None | DH70: SOP 45-09 | DI70: None | DL70: SOP 45-09 | DM70: None | DP70: IC Organic Acids | DQ70: None | DT70: IC Organic Acids | DU70: None | DX70: IC Organic Acids | DY70: None | EB70: IC Organic Acids | EC70: None | EF70: IC Organic Acids | EG70: None | EJ70: IC Organic Acids | EK70: None | EN70: IC Organic Acids | EO70: None | ER70: IC Organic Acids | ES70: None | EV70: LC-MS | EW70: None | EZ70: =TEXT(A70,"@") & TEXT(B70,"@") | FA70: =TEXT(SamplesX!A70,"@") & TEXT(SamplesX!B70,"@") | FC70: =MATCH(EZ70,FA1:FA1008,0)
C71: =IF(ISNUMBER(FC71),INDIRECT("SamplesX!C"&FC71),IF(ISNUMBER(FD71),INDIRECT("SamplesY!C"&FD71),"")) | D71: =IF(ISNUMBER(FC71),INDIRECT("SamplesX!D"&FC71),IF(ISNUMBER(FD71),INDIRECT("SamplesY!D"&FD71),"")) | E71: =IF(ISNUMBER(FC71),INDIRECT("SamplesX!E"&FC71),IF(ISNUMBER(FD71),INDIRECT("SamplesY!E"&FD71),"")) | F71: =IF(ISNUMBER(FC71),INDIRECT("SamplesX!F"&FC71),IF(ISNUMBER(FD71),INDIRECT("SamplesY!F"&FD71),"")) | G71: =IF(ISNUMBER(FC71),INDIRECT("SamplesX!G"&FC71),IF(ISNUMBER(FD71),INDIRECT("SamplesY!G"&FD71),"")) | H71: =IF(ISNUMBER(FC71),INDIRECT("SamplesX!H"&FC71),IF(ISNUMBER(FD71),INDIRECT("SamplesY!H"&FD71),"")) | I71: =IF(ISNUMBER(FC71),IF(INDEX('Q:\Abteilungsprojekte\eng\EngData\AOS\Allgemein\[LabSamples2026.xlsx]Huettenabwasser'!M:M,FC71)="","",INDEX('Q:\Abteilungsprojekte\eng\EngData\AOS\Allgemein\[LabSamples2026.xlsx]Huettenabwasser'!M:M,FC71)),"") | J71: =IF(ISNUMBER(FC71),IF(INDEX('Q:\Abteilungsprojekte\eng\EngData\AOS\Allgemein\[LabSamples2026.xlsx]Huettenabwasser'!N:N,FC71)="","",INDEX('Q:\Abteilungsprojekte\eng\EngData\AOS\Allgemein\[LabSamples2026.xlsx]Huettenabwasser'!N:N,FC71)),"") | L71: Shimadzu TOC-L | M71: None | P71: Shimadzu TOC-L | Q71: None | T71: Shimadzu TOC-L | U71: None | X71: Shimadzu TOC-L | Y71: None | AC71: None | AG71: None | AJ71: IC Anionen | AK71: None | AO71: None | AR71: IC Anionen | AS71: None | AW71: None | BA71: None | BD71: IC Anionen | BE71: None | BH71: IC Kationen | BI71: None | BM71: None | BP71: IC Kationen | BQ71: None | BT71: IC Kationen | BU71: None | BX71: IC Kationen | BY71: None | CC71: None | CG71: None | CK71: None | CO71: None | CR71: SOP 45-34 | CS71: None | CW71: None | DA71: None | DE71: None | DH71: SOP 45-09 | DI71: None | DL71: SOP 45-09 | DM71: None | DP71: IC Organic Acids | DQ71: None | DT71: IC Organic Acids | DU71: None | DX71: IC Organic Acids | DY71: None | EB71: IC Organic Acids | EC71: None | EF71: IC Organic Acids | EG71: None | EJ71: IC Organic Acids | EK71: None | EN71: IC Organic Acids | EO71: None | ER71: IC Organic Acids | ES71: None | EV71: LC-MS | EW71: None | EZ71: =TEXT(A71,"@") & TEXT(B71,"@") | FA71: =TEXT(SamplesX!A71,"@") & TEXT(SamplesX!B71,"@") | FC71: =MATCH(EZ71,FA1:FA1008,0)
C72: =IF(ISNUMBER(FC72),INDIRECT("SamplesX!C"&FC72),IF(ISNUMBER(FD72),INDIRECT("SamplesY!C"&FD72),"")) | D72: =IF(ISNUMBER(FC72),INDIRECT("SamplesX!D"&FC72),IF(ISNUMBER(FD72),INDIRECT("SamplesY!D"&FD72),"")) | E72: =IF(ISNUMBER(FC72),INDIRECT("SamplesX!E"&FC72),IF(ISNUMBER(FD72),INDIRECT("SamplesY!E"&FD72),"")) | F72: =IF(ISNUMBER(FC72),INDIRECT("SamplesX!F"&FC72),IF(ISNUMBER(FD72),INDIRECT("SamplesY!F"&FD72),"")) | G72: =IF(ISNUMBER(FC72),INDIRECT("SamplesX!G"&FC72),IF(ISNUMBER(FD72),INDIRECT("SamplesY!G"&FD72),"")) | H72: =IF(ISNUMBER(FC72),INDIRECT("SamplesX!H"&FC72),IF(ISNUMBER(FD72),INDIRECT("SamplesY!H"&FD72),"")) | I72: =IF(ISNUMBER(FC72),IF(INDEX('Q:\Abteilungsprojekte\eng\EngData\AOS\Allgemein\[LabSamples2026.xlsx]Huettenabwasser'!M:M,FC72)="","",INDEX('Q:\Abteilungsprojekte\eng\EngData\AOS\Allgemein\[LabSamples2026.xlsx]Huettenabwasser'!M:M,FC72)),"") | J72: =IF(ISNUMBER(FC72),IF(INDEX('Q:\Abteilungsprojekte\eng\EngData\AOS\Allgemein\[LabSamples2026.xlsx]Huettenabwasser'!N:N,FC72)="","",INDEX('Q:\Abteilungsprojekte\eng\EngData\AOS\Allgemein\[LabSamples2026.xlsx]Huettenabwasser'!N:N,FC72)),"") | L72: Shimadzu TOC-L | M72: None | P72: Shimadzu TOC-L | Q72: None | T72: Shimadzu TOC-L | U72: None | X72: Shimadzu TOC-L | Y72: None | AC72: None | AG72: None | AJ72: IC Anionen | AK72: None | AO72: None | AR72: IC Anionen | AS72: None | AW72: None | BA72: None | BD72: IC Anionen | BE72: None | BH72: IC Kationen | BI72: None | BM72: None | BP72: IC Kationen | BQ72: None | BT72: IC Kationen | BU72: None | BX72: IC Kationen | BY72: None | CC72: None | CG72: None | CK72: None | CO72: None | CR72: SOP 45-34 | CS72: None | CW72: None | DA72: None | DE72: None | DH72: SOP 45-09 | DI72: None | DL72: SOP 45-09 | DM72: None | DP72: IC Organic Acids | DQ72: None | DT72: IC Organic Acids | DU72: None | DX72: IC Organic Acids | DY72: None | EB72: IC Organic Acids | EC72: None | EF72: IC Organic Acids | EG72: None | EJ72: IC Organic Acids | EK72: None | EN72: IC Organic Acids | EO72: None | ER72: IC Organic Acids | ES72: None | EV72: LC-MS | EW72: None | EZ72: =TEXT(A72,"@") & TEXT(B72,"@") | FA72: =TEXT(SamplesX!A72,"@") & TEXT(SamplesX!B72,"@") | FC72: =MATCH(EZ72,FA1:FA1008,0)
C73: =IF(ISNUMBER(FC73),INDIRECT("SamplesX!C"&FC73),IF(ISNUMBER(FD73),INDIRECT("SamplesY!C"&FD73),"")) | D73: =IF(ISNUMBER(FC73),INDIRECT("SamplesX!D"&FC73),IF(ISNUMBER(FD73),INDIRECT("SamplesY!D"&FD73),"")) | E73: =IF(ISNUMBER(FC73),INDIRECT("SamplesX!E"&FC73),IF(ISNUMBER(FD73),INDIRECT("SamplesY!E"&FD73),"")) | F73: =IF(ISNUMBER(FC73),INDIRECT("SamplesX!F"&FC73),IF(ISNUMBER(FD73),INDIRECT("SamplesY!F"&FD73),"")) | G73: =IF(ISNUMBER(FC73),INDIRECT("SamplesX!G"&FC73),IF(ISNUMBER(FD73),INDIRECT("SamplesY!G"&FD73),"")) | H73: =IF(ISNUMBER(FC73),INDIRECT("SamplesX!H"&FC73),IF(ISNUMBER(FD73),INDIRECT("SamplesY!H"&FD73),"")) | I73: =IF(ISNUMBER(FC73),IF(INDEX('Q:\Abteilungsprojekte\eng\EngData\AOS\Allgemein\[LabSamples2026.xlsx]Huettenabwasser'!M:M,FC73)="","",INDEX('Q:\Abteilungsprojekte\eng\EngData\AOS\Allgemein\[LabSamples2026.xlsx]Huettenabwasser'!M:M,FC73)),"") | J73: =IF(ISNUMBER(FC73),IF(INDEX('Q:\Abteilungsprojekte\eng\EngData\AOS\Allgemein\[LabSamples2026.xlsx]Huettenabwasser'!N:N,FC73)="","",INDEX('Q:\Abteilungsprojekte\eng\EngData\AOS\Allgemein\[LabSamples2026.xlsx]Huettenabwasser'!N:N,FC73)),"") | L73: Shimadzu TOC-L | M73: None | P73: Shimadzu TOC-L | Q73: None | T73: Shimadzu TOC-L | U73: None | X73: Shimadzu TOC-L | Y73: None | AC73: None | AG73: None | AJ73: IC Anionen | AK73: None | AO73: None | AR73: IC Anionen | AS73: None | AW73: None | BA73: None | BD73: IC Anionen | BE73: None | BH73: IC Kationen | BI73: None | BM73: None | BP73: IC Kationen | BQ73: None | BT73: IC Kationen | BU73: None | BX73: IC Kationen | BY73: None | CC73: None | CG73: None | CK73: None | CO73: None | CR73: SOP 45-34 | CS73: None | CW73: None | DA73: None | DE73: None | DH73: SOP 45-09 | DI73: None | DL73: SOP 45-09 | DM73: None | DP73: IC Organic Acids | DQ73: None | DT73: IC Organic Acids | DU73: None | DX73: IC Organic Acids | DY73: None | EB73: IC Organic Acids | EC73: None | EF73: IC Organic Acids | EG73: None | EJ73: IC Organic Acids | EK73: None | EN73: IC Organic Acids | EO73: None | ER73: IC Organic Acids | ES73: None | EV73: LC-MS | EW73: None | EZ73: =TEXT(A73,"@") & TEXT(B73,"@") | FA73: =TEXT(SamplesX!A73,"@") & TEXT(SamplesX!B73,"@") | FC73: =MATCH(EZ73,FA1:FA1008,0)
C74: =IF(ISNUMBER(FC74),INDIRECT("SamplesX!C"&FC74),IF(ISNUMBER(FD74),INDIRECT("SamplesY!C"&FD74),"")) | D74: =IF(ISNUMBER(FC74),INDIRECT("SamplesX!D"&FC74),IF(ISNUMBER(FD74),INDIRECT("SamplesY!D"&FD74),"")) | E74: =IF(ISNUMBER(FC74),INDIRECT("SamplesX!E"&FC74),IF(ISNUMBER(FD74),INDIRECT("SamplesY!E"&FD74),"")) | F74: =IF(ISNUMBER(FC74),INDIRECT("SamplesX!F"&FC74),IF(ISNUMBER(FD74),INDIRECT("SamplesY!F"&FD74),"")) | G74: =IF(ISNUMBER(FC74),INDIRECT("SamplesX!G"&FC74),IF(ISNUMBER(FD74),INDIRECT("SamplesY!G"&FD74),"")) | H74: =IF(ISNUMBER(FC74),INDIRECT("SamplesX!H"&FC74),IF(ISNUMBER(FD74),INDIRECT("SamplesY!H"&FD74),"")) | I74: =IF(ISNUMBER(FC74),IF(INDEX('Q:\Abteilungsprojekte\eng\EngData\AOS\Allgemein\[LabSamples2026.xlsx]Huettenabwasser'!M:M,FC74)="","",INDEX('Q:\Abteilungsprojekte\eng\EngData\AOS\Allgemein\[LabSamples2026.xlsx]Huettenabwasser'!M:M,FC74)),"") | J74: =IF(ISNUMBER(FC74),IF(INDEX('Q:\Abteilungsprojekte\eng\EngData\AOS\Allgemein\[LabSamples2026.xlsx]Huettenabwasser'!N:N,FC74)="","",INDEX('Q:\Abteilungsprojekte\eng\EngData\AOS\Allgemein\[LabSamples2026.xlsx]Huettenabwasser'!N:N,FC74)),"") | L74: Shimadzu TOC-L | M74: None | P74: Shimadzu TOC-L | Q74: None | T74: Shimadzu TOC-L | U74: None | X74: Shimadzu TOC-L | Y74: None | AC74: None | AG74: None | AJ74: IC Anionen | AK74: None | AO74: None | AR74: IC Anionen | AS74: None | AW74: None | BA74: None | BD74: IC Anionen | BE74: None | BH74: IC Kationen | BI74: None | BM74: None | BP74: IC Kationen | BQ74: None | BT74: IC Kationen | BU74: None | BX74: IC Kationen | BY74: None | CC74: None | CG74: None | CK74: None | CO74: None | CR74: SOP 45-34 | CS74: None | CW74: None | DA74: None | DE74: None | DH74: SOP 45-09 | DI74: None | DL74: SOP 45-09 | DM74: None | DP74: IC Organic Acids | DQ74: None | DT74: IC Organic Acids | DU74: None | DX74: IC Organic Acids | DY74: None | EB74: IC Organic Acids | EC74: None | EF74: IC Organic Acids | EG74: None | EJ74: IC Organic Acids | EK74: None | EN74: IC Organic Acids | EO74: None | ER74: IC Organic Acids | ES74: None | EV74: LC-MS | EW74: None | EZ74: =TEXT(A74,"@") & TEXT(B74,"@") | FA74: =TEXT(SamplesX!A74,"@") & TEXT(SamplesX!B74,"@") | FC74: =MATCH(EZ74,FA1:FA1008,0)
C75: =IF(ISNUMBER(FC75),INDIRECT("SamplesX!C"&FC75),IF(ISNUMBER(FD75),INDIRECT("SamplesY!C"&FD75),"")) | D75: =IF(ISNUMBER(FC75),INDIRECT("SamplesX!D"&FC75),IF(ISNUMBER(FD75),INDIRECT("SamplesY!D"&FD75),"")) | E75: =IF(ISNUMBER(FC75),INDIRECT("SamplesX!E"&FC75),IF(ISNUMBER(FD75),INDIRECT("SamplesY!E"&FD75),"")) | F75: =IF(ISNUMBER(FC75),INDIRECT("SamplesX!F"&FC75),IF(ISNUMBER(FD75),INDIRECT("SamplesY!F"&FD75),"")) | G75: =IF(ISNUMBER(FC75),INDIRECT("SamplesX!G"&FC75),IF(ISNUMBER(FD75),INDIRECT("SamplesY!G"&FD75),"")) | H75: =IF(ISNUMBER(FC75),INDIRECT("SamplesX!H"&FC75),IF(ISNUMBER(FD75),INDIRECT("SamplesY!H"&FD75),"")) | I75: =IF(ISNUMBER(FC75),IF(INDEX('Q:\Abteilungsprojekte\eng\EngData\AOS\Allgemein\[LabSamples2026.xlsx]Huettenabwasser'!M:M,FC75)="","",INDEX('Q:\Abteilungsprojekte\eng\EngData\AOS\Allgemein\[LabSamples2026.xlsx]Huettenabwasser'!M:M,FC75)),"") | J75: =IF(ISNUMBER(FC75),IF(INDEX('Q:\Abteilungsprojekte\eng\EngData\AOS\Allgemein\[LabSamples2026.xlsx]Huettenabwasser'!N:N,FC75)="","",INDEX('Q:\Abteilungsprojekte\eng\EngData\AOS\Allgemein\[LabSamples2026.xlsx]Huettenabwasser'!N:N,FC75)),"") | L75: Shimadzu TOC-L | M75: None | P75: Shimadzu TOC-L | Q75: None | T75: Shimadzu TOC-L | U75: None | X75: Shimadzu TOC-L | Y75: None | AC75: None | AG75: None | AJ75: IC Anionen | AK75: None | AO75: None | AR75: IC Anionen | AS75: None | AW75: None | BA75: None | BD75: IC Anionen | BE75: None | BH75: IC Kationen | BI75: None | BM75: None | BP75: IC Kationen | BQ75: None | BT75: IC Kationen | BU75: None | BX75: IC Kationen | BY75: None | CC75: None | CG75: None | CK75: None | CO75: None | CR75: SOP 45-34 | CS75: None | CW75: None | DA75: None | DE75: None | DH75: SOP 45-09 | DI75: None | DL75: SOP 45-09 | DM75: None | DP75: IC Organic Acids | DQ75: None | DT75: IC Organic Acids | DU75: None | DX75: IC Organic Acids | DY75: None | EB75: IC Organic Acids | EC75: None | EF75: IC Organic Acids | EG75: None | EJ75: IC Organic Acids | EK75: None | EN75: IC Organic Acids | EO75: None | ER75: IC Organic Acids | ES75: None | EV75: LC-MS | EW75: None | EZ75: =TEXT(A75,"@") & TEXT(B75,"@") | FA75: =TEXT(SamplesX!A75,"@") & TEXT(SamplesX!B75,"@") | FC75: =MATCH(EZ75,FA1:FA1008,0)
C76: =IF(ISNUMBER(FC76),INDIRECT("SamplesX!C"&FC76),IF(ISNUMBER(FD76),INDIRECT("SamplesY!C"&FD76),"")) | D76: =IF(ISNUMBER(FC76),INDIRECT("SamplesX!D"&FC76),IF(ISNUMBER(FD76),INDIRECT("SamplesY!D"&FD76),"")) | E76: =IF(ISNUMBER(FC76),INDIRECT("SamplesX!E"&FC76),IF(ISNUMBER(FD76),INDIRECT("SamplesY!E"&FD76),"")) | F76: =IF(ISNUMBER(FC76),INDIRECT("SamplesX!F"&FC76),IF(ISNUMBER(FD76),INDIRECT("SamplesY!F"&FD76),"")) | G76: =IF(ISNUMBER(FC76),INDIRECT("SamplesX!G"&FC76),IF(ISNUMBER(FD76),INDIRECT("SamplesY!G"&FD76),"")) | H76: =IF(ISNUMBER(FC76),INDIRECT("SamplesX!H"&FC76),IF(ISNUMBER(FD76),INDIRECT("SamplesY!H"&FD76),"")) | I76: =IF(ISNUMBER(FC76),IF(INDEX('Q:\Abteilungsprojekte\eng\EngData\AOS\Allgemein\[LabSamples2026.xlsx]Huettenabwasser'!M:M,FC76)="","",INDEX('Q:\Abteilungsprojekte\eng\EngData\AOS\Allgemein\[LabSamples2026.xlsx]Huettenabwasser'!M:M,FC76)),"") | J76: =IF(ISNUMBER(FC76),IF(INDEX('Q:\Abteilungsprojekte\eng\EngData\AOS\Allgemein\[LabSamples2026.xlsx]Huettenabwasser'!N:N,FC76)="","",INDEX('Q:\Abteilungsprojekte\eng\EngData\AOS\Allgemein\[LabSamples2026.xlsx]Huettenabwasser'!N:N,FC76)),"") | L76: Shimadzu TOC-L | M76: None | P76: Shimadzu TOC-L | Q76: None | T76: Shimadzu TOC-L | U76: None | X76: Shimadzu TOC-L | Y76: None | AC76: None | AG76: None | AJ76: IC Anionen | AK76: None | AO76: None | AR76: IC Anionen | AS76: None | AW76: None | BA76: None | BD76: IC Anionen | BE76: None | BH76: IC Kationen | BI76: None | BM76: None | BP76: IC Kationen | BQ76: None | BT76: IC Kationen | BU76: None | BX76: IC Kationen | BY76: None | CC76: None | CG76: None | CK76: None | CO76: None | CR76: SOP 45-34 | CS76: None | CW76: None | DA76: None | DE76: None | DH76: SOP 45-09 | DI76: None | DL76: SOP 45-09 | DM76: None | DP76: IC Organic Acids | DQ76: None | DT76: IC Organic Acids | DU76: None | DX76: IC Organic Acids | DY76: None | EB76: IC Organic Acids | EC76: None | EF76: IC Organic Acids | EG76: None | EJ76: IC Organic Acids | EK76: None | EN76: IC Organic Acids | EO76: None | ER76: IC Organic Acids | ES76: None | EV76: LC-MS | EW76: None | EZ76: =TEXT(A76,"@") & TEXT(B76,"@") | FA76: =TEXT(SamplesX!A76,"@") & TEXT(SamplesX!B76,"@") | FC76: =MATCH(EZ76,FA1:FA1008,0)
C77: =IF(ISNUMBER(FC77),INDIRECT("SamplesX!C"&FC77),IF(ISNUMBER(FD77),INDIRECT("SamplesY!C"&FD77),"")) | D77: =IF(ISNUMBER(FC77),INDIRECT("SamplesX!D"&FC77),IF(ISNUMBER(FD77),INDIRECT("SamplesY!D"&FD77),"")) | E77: =IF(ISNUMBER(FC77),INDIRECT("SamplesX!E"&FC77),IF(ISNUMBER(FD77),INDIRECT("SamplesY!E"&FD77),"")) | F77: =IF(ISNUMBER(FC77),INDIRECT("SamplesX!F"&FC77),IF(ISNUMBER(FD77),INDIRECT("SamplesY!F"&FD77),"")) | G77: =IF(ISNUMBER(FC77),INDIRECT("SamplesX!G"&FC77),IF(ISNUMBER(FD77),INDIRECT("SamplesY!G"&FD77),"")) | H77: =IF(ISNUMBER(FC77),INDIRECT("SamplesX!H"&FC77),IF(ISNUMBER(FD77),INDIRECT("SamplesY!H"&FD77),"")) | I77: =IF(ISNUMBER(FC77),IF(INDEX('Q:\Abteilungsprojekte\eng\EngData\AOS\Allgemein\[LabSamples2026.xlsx]Huettenabwasser'!M:M,FC77)="","",INDEX('Q:\Abteilungsprojekte\eng\EngData\AOS\Allgemein\[LabSamples2026.xlsx]Huettenabwasser'!M:M,FC77)),"") | J77: =IF(ISNUMBER(FC77),IF(INDEX('Q:\Abteilungsprojekte\eng\EngData\AOS\Allgemein\[LabSamples2026.xlsx]Huettenabwasser'!N:N,FC77)="","",INDEX('Q:\Abteilungsprojekte\eng\EngData\AOS\Allgemein\[LabSamples2026.xlsx]Huettenabwasser'!N:N,FC77)),"") | L77: Shimadzu TOC-L | M77: None | P77: Shimadzu TOC-L | Q77: None | T77: Shimadzu TOC-L | U77: None | X77: Shimadzu TOC-L | Y77: None | AC77: None | AG77: None | AJ77: IC Anionen | AK77: None | AO77: None | AR77: IC Anionen | AS77: None | AW77: None | BA77: None | BD77: IC Anionen | BE77: None | BH77: IC Kationen | BI77: None | BM77: None | BP77: IC Kationen | BQ77: None | BT77: IC Kationen | BU77: None | BX77: IC Kationen | BY77: None | CC77: None | CG77: None | CK77: None | CO77: None | CR77: SOP 45-34 | CS77: None | CW77: None | DA77: None | DE77: None | DH77: SOP 45-09 | DI77: None | DL77: SOP 45-09 | DM77: None | DP77: IC Organic Acids | DQ77: None | DT77: IC Organic Acids | DU77: None | DX77: IC Organic Acids | DY77: None | EB77: IC Organic Acids | EC77: None | EF77: IC Organic Acids | EG77: None | EJ77: IC Organic Acids | EK77: None | EN77: IC Organic Acids | EO77: None | ER77: IC Organic Acids | ES77: None | EV77: LC-MS | EW77: None | EZ77: =TEXT(A77,"@") & TEXT(B77,"@") | FA77: =TEXT(SamplesX!A77,"@") & TEXT(SamplesX!B77,"@") | FC77: =MATCH(EZ77,FA1:FA1008,0)
C78: =IF(ISNUMBER(FC78),INDIRECT("SamplesX!C"&FC78),IF(ISNUMBER(FD78),INDIRECT("SamplesY!C"&FD78),"")) | D78: =IF(ISNUMBER(FC78),INDIRECT("SamplesX!D"&FC78),IF(ISNUMBER(FD78),INDIRECT("SamplesY!D"&FD78),"")) | E78: =IF(ISNUMBER(FC78),INDIRECT("SamplesX!E"&FC78),IF(ISNUMBER(FD78),INDIRECT("SamplesY!E"&FD78),"")) | F78: =IF(ISNUMBER(FC78),INDIRECT("SamplesX!F"&FC78),IF(ISNUMBER(FD78),INDIRECT("SamplesY!F"&FD78),"")) | G78: =IF(ISNUMBER(FC78),INDIRECT("SamplesX!G"&FC78),IF(ISNUMBER(FD78),INDIRECT("SamplesY!G"&FD78),"")) | H78: =IF(ISNUMBER(FC78),INDIRECT("SamplesX!H"&FC78),IF(ISNUMBER(FD78),INDIRECT("SamplesY!H"&FD78),"")) | I78: =IF(ISNUMBER(FC78),IF(INDEX('Q:\Abteilungsprojekte\eng\EngData\AOS\Allgemein\[LabSamples2026.xlsx]Huettenabwasser'!M:M,FC78)="","",INDEX('Q:\Abteilungsprojekte\eng\EngData\AOS\Allgemein\[LabSamples2026.xlsx]Huettenabwasser'!M:M,FC78)),"") | J78: =IF(ISNUMBER(FC78),IF(INDEX('Q:\Abteilungsprojekte\eng\EngData\AOS\Allgemein\[LabSamples2026.xlsx]Huettenabwasser'!N:N,FC78)="","",INDEX('Q:\Abteilungsprojekte\eng\EngData\AOS\Allgemein\[LabSamples2026.xlsx]Huettenabwasser'!N:N,FC78)),"") | L78: Shimadzu TOC-L | M78: None | P78: Shimadzu TOC-L | Q78: None | T78: Shimadzu TOC-L | U78: None | X78: Shimadzu TOC-L | Y78: None | AC78: None | AG78: None | AJ78: IC Anionen | AK78: None | AO78: None | AR78: IC Anionen | AS78: None | AW78: None | BA78: None | BD78: IC Anionen | BE78: None | BH78: IC Kationen | BI78: None | BM78: None | BP78: IC Kationen | BQ78: None | BT78: IC Kationen | BU78: None | BX78: IC Kationen | BY78: None | CC78: None | CG78: None | CK78: None | CO78: None | CR78: SOP 45-34 | CS78: None | CW78: None | DA78: None | DE78: None | DH78: SOP 45-09 | DI78: None | DL78: SOP 45-09 | DM78: None | DP78: IC Organic Acids | DQ78: None | DT78: IC Organic Acids | DU78: None | DX78: IC Organic Acids | DY78: None | EB78: IC Organic Acids | EC78: None | EF78: IC Organic Acids | EG78: None | EJ78: IC Organic Acids | EK78: None | EN78: IC Organic Acids | EO78: None | ER78: IC Organic Acids | ES78: None | EV78: LC-MS | EW78: None | EZ78: =TEXT(A78,"@") & TEXT(B78,"@") | FA78: =TEXT(SamplesX!A78,"@") & TEXT(SamplesX!B78,"@") | FC78: =MATCH(EZ78,FA1:FA1008,0)
C79: =IF(ISNUMBER(FC79),INDIRECT("SamplesX!C"&FC79),IF(ISNUMBER(FD79),INDIRECT("SamplesY!C"&FD79),"")) | D79: =IF(ISNUMBER(FC79),INDIRECT("SamplesX!D"&FC79),IF(ISNUMBER(FD79),INDIRECT("SamplesY!D"&FD79),"")) | E79: =IF(ISNUMBER(FC79),INDIRECT("SamplesX!E"&FC79),IF(ISNUMBER(FD79),INDIRECT("SamplesY!E"&FD79),"")) | F79: =IF(ISNUMBER(FC79),INDIRECT("SamplesX!F"&FC79),IF(ISNUMBER(FD79),INDIRECT("SamplesY!F"&FD79),"")) | G79: =IF(ISNUMBER(FC79),INDIRECT("SamplesX!G"&FC79),IF(ISNUMBER(FD79),INDIRECT("SamplesY!G"&FD79),"")) | H79: =IF(ISNUMBER(FC79),INDIRECT("SamplesX!H"&FC79),IF(ISNUMBER(FD79),INDIRECT("SamplesY!H"&FD79),"")) | I79: =IF(ISNUMBER(FC79),IF(INDEX('Q:\Abteilungsprojekte\eng\EngData\AOS\Allgemein\[LabSamples2026.xlsx]Huettenabwasser'!M:M,FC79)="","",INDEX('Q:\Abteilungsprojekte\eng\EngData\AOS\Allgemein\[LabSamples2026.xlsx]Huettenabwasser'!M:M,FC79)),"") | J79: =IF(ISNUMBER(FC79),IF(INDEX('Q:\Abteilungsprojekte\eng\EngData\AOS\Allgemein\[LabSamples2026.xlsx]Huettenabwasser'!N:N,FC79)="","",INDEX('Q:\Abteilungsprojekte\eng\EngData\AOS\Allgemein\[LabSamples2026.xlsx]Huettenabwasser'!N:N,FC79)),"") | L79: Shimadzu TOC-L | M79: None | P79: Shimadzu TOC-L | Q79: None | T79: Shimadzu TOC-L | U79: None | X79: Shimadzu TOC-L | Y79: None | AC79: None | AG79: None | AJ79: IC Anionen | AK79: None | AO79: None | AR79: IC Anionen | AS79: None | AW79: None | BA79: None | BD79: IC Anionen | BE79: None | BH79: IC Kationen | BI79: None | BM79: None | BP79: IC Kationen | BQ79: None | BT79: IC Kationen | BU79: None | BX79: IC Kationen | BY79: None | CC79: None | CG79: None | CK79: None | CO79: None | CR79: SOP 45-34 | CS79: None | CW79: None | DA79: None | DE79: None | DH79: SOP 45-09 | DI79: None | DL79: SOP 45-09 | DM79: None | DP79: IC Organic Acids | DQ79: None | DT79: IC Organic Acids | DU79: None | DX79: IC Organic Acids | DY79: None | EB79: IC Organic Acids | EC79: None | EF79: IC Organic Acids | EG79: None | EJ79: IC Organic Acids | EK79: None | EN79: IC Organic Acids | EO79: None | ER79: IC Organic Acids | ES79: None | EV79: LC-MS | EW79: None | EZ79: =TEXT(A79,"@") & TEXT(B79,"@") | FA79: =TEXT(SamplesX!A79,"@") & TEXT(SamplesX!B79,"@") | FC79: =MATCH(EZ79,FA1:FA1008,0)
C80: =IF(ISNUMBER(FC80),INDIRECT("SamplesX!C"&FC80),IF(ISNUMBER(FD80),INDIRECT("SamplesY!C"&FD80),"")) | D80: =IF(ISNUMBER(FC80),INDIRECT("SamplesX!D"&FC80),IF(ISNUMBER(FD80),INDIRECT("SamplesY!D"&FD80),"")) | E80: =IF(ISNUMBER(FC80),INDIRECT("SamplesX!E"&FC80),IF(ISNUMBER(FD80),INDIRECT("SamplesY!E"&FD80),"")) | F80: =IF(ISNUMBER(FC80),INDIRECT("SamplesX!F"&FC80),IF(ISNUMBER(FD80),INDIRECT("SamplesY!F"&FD80),"")) | G80: =IF(ISNUMBER(FC80),INDIRECT("SamplesX!G"&FC80),IF(ISNUMBER(FD80),INDIRECT("SamplesY!G"&FD80),"")) | H80: =IF(ISNUMBER(FC80),INDIRECT("SamplesX!H"&FC80),IF(ISNUMBER(FD80),INDIRECT("SamplesY!H"&FD80),"")) | I80: =IF(ISNUMBER(FC80),IF(INDEX('Q:\Abteilungsprojekte\eng\EngData\AOS\Allgemein\[LabSamples2026.xlsx]Huettenabwasser'!M:M,FC80)="","",INDEX('Q:\Abteilungsprojekte\eng\EngData\AOS\Allgemein\[LabSamples2026.xlsx]Huettenabwasser'!M:M,FC80)),"") | J80: =IF(ISNUMBER(FC80),IF(INDEX('Q:\Abteilungsprojekte\eng\EngData\AOS\Allgemein\[LabSamples2026.xlsx]Huettenabwasser'!N:N,FC80)="","",INDEX('Q:\Abteilungsprojekte\eng\EngData\AOS\Allgemein\[LabSamples2026.xlsx]Huettenabwasser'!N:N,FC80)),"") | L80: Shimadzu TOC-L | M80: None | P80: Shimadzu TOC-L | Q80: None | T80: Shimadzu TOC-L | U80: None | X80: Shimadzu TOC-L | Y80: None | AC80: None | AG80: None | AJ80: IC Anionen | AK80: None | AO80: None | AR80: IC Anionen | AS80: None | AW80: None | BA80: None | BD80: IC Anionen | BE80: None | BH80: IC Kationen | BI80: None | BM80: None | BP80: IC Kationen | BQ80: None | BT80: IC Kationen | BU80: None | BX80: IC Kationen | BY80: None | CC80: None | CG80: None | CK80: None | CO80: None | CR80: SOP 45-34 | CS80: None | CW80: None | DA80: None | DE80: None | DH80: SOP 45-09 | DI80: None | DL80: SOP 45-09 | DM80: None | DP80: IC Organic Acids | DQ80: None | DT80: IC Organic Acids | DU80: None | DX80: IC Organic Acids | DY80: None | EB80: IC Organic Acids | EC80: None | EF80: IC Organic Acids | EG80: None | EJ80: IC Organic Acids | EK80: None | EN80: IC Organic Acids | EO80: None | ER80: IC Organic Acids | ES80: None | EV80: LC-MS | EW80: None | EZ80: =TEXT(A80,"@") & TEXT(B80,"@") | FA80: =TEXT(SamplesX!A80,"@") & TEXT(SamplesX!B80,"@") | FC80: =MATCH(EZ80,FA1:FA1008,0)
C81: =IF(ISNUMBER(FC81),INDIRECT("SamplesX!C"&FC81),IF(ISNUMBER(FD81),INDIRECT("SamplesY!C"&FD81),"")) | D81: =IF(ISNUMBER(FC81),INDIRECT("SamplesX!D"&FC81),IF(ISNUMBER(FD81),INDIRECT("SamplesY!D"&FD81),"")) | E81: =IF(ISNUMBER(FC81),INDIRECT("SamplesX!E"&FC81),IF(ISNUMBER(FD81),INDIRECT("SamplesY!E"&FD81),"")) | F81: =IF(ISNUMBER(FC81),INDIRECT("SamplesX!F"&FC81),IF(ISNUMBER(FD81),INDIRECT("SamplesY!F"&FD81),"")) | G81: =IF(ISNUMBER(FC81),INDIRECT("SamplesX!G"&FC81),IF(ISNUMBER(FD81),INDIRECT("SamplesY!G"&FD81),"")) | H81: =IF(ISNUMBER(FC81),INDIRECT("SamplesX!H"&FC81),IF(ISNUMBER(FD81),INDIRECT("SamplesY!H"&FD81),"")) | I81: =IF(ISNUMBER(FC81),IF(INDEX('Q:\Abteilungsprojekte\eng\EngData\AOS\Allgemein\[LabSamples2026.xlsx]Huettenabwasser'!M:M,FC81)="","",INDEX('Q:\Abteilungsprojekte\eng\EngData\AOS\Allgemein\[LabSamples2026.xlsx]Huettenabwasser'!M:M,FC81)),"") | J81: =IF(ISNUMBER(FC81),IF(INDEX('Q:\Abteilungsprojekte\eng\EngData\AOS\Allgemein\[LabSamples2026.xlsx]Huettenabwasser'!N:N,FC81)="","",INDEX('Q:\Abteilungsprojekte\eng\EngData\AOS\Allgemein\[LabSamples2026.xlsx]Huettenabwasser'!N:N,FC81)),"") | L81: Shimadzu TOC-L | M81: None | P81: Shimadzu TOC-L | Q81: None | T81: Shimadzu TOC-L | U81: None | X81: Shimadzu TOC-L | Y81: None | AC81: None | AG81: None | AJ81: IC Anionen | AK81: None | AO81: None | AR81: IC Anionen | AS81: None | AW81: None | BA81: None | BD81: IC Anionen | BE81: None | BH81: IC Kationen | BI81: None | BM81: None | BP81: IC Kationen | BQ81: None | BT81: IC Kationen | BU81: None | BX81: IC Kationen | BY81: None | CC81: None | CG81: None | CK81: None | CO81: None | CR81: SOP 45-34 | CS81: None | CW81: None | DA81: None | DE81: None | DH81: SOP 45-09 | DI81: None | DL81: SOP 45-09 | DM81: None | DP81: IC Organic Acids | DQ81: None | DT81: IC Organic Acids | DU81: None | DX81: IC Organic Acids | DY81: None | EB81: IC Organic Acids | EC81: None | EF81: IC Organic Acids | EG81: None | EJ81: IC Organic Acids | EK81: None | EN81: IC Organic Acids | EO81: None | ER81: IC Organic Acids | ES81: None | EV81: LC-MS | EW81: None | EZ81: =TEXT(A81,"@") & TEXT(B81,"@") | FA81: =TEXT(SamplesX!A81,"@") & TEXT(SamplesX!B81,"@") | FC81: =MATCH(EZ81,FA1:FA1008,0)
C82: =IF(ISNUMBER(FC82),INDIRECT("SamplesX!C"&FC82),IF(ISNUMBER(FD82),INDIRECT("SamplesY!C"&FD82),"")) | D82: =IF(ISNUMBER(FC82),INDIRECT("SamplesX!D"&FC82),IF(ISNUMBER(FD82),INDIRECT("SamplesY!D"&FD82),"")) | E82: =IF(ISNUMBER(FC82),INDIRECT("SamplesX!E"&FC82),IF(ISNUMBER(FD82),INDIRECT("SamplesY!E"&FD82),"")) | F82: =IF(ISNUMBER(FC82),INDIRECT("SamplesX!F"&FC82),IF(ISNUMBER(FD82),INDIRECT("SamplesY!F"&FD82),"")) | G82: =IF(ISNUMBER(FC82),INDIRECT("SamplesX!G"&FC82),IF(ISNUMBER(FD82),INDIRECT("SamplesY!G"&FD82),"")) | H82: =IF(ISNUMBER(FC82),INDIRECT("SamplesX!H"&FC82),IF(ISNUMBER(FD82),INDIRECT("SamplesY!H"&FD82),"")) | I82: =IF(ISNUMBER(FC82),IF(INDEX('Q:\Abteilungsprojekte\eng\EngData\AOS\Allgemein\[LabSamples2026.xlsx]Huettenabwasser'!M:M,FC82)="","",INDEX('Q:\Abteilungsprojekte\eng\EngData\AOS\Allgemein\[LabSamples2026.xlsx]Huettenabwasser'!M:M,FC82)),"") | J82: =IF(ISNUMBER(FC82),IF(INDEX('Q:\Abteilungsprojekte\eng\EngData\AOS\Allgemein\[LabSamples2026.xlsx]Huettenabwasser'!N:N,FC82)="","",INDEX('Q:\Abteilungsprojekte\eng\EngData\AOS\Allgemein\[LabSamples2026.xlsx]Huettenabwasser'!N:N,FC82)),"") | L82: Shimadzu TOC-L | M82: None | P82: Shimadzu TOC-L | Q82: None | T82: Shimadzu TOC-L | U82: None | X82: Shimadzu TOC-L | Y82: None | AC82: None | AG82: None | AJ82: IC Anionen | AK82: None | AO82: None | AR82: IC Anionen | AS82: None | AW82: None | BA82: None | BD82: IC Anionen | BE82: None | BH82: IC Kationen | BI82: None | BM82: None | BP82: IC Kationen | BQ82: None | BT82: IC Kationen | BU82: None | BX82: IC Kationen | BY82: None | CC82: None | CG82: None | CK82: None | CO82: None | CR82: SOP 45-34 | CS82: None | CW82: None | DA82: None | DE82: None | DH82: SOP 45-09 | DI82: None | DL82: SOP 45-09 | DM82: None | DP82: IC Organic Acids | DQ82: None | DT82: IC Organic Acids | DU82: None | DX82: IC Organic Acids | DY82: None | EB82: IC Organic Acids | EC82: None | EF82: IC Organic Acids | EG82: None | EJ82: IC Organic Acids | EK82: None | EN82: IC Organic Acids | EO82: None | ER82: IC Organic Acids | ES82: None | EV82: LC-MS | EW82: None | EZ82: =TEXT(A82,"@") & TEXT(B82,"@") | FA82: =TEXT(SamplesX!A82,"@") & TEXT(SamplesX!B82,"@") | FC82: =MATCH(EZ82,FA1:FA1008,0)
C83: =IF(ISNUMBER(FC83),INDIRECT("SamplesX!C"&FC83),IF(ISNUMBER(FD83),INDIRECT("SamplesY!C"&FD83),"")) | D83: =IF(ISNUMBER(FC83),INDIRECT("SamplesX!D"&FC83),IF(ISNUMBER(FD83),INDIRECT("SamplesY!D"&FD83),"")) | E83: =IF(ISNUMBER(FC83),INDIRECT("SamplesX!E"&FC83),IF(ISNUMBER(FD83),INDIRECT("SamplesY!E"&FD83),"")) | F83: =IF(ISNUMBER(FC83),INDIRECT("SamplesX!F"&FC83),IF(ISNUMBER(FD83),INDIRECT("SamplesY!F"&FD83),"")) | G83: =IF(ISNUMBER(FC83),INDIRECT("SamplesX!G"&FC83),IF(ISNUMBER(FD83),INDIRECT("SamplesY!G"&FD83),"")) | H83: =IF(ISNUMBER(FC83),INDIRECT("SamplesX!H"&FC83),IF(ISNUMBER(FD83),INDIRECT("SamplesY!H"&FD83),"")) | I83: =IF(ISNUMBER(FC83),IF(INDEX('Q:\Abteilungsprojekte\eng\EngData\AOS\Allgemein\[LabSamples2026.xlsx]Huettenabwasser'!M:M,FC83)="","",INDEX('Q:\Abteilungsprojekte\eng\EngData\AOS\Allgemein\[LabSamples2026.xlsx]Huettenabwasser'!M:M,FC83)),"") | J83: =IF(ISNUMBER(FC83),IF(INDEX('Q:\Abteilungsprojekte\eng\EngData\AOS\Allgemein\[LabSamples2026.xlsx]Huettenabwasser'!N:N,FC83)="","",INDEX('Q:\Abteilungsprojekte\eng\EngData\AOS\Allgemein\[LabSamples2026.xlsx]Huettenabwasser'!N:N,FC83)),"") | L83: Shimadzu TOC-L | M83: None | P83: Shimadzu TOC-L | Q83: None | T83: Shimadzu TOC-L | U83: None | X83: Shimadzu TOC-L | Y83: None | AC83: None | AG83: None | AJ83: IC Anionen | AK83: None | AO83: None | AR83: IC Anionen | AS83: None | AW83: None | BA83: None | BD83: IC Anionen | BE83: None | BH83: IC Kationen | BI83: None | BM83: None | BP83: IC Kationen | BQ83: None | BT83: IC Kationen | BU83: None | BX83: IC Kationen | BY83: None | CC83: None | CG83: None | CK83: None | CO83: None | CR83: SOP 45-34 | CS83: None | CW83: None | DA83: None | DE83: None | DH83: SOP 45-09 | DI83: None | DL83: SOP 45-09 | DM83: None | DP83: IC Organic Acids | DQ83: None | DT83: IC Organic Acids | DU83: None | DX83: IC Organic Acids | DY83: None | EB83: IC Organic Acids | EC83: None | EF83: IC Organic Acids | EG83: None | EJ83: IC Organic Acids | EK83: None | EN83: IC Organic Acids | EO83: None | ER83: IC Organic Acids | ES83: None | EV83: LC-MS | EW83: None | EZ83: =TEXT(A83,"@") & TEXT(B83,"@") | FA83: =TEXT(SamplesX!A83,"@") & TEXT(SamplesX!B83,"@") | FC83: =MATCH(EZ83,FA1:FA1008,0)
C84: =IF(ISNUMBER(FC84),INDIRECT("SamplesX!C"&FC84),IF(ISNUMBER(FD84),INDIRECT("SamplesY!C"&FD84),"")) | D84: =IF(ISNUMBER(FC84),INDIRECT("SamplesX!D"&FC84),IF(ISNUMBER(FD84),INDIRECT("SamplesY!D"&FD84),"")) | E84: =IF(ISNUMBER(FC84),INDIRECT("SamplesX!E"&FC84),IF(ISNUMBER(FD84),INDIRECT("SamplesY!E"&FD84),"")) | F84: =IF(ISNUMBER(FC84),INDIRECT("SamplesX!F"&FC84),IF(ISNUMBER(FD84),INDIRECT("SamplesY!F"&FD84),"")) | G84: =IF(ISNUMBER(FC84),INDIRECT("SamplesX!G"&FC84),IF(ISNUMBER(FD84),INDIRECT("SamplesY!G"&FD84),"")) | H84: =IF(ISNUMBER(FC84),INDIRECT("SamplesX!H"&FC84),IF(ISNUMBER(FD84),INDIRECT("SamplesY!H"&FD84),"")) | I84: =IF(ISNUMBER(FC84),IF(INDEX('Q:\Abteilungsprojekte\eng\EngData\AOS\Allgemein\[LabSamples2026.xlsx]Huettenabwasser'!M:M,FC84)="","",INDEX('Q:\Abteilungsprojekte\eng\EngData\AOS\Allgemein\[LabSamples2026.xlsx]Huettenabwasser'!M:M,FC84)),"") | J84: =IF(ISNUMBER(FC84),IF(INDEX('Q:\Abteilungsprojekte\eng\EngData\AOS\Allgemein\[LabSamples2026.xlsx]Huettenabwasser'!N:N,FC84)="","",INDEX('Q:\Abteilungsprojekte\eng\EngData\AOS\Allgemein\[LabSamples2026.xlsx]Huettenabwasser'!N:N,FC84)),"") | L84: Shimadzu TOC-L | M84: None | P84: Shimadzu TOC-L | Q84: None | T84: Shimadzu TOC-L | U84: None | X84: Shimadzu TOC-L | Y84: None | AC84: None | AG84: None | AJ84: IC Anionen | AK84: None | AO84: None | AR84: IC Anionen | AS84: None | AW84: None | BA84: None | BD84: IC Anionen | BE84: None | BH84: IC Kationen | BI84: None | BM84: None | BP84: IC Kationen | BQ84: None | BT84: IC Kationen | BU84: None | BX84: IC Kationen | BY84: None | CC84: None | CG84: None | CK84: None | CO84: None | CR84: SOP 45-34 | CS84: None | CW84: None | DA84: None | DE84: None | DH84: SOP 45-09 | DI84: None | DL84: SOP 45-09 | DM84: None | DP84: IC Organic Acids | DQ84: None | DT84: IC Organic Acids | DU84: None | DX84: IC Organic Acids | DY84: None | EB84: IC Organic Acids | EC84: None | EF84: IC Organic Acids | EG84: None | EJ84: IC Organic Acids | EK84: None | EN84: IC Organic Acids | EO84: None | ER84: IC Organic Acids | ES84: None | EV84: LC-MS | EW84: None | EZ84: =TEXT(A84,"@") & TEXT(B84,"@") | FA84: =TEXT(SamplesX!A84,"@") & TEXT(SamplesX!B84,"@") | FC84: =MATCH(EZ84,FA1:FA1008,0)
C85: =IF(ISNUMBER(FC85),INDIRECT("SamplesX!C"&FC85),IF(ISNUMBER(FD85),INDIRECT("SamplesY!C"&FD85),"")) | D85: =IF(ISNUMBER(FC85),INDIRECT("SamplesX!D"&FC85),IF(ISNUMBER(FD85),INDIRECT("SamplesY!D"&FD85),"")) | E85: =IF(ISNUMBER(FC85),INDIRECT("SamplesX!E"&FC85),IF(ISNUMBER(FD85),INDIRECT("SamplesY!E"&FD85),"")) | F85: =IF(ISNUMBER(FC85),INDIRECT("SamplesX!F"&FC85),IF(ISNUMBER(FD85),INDIRECT("SamplesY!F"&FD85),"")) | G85: =IF(ISNUMBER(FC85),INDIRECT("SamplesX!G"&FC85),IF(ISNUMBER(FD85),INDIRECT("SamplesY!G"&FD85),"")) | H85: =IF(ISNUMBER(FC85),INDIRECT("SamplesX!H"&FC85),IF(ISNUMBER(FD85),INDIRECT("SamplesY!H"&FD85),"")) | I85: =IF(ISNUMBER(FC85),IF(INDEX('Q:\Abteilungsprojekte\eng\EngData\AOS\Allgemein\[LabSamples2026.xlsx]Huettenabwasser'!M:M,FC85)="","",INDEX('Q:\Abteilungsprojekte\eng\EngData\AOS\Allgemein\[LabSamples2026.xlsx]Huettenabwasser'!M:M,FC85)),"") | J85: =IF(ISNUMBER(FC85),IF(INDEX('Q:\Abteilungsprojekte\eng\EngData\AOS\Allgemein\[LabSamples2026.xlsx]Huettenabwasser'!N:N,FC85)="","",INDEX('Q:\Abteilungsprojekte\eng\EngData\AOS\Allgemein\[LabSamples2026.xlsx]Huettenabwasser'!N:N,FC85)),"") | L85: Shimadzu TOC-L | M85: None | P85: Shimadzu TOC-L | Q85: None | T85: Shimadzu TOC-L | U85: None | X85: Shimadzu TOC-L | Y85: None | AC85: None | AG85: None | AJ85: IC Anionen | AK85: None | AO85: None | AR85: IC Anionen | AS85: None | AW85: None | BA85: None | BD85: IC Anionen | BE85: None | BH85: IC Kationen | BI85: None | BM85: None | BP85: IC Kationen | BQ85: None | BT85: IC Kationen | BU85: None | BX85: IC Kationen | BY85: None | CC85: None | CG85: None | CK85: None | CO85: None | CR85: SOP 45-34 | CS85: None | CW85: None | DA85: None | DE85: None | DH85: SOP 45-09 | DI85: None | DL85: SOP 45-09 | DM85: None | DP85: IC Organic Acids | DQ85: None | DT85: IC Organic Acids | DU85: None | DX85: IC Organic Acids | DY85: None | EB85: IC Organic Acids | EC85: None | EF85: IC Organic Acids | EG85: None | EJ85: IC Organic Acids | EK85: None | EN85: IC Organic Acids | EO85: None | ER85: IC Organic Acids | ES85: None | EV85: LC-MS | EW85: None | EZ85: =TEXT(A85,"@") & TEXT(B85,"@") | FA85: =TEXT(SamplesX!A85,"@") & TEXT(SamplesX!B85,"@") | FC85: =MATCH(EZ85,FA1:FA1008,0)
C86: =IF(ISNUMBER(FC86),INDIRECT("SamplesX!C"&FC86),IF(ISNUMBER(FD86),INDIRECT("SamplesY!C"&FD86),"")) | D86: =IF(ISNUMBER(FC86),INDIRECT("SamplesX!D"&FC86),IF(ISNUMBER(FD86),INDIRECT("SamplesY!D"&FD86),"")) | E86: =IF(ISNUMBER(FC86),INDIRECT("SamplesX!E"&FC86),IF(ISNUMBER(FD86),INDIRECT("SamplesY!E"&FD86),"")) | F86: =IF(ISNUMBER(FC86),INDIRECT("SamplesX!F"&FC86),IF(ISNUMBER(FD86),INDIRECT("SamplesY!F"&FD86),"")) | G86: =IF(ISNUMBER(FC86),INDIRECT("SamplesX!G"&FC86),IF(ISNUMBER(FD86),INDIRECT("SamplesY!G"&FD86),"")) | H86: =IF(ISNUMBER(FC86),INDIRECT("SamplesX!H"&FC86),IF(ISNUMBER(FD86),INDIRECT("SamplesY!H"&FD86),"")) | I86: =IF(ISNUMBER(FC86),IF(INDEX('Q:\Abteilungsprojekte\eng\EngData\AOS\Allgemein\[LabSamples2026.xlsx]Huettenabwasser'!M:M,FC86)="","",INDEX('Q:\Abteilungsprojekte\eng\EngData\AOS\Allgemein\[LabSamples2026.xlsx]Huettenabwasser'!M:M,FC86)),"") | J86: =IF(ISNUMBER(FC86),IF(INDEX('Q:\Abteilungsprojekte\eng\EngData\AOS\Allgemein\[LabSamples2026.xlsx]Huettenabwasser'!N:N,FC86)="","",INDEX('Q:\Abteilungsprojekte\eng\EngData\AOS\Allgemein\[LabSamples2026.xlsx]Huettenabwasser'!N:N,FC86)),"") | L86: Shimadzu TOC-L | M86: None | P86: Shimadzu TOC-L | Q86: None | T86: Shimadzu TOC-L | U86: None | X86: Shimadzu TOC-L | Y86: None | AC86: None | AG86: None | AJ86: IC Anionen | AK86: None | AO86: None | AR86: IC Anionen | AS86: None | AW86: None | BA86: None | BD86: IC Anionen | BE86: None | BH86: IC Kationen | BI86: None | BM86: None | BP86: IC Kationen | BQ86: None | BT86: IC Kationen | BU86: None | BX86: IC Kationen | BY86: None | CC86: None | CG86: None | CK86: None | CO86: None | CR86: SOP 45-34 | CS86: None | CW86: None | DA86: None | DE86: None | DH86: SOP 45-09 | DI86: None | DL86: SOP 45-09 | DM86: None | DP86: IC Organic Acids | DQ86: None | DT86: IC Organic Acids | DU86: None | DX86: IC Organic Acids | DY86: None | EB86: IC Organic Acids | EC86: None | EF86: IC Organic Acids | EG86: None | EJ86: IC Organic Acids | EK86: None | EN86: IC Organic Acids | EO86: None | ER86: IC Organic Acids | ES86: None | EV86: LC-MS | EW86: None | EZ86: =TEXT(A86,"@") & TEXT(B86,"@") | FA86: =TEXT(SamplesX!A86,"@") & TEXT(SamplesX!B86,"@") | FC86: =MATCH(EZ86,FA1:FA1008,0)
C87: =IF(ISNUMBER(FC87),INDIRECT("SamplesX!C"&FC87),IF(ISNUMBER(FD87),INDIRECT("SamplesY!C"&FD87),"")) | D87: =IF(ISNUMBER(FC87),INDIRECT("SamplesX!D"&FC87),IF(ISNUMBER(FD87),INDIRECT("SamplesY!D"&FD87),"")) | E87: =IF(ISNUMBER(FC87),INDIRECT("SamplesX!E"&FC87),IF(ISNUMBER(FD87),INDIRECT("SamplesY!E"&FD87),"")) | F87: =IF(ISNUMBER(FC87),INDIRECT("SamplesX!F"&FC87),IF(ISNUMBER(FD87),INDIRECT("SamplesY!F"&FD87),"")) | G87: =IF(ISNUMBER(FC87),INDIRECT("SamplesX!G"&FC87),IF(ISNUMBER(FD87),INDIRECT("SamplesY!G"&FD87),"")) | H87: =IF(ISNUMBER(FC87),INDIRECT("SamplesX!H"&FC87),IF(ISNUMBER(FD87),INDIRECT("SamplesY!H"&FD87),"")) | I87: =IF(ISNUMBER(FC87),IF(INDEX('Q:\Abteilungsprojekte\eng\EngData\AOS\Allgemein\[LabSamples2026.xlsx]Huettenabwasser'!M:M,FC87)="","",INDEX('Q:\Abteilungsprojekte\eng\EngData\AOS\Allgemein\[LabSamples2026.xlsx]Huettenabwasser'!M:M,FC87)),"") | J87: =IF(ISNUMBER(FC87),IF(INDEX('Q:\Abteilungsprojekte\eng\EngData\AOS\Allgemein\[LabSamples2026.xlsx]Huettenabwasser'!N:N,FC87)="","",INDEX('Q:\Abteilungsprojekte\eng\EngData\AOS\Allgemein\[LabSamples2026.xlsx]Huettenabwasser'!N:N,FC87)),"") | L87: Shimadzu TOC-L | M87: None | P87: Shimadzu TOC-L | Q87: None | T87: Shimadzu TOC-L | U87: None | X87: Shimadzu TOC-L | Y87: None | AC87: None | AG87: None | AJ87: IC Anionen | AK87: None | AO87: None | AR87: IC Anionen | AS87: None | AW87: None | BA87: None | BD87: IC Anionen | BE87: None | BH87: IC Kationen | BI87: None | BM87: None | BP87: IC Kationen | BQ87: None | BT87: IC Kationen | BU87: None | BX87: IC Kationen | BY87: None | CC87: None | CG87: None | CK87: None | CO87: None | CR87: SOP 45-34 | CS87: None | CW87: None | DA87: None | DE87: None | DH87: SOP 45-09 | DI87: None | DL87: SOP 45-09 | DM87: None | DP87: IC Organic Acids | DQ87: None | DT87: IC Organic Acids | DU87: None | DX87: IC Organic Acids | DY87: None | EB87: IC Organic Acids | EC87: None | EF87: IC Organic Acids | EG87: None | EJ87: IC Organic Acids | EK87: None | EN87: IC Organic Acids | EO87: None | ER87: IC Organic Acids | ES87: None | EV87: LC-MS | EW87: None | EZ87: =TEXT(A87,"@") & TEXT(B87,"@") | FA87: =TEXT(SamplesX!A87,"@") & TEXT(SamplesX!B87,"@") | FC87: =MATCH(EZ87,FA1:FA1008,0)
C88: =IF(ISNUMBER(FC88),INDIRECT("SamplesX!C"&FC88),IF(ISNUMBER(FD88),INDIRECT("SamplesY!C"&FD88),"")) | D88: =IF(ISNUMBER(FC88),INDIRECT("SamplesX!D"&FC88),IF(ISNUMBER(FD88),INDIRECT("SamplesY!D"&FD88),"")) | E88: =IF(ISNUMBER(FC88),INDIRECT("SamplesX!E"&FC88),IF(ISNUMBER(FD88),INDIRECT("SamplesY!E"&FD88),"")) | F88: =IF(ISNUMBER(FC88),INDIRECT("SamplesX!F"&FC88),IF(ISNUMBER(FD88),INDIRECT("SamplesY!F"&FD88),"")) | G88: =IF(ISNUMBER(FC88),INDIRECT("SamplesX!G"&FC88),IF(ISNUMBER(FD88),INDIRECT("SamplesY!G"&FD88),"")) | H88: =IF(ISNUMBER(FC88),INDIRECT("SamplesX!H"&FC88),IF(ISNUMBER(FD88),INDIRECT("SamplesY!H"&FD88),"")) | I88: =IF(ISNUMBER(FC88),IF(INDEX('Q:\Abteilungsprojekte\eng\EngData\AOS\Allgemein\[LabSamples2026.xlsx]Huettenabwasser'!M:M,FC88)="","",INDEX('Q:\Abteilungsprojekte\eng\EngData\AOS\Allgemein\[LabSamples2026.xlsx]Huettenabwasser'!M:M,FC88)),"") | J88: =IF(ISNUMBER(FC88),IF(INDEX('Q:\Abteilungsprojekte\eng\EngData\AOS\Allgemein\[LabSamples2026.xlsx]Huettenabwasser'!N:N,FC88)="","",INDEX('Q:\Abteilungsprojekte\eng\EngData\AOS\Allgemein\[LabSamples2026.xlsx]Huettenabwasser'!N:N,FC88)),"") | L88: Shimadzu TOC-L | M88: None | P88: Shimadzu TOC-L | Q88: None | T88: Shimadzu TOC-L | U88: None | X88: Shimadzu TOC-L | Y88: None | AC88: None | AG88: None | AJ88: IC Anionen | AK88: None | AO88: None | AR88: IC Anionen | AS88: None | AW88: None | BA88: None | BD88: IC Anionen | BE88: None | BH88: IC Kationen | BI88: None | BM88: None | BP88: IC Kationen | BQ88: None | BT88: IC Kationen | BU88: None | BX88: IC Kationen | BY88: None | CC88: None | CG88: None | CK88: None | CO88: None | CR88: SOP 45-34 | CS88: None | CW88: None | DA88: None | DE88: None | DH88: SOP 45-09 | DI88: None | DL88: SOP 45-09 | DM88: None | DP88: IC Organic Acids | DQ88: None | DT88: IC Organic Acids | DU88: None | DX88: IC Organic Acids | DY88: None | EB88: IC Organic Acids | EC88: None | EF88: IC Organic Acids | EG88: None | EJ88: IC Organic Acids | EK88: None | EN88: IC Organic Acids | EO88: None | ER88: IC Organic Acids | ES88: None | EV88: LC-MS | EW88: None | EZ88: =TEXT(A88,"@") & TEXT(B88,"@") | FA88: =TEXT(SamplesX!A88,"@") & TEXT(SamplesX!B88,"@") | FC88: =MATCH(EZ88,FA1:FA1008,0)
C89: =IF(ISNUMBER(FC89),INDIRECT("SamplesX!C"&FC89),IF(ISNUMBER(FD89),INDIRECT("SamplesY!C"&FD89),"")) | D89: =IF(ISNUMBER(FC89),INDIRECT("SamplesX!D"&FC89),IF(ISNUMBER(FD89),INDIRECT("SamplesY!D"&FD89),"")) | E89: =IF(ISNUMBER(FC89),INDIRECT("SamplesX!E"&FC89),IF(ISNUMBER(FD89),INDIRECT("SamplesY!E"&FD89),"")) | F89: =IF(ISNUMBER(FC89),INDIRECT("SamplesX!F"&FC89),IF(ISNUMBER(FD89),INDIRECT("SamplesY!F"&FD89),"")) | G89: =IF(ISNUMBER(FC89),INDIRECT("SamplesX!G"&FC89),IF(ISNUMBER(FD89),INDIRECT("SamplesY!G"&FD89),"")) | H89: =IF(ISNUMBER(FC89),INDIRECT("SamplesX!H"&FC89),IF(ISNUMBER(FD89),INDIRECT("SamplesY!H"&FD89),"")) | I89: =IF(ISNUMBER(FC89),IF(INDEX('Q:\Abteilungsprojekte\eng\EngData\AOS\Allgemein\[LabSamples2026.xlsx]Huettenabwasser'!M:M,FC89)="","",INDEX('Q:\Abteilungsprojekte\eng\EngData\AOS\Allgemein\[LabSamples2026.xlsx]Huettenabwasser'!M:M,FC89)),"") | J89: =IF(ISNUMBER(FC89),IF(INDEX('Q:\Abteilungsprojekte\eng\EngData\AOS\Allgemein\[LabSamples2026.xlsx]Huettenabwasser'!N:N,FC89)="","",INDEX('Q:\Abteilungsprojekte\eng\EngData\AOS\Allgemein\[LabSamples2026.xlsx]Huettenabwasser'!N:N,FC89)),"") | L89: Shimadzu TOC-L | M89: None | P89: Shimadzu TOC-L | Q89: None | T89: Shimadzu TOC-L | U89: None | X89: Shimadzu TOC-L | Y89: None | AC89: None | AG89: None | AJ89: IC Anionen | AK89: None | AO89: None | AR89: IC Anionen | AS89: None | AW89: None | BA89: None | BD89: IC Anionen | BE89: None | BH89: IC Kationen | BI89: None | BM89: None | BP89: IC Kationen | BQ89: None | BT89: IC Kationen | BU89: None | BX89: IC Kationen | BY89: None | CC89: None | CG89: None | CK89: None | CO89: None | CR89: SOP 45-34 | CS89: None | CW89: None | DA89: None | DE89: None | DH89: SOP 45-09 | DI89: None | DL89: SOP 45-09 | DM89: None | DP89: IC Organic Acids | DQ89: None | DT89: IC Organic Acids | DU89: None | DX89: IC Organic Acids | DY89: None | EB89: IC Organic Acids | EC89: None | EF89: IC Organic Acids | EG89: None | EJ89: IC Organic Acids | EK89: None | EN89: IC Organic Acids | EO89: None | ER89: IC Organic Acids | ES89: None | EV89: LC-MS | EW89: None | EZ89: =TEXT(A89,"@") & TEXT(B89,"@") | FA89: =TEXT(SamplesX!A89,"@") & TEXT(SamplesX!B89,"@") | FC89: =MATCH(EZ89,FA1:FA1008,0)
C90: =IF(ISNUMBER(FC90),INDIRECT("SamplesX!C"&FC90),IF(ISNUMBER(FD90),INDIRECT("SamplesY!C"&FD90),"")) | D90: =IF(ISNUMBER(FC90),INDIRECT("SamplesX!D"&FC90),IF(ISNUMBER(FD90),INDIRECT("SamplesY!D"&FD90),"")) | E90: =IF(ISNUMBER(FC90),INDIRECT("SamplesX!E"&FC90),IF(ISNUMBER(FD90),INDIRECT("SamplesY!E"&FD90),"")) | F90: =IF(ISNUMBER(FC90),INDIRECT("SamplesX!F"&FC90),IF(ISNUMBER(FD90),INDIRECT("SamplesY!F"&FD90),"")) | G90: =IF(ISNUMBER(FC90),INDIRECT("SamplesX!G"&FC90),IF(ISNUMBER(FD90),INDIRECT("SamplesY!G"&FD90),"")) | H90: =IF(ISNUMBER(FC90),INDIRECT("SamplesX!H"&FC90),IF(ISNUMBER(FD90),INDIRECT("SamplesY!H"&FD90),"")) | I90: =IF(ISNUMBER(FC90),IF(INDEX('Q:\Abteilungsprojekte\eng\EngData\AOS\Allgemein\[LabSamples2026.xlsx]Huettenabwasser'!M:M,FC90)="","",INDEX('Q:\Abteilungsprojekte\eng\EngData\AOS\Allgemein\[LabSamples2026.xlsx]Huettenabwasser'!M:M,FC90)),"") | J90: =IF(ISNUMBER(FC90),IF(INDEX('Q:\Abteilungsprojekte\eng\EngData\AOS\Allgemein\[LabSamples2026.xlsx]Huettenabwasser'!N:N,FC90)="","",INDEX('Q:\Abteilungsprojekte\eng\EngData\AOS\Allgemein\[LabSamples2026.xlsx]Huettenabwasser'!N:N,FC90)),"") | L90: Shimadzu TOC-L | M90: None | P90: Shimadzu TOC-L | Q90: None | T90: Shimadzu TOC-L | U90: None | X90: Shimadzu TOC-L | Y90: None | AC90: None | AG90: None | AJ90: IC Anionen | AK90: None | AO90: None | AR90: IC Anionen | AS90: None | AW90: None | BA90: None | BD90: IC Anionen | BE90: None | BH90: IC Kationen | BI90: None | BM90: None | BP90: IC Kationen | BQ90: None | BT90: IC Kationen | BU90: None | BX90: IC Kationen | BY90: None | CC90: None | CG90: None | CK90: None | CO90: None | CR90: SOP 45-34 | CS90: None | CW90: None | DA90: None | DE90: None | DH90: SOP 45-09 | DI90: None | DL90: SOP 45-09 | DM90: None | DP90: IC Organic Acids | DQ90: None | DT90: IC Organic Acids | DU90: None | DX90: IC Organic Acids | DY90: None | EB90: IC Organic Acids | EC90: None | EF90: IC Organic Acids | EG90: None | EJ90: IC Organic Acids | EK90: None | EN90: IC Organic Acids | EO90: None | ER90: IC Organic Acids | ES90: None | EV90: LC-MS | EW90: None | EZ90: =TEXT(A90,"@") & TEXT(B90,"@") | FA90: =TEXT(SamplesX!A90,"@") & TEXT(SamplesX!B90,"@") | FC90: =MATCH(EZ90,FA1:FA1008,0)
C91: =IF(ISNUMBER(FC91),INDIRECT("SamplesX!C"&FC91),IF(ISNUMBER(FD91),INDIRECT("SamplesY!C"&FD91),"")) | D91: =IF(ISNUMBER(FC91),INDIRECT("SamplesX!D"&FC91),IF(ISNUMBER(FD91),INDIRECT("SamplesY!D"&FD91),"")) | E91: =IF(ISNUMBER(FC91),INDIRECT("SamplesX!E"&FC91),IF(ISNUMBER(FD91),INDIRECT("SamplesY!E"&FD91),"")) | F91: =IF(ISNUMBER(FC91),INDIRECT("SamplesX!F"&FC91),IF(ISNUMBER(FD91),INDIRECT("SamplesY!F"&FD91),"")) | G91: =IF(ISNUMBER(FC91),INDIRECT("SamplesX!G"&FC91),IF(ISNUMBER(FD91),INDIRECT("SamplesY!G"&FD91),"")) | H91: =IF(ISNUMBER(FC91),INDIRECT("SamplesX!H"&FC91),IF(ISNUMBER(FD91),INDIRECT("SamplesY!H"&FD91),"")) | I91: =IF(ISNUMBER(FC91),IF(INDEX('Q:\Abteilungsprojekte\eng\EngData\AOS\Allgemein\[LabSamples2026.xlsx]Huettenabwasser'!M:M,FC91)="","",INDEX('Q:\Abteilungsprojekte\eng\EngData\AOS\Allgemein\[LabSamples2026.xlsx]Huettenabwasser'!M:M,FC91)),"") | J91: =IF(ISNUMBER(FC91),IF(INDEX('Q:\Abteilungsprojekte\eng\EngData\AOS\Allgemein\[LabSamples2026.xlsx]Huettenabwasser'!N:N,FC91)="","",INDEX('Q:\Abteilungsprojekte\eng\EngData\AOS\Allgemein\[LabSamples2026.xlsx]Huettenabwasser'!N:N,FC91)),"") | L91: Shimadzu TOC-L | M91: None | P91: Shimadzu TOC-L | Q91: None | T91: Shimadzu TOC-L | U91: None | X91: Shimadzu TOC-L | Y91: None | AC91: None | AG91: None | AJ91: IC Anionen | AK91: None | AO91: None | AR91: IC Anionen | AS91: None | AW91: None | BA91: None | BD91: IC Anionen | BE91: None | BH91: IC Kationen | BI91: None | BM91: None | BP91: IC Kationen | BQ91: None | BT91: IC Kationen | BU91: None | BX91: IC Kationen | BY91: None | CC91: None | CG91: None | CK91: None | CO91: None | CR91: SOP 45-34 | CS91: None | CW91: None | DA91: None | DE91: None | DH91: SOP 45-09 | DI91: None | DL91: SOP 45-09 | DM91: None | DP91: IC Organic Acids | DQ91: None | DT91: IC Organic Acids | DU91: None | DX91: IC Organic Acids | DY91: None | EB91: IC Organic Acids | EC91: None | EF91: IC Organic Acids | EG91: None | EJ91: IC Organic Acids | EK91: None | EN91: IC Organic Acids | EO91: None | ER91: IC Organic Acids | ES91: None | EV91: LC-MS | EW91: None | EZ91: =TEXT(A91,"@") & TEXT(B91,"@") | FA91: =TEXT(SamplesX!A91,"@") & TEXT(SamplesX!B91,"@") | FC91: =MATCH(EZ91,FA1:FA1008,0)
C92: =IF(ISNUMBER(FC92),INDIRECT("SamplesX!C"&FC92),IF(ISNUMBER(FD92),INDIRECT("SamplesY!C"&FD92),"")) | D92: =IF(ISNUMBER(FC92),INDIRECT("SamplesX!D"&FC92),IF(ISNUMBER(FD92),INDIRECT("SamplesY!D"&FD92),"")) | E92: =IF(ISNUMBER(FC92),INDIRECT("SamplesX!E"&FC92),IF(ISNUMBER(FD92),INDIRECT("SamplesY!E"&FD92),"")) | F92: =IF(ISNUMBER(FC92),INDIRECT("SamplesX!F"&FC92),IF(ISNUMBER(FD92),INDIRECT("SamplesY!F"&FD92),"")) | G92: =IF(ISNUMBER(FC92),INDIRECT("SamplesX!G"&FC92),IF(ISNUMBER(FD92),INDIRECT("SamplesY!G"&FD92),"")) | H92: =IF(ISNUMBER(FC92),INDIRECT("SamplesX!H"&FC92),IF(ISNUMBER(FD92),INDIRECT("SamplesY!H"&FD92),"")) | I92: =IF(ISNUMBER(FC92),IF(INDEX('Q:\Abteilungsprojekte\eng\EngData\AOS\Allgemein\[LabSamples2026.xlsx]Huettenabwasser'!M:M,FC92)="","",INDEX('Q:\Abteilungsprojekte\eng\EngData\AOS\Allgemein\[LabSamples2026.xlsx]Huettenabwasser'!M:M,FC92)),"") | J92: =IF(ISNUMBER(FC92),IF(INDEX('Q:\Abteilungsprojekte\eng\EngData\AOS\Allgemein\[LabSamples2026.xlsx]Huettenabwasser'!N:N,FC92)="","",INDEX('Q:\Abteilungsprojekte\eng\EngData\AOS\Allgemein\[LabSamples2026.xlsx]Huettenabwasser'!N:N,FC92)),"") | L92: Shimadzu TOC-L | M92: None | P92: Shimadzu TOC-L | Q92: None | T92: Shimadzu TOC-L | U92: None | X92: Shimadzu TOC-L | Y92: None | AC92: None | AG92: None | AJ92: IC Anionen | AK92: None | AO92: None | AR92: IC Anionen | AS92: None | AW92: None | BA92: None | BD92: IC Anionen | BE92: None | BH92: IC Kationen | BI92: None | BM92: None | BP92: IC Kationen | BQ92: None | BT92: IC Kationen | BU92: None | BX92: IC Kationen | BY92: None | CC92: None | CG92: None | CK92: None | CO92: None | CR92: SOP 45-34 | CS92: None | CW92: None | DA92: None | DE92: None | DH92: SOP 45-09 | DI92: None | DL92: SOP 45-09 | DM92: None | DP92: IC Organic Acids | DQ92: None | DT92: IC Organic Acids | DU92: None | DX92: IC Organic Acids | DY92: None | EB92: IC Organic Acids | EC92: None | EF92: IC Organic Acids | EG92: None | EJ92: IC Organic Acids | EK92: None | EN92: IC Organic Acids | EO92: None | ER92: IC Organic Acids | ES92: None | EV92: LC-MS | EW92: None | EZ92: =TEXT(A92,"@") & TEXT(B92,"@") | FA92: =TEXT(SamplesX!A92,"@") & TEXT(SamplesX!B92,"@") | FC92: =MATCH(EZ92,FA1:FA1008,0)
C93: =IF(ISNUMBER(FC93),INDIRECT("SamplesX!C"&FC93),IF(ISNUMBER(FD93),INDIRECT("SamplesY!C"&FD93),"")) | D93: =IF(ISNUMBER(FC93),INDIRECT("SamplesX!D"&FC93),IF(ISNUMBER(FD93),INDIRECT("SamplesY!D"&FD93),"")) | E93: =IF(ISNUMBER(FC93),INDIRECT("SamplesX!E"&FC93),IF(ISNUMBER(FD93),INDIRECT("SamplesY!E"&FD93),"")) | F93: =IF(ISNUMBER(FC93),INDIRECT("SamplesX!F"&FC93),IF(ISNUMBER(FD93),INDIRECT("SamplesY!F"&FD93),"")) | G93: =IF(ISNUMBER(FC93),INDIRECT("SamplesX!G"&FC93),IF(ISNUMBER(FD93),INDIRECT("SamplesY!G"&FD93),"")) | H93: =IF(ISNUMBER(FC93),INDIRECT("SamplesX!H"&FC93),IF(ISNUMBER(FD93),INDIRECT("SamplesY!H"&FD93),"")) | I93: =IF(ISNUMBER(FC93),IF(INDEX('Q:\Abteilungsprojekte\eng\EngData\AOS\Allgemein\[LabSamples2026.xlsx]Huettenabwasser'!M:M,FC93)="","",INDEX('Q:\Abteilungsprojekte\eng\EngData\AOS\Allgemein\[LabSamples2026.xlsx]Huettenabwasser'!M:M,FC93)),"") | J93: =IF(ISNUMBER(FC93),IF(INDEX('Q:\Abteilungsprojekte\eng\EngData\AOS\Allgemein\[LabSamples2026.xlsx]Huettenabwasser'!N:N,FC93)="","",INDEX('Q:\Abteilungsprojekte\eng\EngData\AOS\Allgemein\[LabSamples2026.xlsx]Huettenabwasser'!N:N,FC93)),"") | L93: Shimadzu TOC-L | M93: None | P93: Shimadzu TOC-L | Q93: None | T93: Shimadzu TOC-L | U93: None | X93: Shimadzu TOC-L | Y93: None | AC93: None | AG93: None | AJ93: IC Anionen | AK93: None | AO93: None | AR93: IC Anionen | AS93: None | AW93: None | BA93: None | BD93: IC Anionen | BE93: None | BH93: IC Kationen | BI93: None | BM93: None | BP93: IC Kationen | BQ93: None | BT93: IC Kationen | BU93: None | BX93: IC Kationen | BY93: None | CC93: None | CG93: None | CK93: None | CO93: None | CR93: SOP 45-34 | CS93: None | CW93: None | DA93: None | DE93: None | DH93: SOP 45-09 | DI93: None | DL93: SOP 45-09 | DM93: None | DP93: IC Organic Acids | DQ93: None | DT93: IC Organic Acids | DU93: None | DX93: IC Organic Acids | DY93: None | EB93: IC Organic Acids | EC93: None | EF93: IC Organic Acids | EG93: None | EJ93: IC Organic Acids | EK93: None | EN93: IC Organic Acids | EO93: None | ER93: IC Organic Acids | ES93: None | EV93: LC-MS | EW93: None | EZ93: =TEXT(A93,"@") & TEXT(B93,"@") | FA93: =TEXT(SamplesX!A93,"@") & TEXT(SamplesX!B93,"@") | FC93: =MATCH(EZ93,FA1:FA1008,0)
C94: =IF(ISNUMBER(FC94),INDIRECT("SamplesX!C"&FC94),IF(ISNUMBER(FD94),INDIRECT("SamplesY!C"&FD94),"")) | D94: =IF(ISNUMBER(FC94),INDIRECT("SamplesX!D"&FC94),IF(ISNUMBER(FD94),INDIRECT("SamplesY!D"&FD94),"")) | E94: =IF(ISNUMBER(FC94),INDIRECT("SamplesX!E"&FC94),IF(ISNUMBER(FD94),INDIRECT("SamplesY!E"&FD94),"")) | F94: =IF(ISNUMBER(FC94),INDIRECT("SamplesX!F"&FC94),IF(ISNUMBER(FD94),INDIRECT("SamplesY!F"&FD94),"")) | G94: =IF(ISNUMBER(FC94),INDIRECT("SamplesX!G"&FC94),IF(ISNUMBER(FD94),INDIRECT("SamplesY!G"&FD94),"")) | H94: =IF(ISNUMBER(FC94),INDIRECT("SamplesX!H"&FC94),IF(ISNUMBER(FD94),INDIRECT("SamplesY!H"&FD94),"")) | I94: =IF(ISNUMBER(FC94),IF(INDEX('Q:\Abteilungsprojekte\eng\EngData\AOS\Allgemein\[LabSamples2026.xlsx]Huettenabwasser'!M:M,FC94)="","",INDEX('Q:\Abteilungsprojekte\eng\EngData\AOS\Allgemein\[LabSamples2026.xlsx]Huettenabwasser'!M:M,FC94)),"") | J94: =IF(ISNUMBER(FC94),IF(INDEX('Q:\Abteilungsprojekte\eng\EngData\AOS\Allgemein\[LabSamples2026.xlsx]Huettenabwasser'!N:N,FC94)="","",INDEX('Q:\Abteilungsprojekte\eng\EngData\AOS\Allgemein\[LabSamples2026.xlsx]Huettenabwasser'!N:N,FC94)),"") | L94: Shimadzu TOC-L | M94: None | P94: Shimadzu TOC-L | Q94: None | T94: Shimadzu TOC-L | U94: None | X94: Shimadzu TOC-L | Y94: None | AC94: None | AG94: None | AJ94: IC Anionen | AK94: None | AO94: None | AR94: IC Anionen | AS94: None | AW94: None | BA94: None | BD94: IC Anionen | BE94: None | BH94: IC Kationen | BI94: None | BM94: None | BP94: IC Kationen | BQ94: None | BT94: IC Kationen | BU94: None | BX94: IC Kationen | BY94: None | CC94: None | CG94: None | CK94: None | CO94: None | CR94: SOP 45-34 | CS94: None | CW94: None | DA94: None | DE94: None | DH94: SOP 45-09 | DI94: None | DL94: SOP 45-09 | DM94: None | DP94: IC Organic Acids | DQ94: None | DT94: IC Organic Acids | DU94: None | DX94: IC Organic Acids | DY94: None | EB94: IC Organic Acids | EC94: None | EF94: IC Organic Acids | EG94: None | EJ94: IC Organic Acids | EK94: None | EN94: IC Organic Acids | EO94: None | ER94: IC Organic Acids | ES94: None | EV94: LC-MS | EW94: None | EZ94: =TEXT(A94,"@") & TEXT(B94,"@") | FA94: =TEXT(SamplesX!A94,"@") & TEXT(SamplesX!B94,"@") | FC94: =MATCH(EZ94,FA1:FA1008,0)
C95: =IF(ISNUMBER(FC95),INDIRECT("SamplesX!C"&FC95),IF(ISNUMBER(FD95),INDIRECT("SamplesY!C"&FD95),"")) | D95: =IF(ISNUMBER(FC95),INDIRECT("SamplesX!D"&FC95),IF(ISNUMBER(FD95),INDIRECT("SamplesY!D"&FD95),"")) | E95: =IF(ISNUMBER(FC95),INDIRECT("SamplesX!E"&FC95),IF(ISNUMBER(FD95),INDIRECT("SamplesY!E"&FD95),"")) | F95: =IF(ISNUMBER(FC95),INDIRECT("SamplesX!F"&FC95),IF(ISNUMBER(FD95),INDIRECT("SamplesY!F"&FD95),"")) | G95: =IF(ISNUMBER(FC95),INDIRECT("SamplesX!G"&FC95),IF(ISNUMBER(FD95),INDIRECT("SamplesY!G"&FD95),"")) | H95: =IF(ISNUMBER(FC95),INDIRECT("SamplesX!H"&FC95),IF(ISNUMBER(FD95),INDIRECT("SamplesY!H"&FD95),"")) | I95: =IF(ISNUMBER(FC95),IF(INDEX('Q:\Abteilungsprojekte\eng\EngData\AOS\Allgemein\[LabSamples2026.xlsx]Huettenabwasser'!M:M,FC95)="","",INDEX('Q:\Abteilungsprojekte\eng\EngData\AOS\Allgemein\[LabSamples2026.xlsx]Huettenabwasser'!M:M,FC95)),"") | J95: =IF(ISNUMBER(FC95),IF(INDEX('Q:\Abteilungsprojekte\eng\EngData\AOS\Allgemein\[LabSamples2026.xlsx]Huettenabwasser'!N:N,FC95)="","",INDEX('Q:\Abteilungsprojekte\eng\EngData\AOS\Allgemein\[LabSamples2026.xlsx]Huettenabwasser'!N:N,FC95)),"") | L95: Shimadzu TOC-L | M95: None | P95: Shimadzu TOC-L | Q95: None | T95: Shimadzu TOC-L | U95: None | X95: Shimadzu TOC-L | Y95: None | AC95: None | AG95: None | AJ95: IC Anionen | AK95: None | AO95: None | AR95: IC Anionen | AS95: None | AW95: None | BA95: None | BD95: IC Anionen | BE95: None | BH95: IC Kationen | BI95: None | BM95: None | BP95: IC Kationen | BQ95: None | BT95: IC Kationen | BU95: None | BX95: IC Kationen | BY95: None | CC95: None | CG95: None | CK95: None | CO95: None | CR95: SOP 45-34 | CS95: None | CW95: None | DA95: None | DE95: None | DH95: SOP 45-09 | DI95: None | DL95: SOP 45-09 | DM95: None | DP95: IC Organic Acids | DQ95: None | DT95: IC Organic Acids | DU95: None | DX95: IC Organic Acids | DY95: None | EB95: IC Organic Acids | EC95: None | EF95: IC Organic Acids | EG95: None | EJ95: IC Organic Acids | EK95: None | EN95: IC Organic Acids | EO95: None | ER95: IC Organic Acids | ES95: None | EV95: LC-MS | EW95: None | EZ95: =TEXT(A95,"@") & TEXT(B95,"@") | FA95: =TEXT(SamplesX!A95,"@") & TEXT(SamplesX!B95,"@") | FC95: =MATCH(EZ95,FA1:FA1008,0)
